-- Adminer 4.8.1 MySQL 5.5.5-10.6.18-MariaDB-ubu2204 dump

SET NAMES utf8;
SET time_zone = '+00:00';
SET foreign_key_checks = 0;
SET sql_mode = 'NO_AUTO_VALUE_ON_ZERO';

SET NAMES utf8mb4;

DROP TABLE IF EXISTS `academic_year`;
CREATE TABLE `academic_year` (
  `id` bigint(20) NOT NULL AUTO_INCREMENT,
  `start_date` date NOT NULL,
  `end_date` date NOT NULL,
  `year` varchar(255) NOT NULL,
  `active` tinyint(4) NOT NULL,
  `updated_at` timestamp NOT NULL DEFAULT current_timestamp() ON UPDATE current_timestamp(),
  `created_at` timestamp NOT NULL DEFAULT current_timestamp(),
  `school_id` int(11) DEFAULT NULL,
  PRIMARY KEY (`id`)
) ENGINE=InnoDB DEFAULT CHARSET=utf8mb4 COLLATE=utf8mb4_general_ci;

INSERT INTO `academic_year` (`id`, `start_date`, `end_date`, `year`, `active`, `updated_at`, `created_at`, `school_id`) VALUES
(1,	'2024-01-27',	'2024-07-31',	'2024',	0,	'2024-08-12 08:31:55',	'2024-07-27 11:09:50',	8),
(2,	'2024-05-16',	'2025-04-30',	'2024-25',	1,	'2024-08-12 08:32:04',	'2024-08-01 08:09:44',	8),
(3,	'2024-08-01',	'2024-12-29',	'2024',	1,	'2024-08-29 08:49:24',	'2024-08-29 08:49:24',	1),
(4,	'2024-08-01',	'2025-05-31',	'Academic Session 2024-25',	1,	'2024-09-19 09:58:45',	'2024-09-19 09:58:45',	9);

DROP TABLE IF EXISTS `activity`;
CREATE TABLE `activity` (
  `id` bigint(20) NOT NULL AUTO_INCREMENT,
  `tid` bigint(20) NOT NULL,
  `class_id` bigint(20) NOT NULL,
  `section_id` bigint(20) NOT NULL,
  `school_id` bigint(20) NOT NULL,
  `data` longtext NOT NULL,
  `added_on` timestamp NOT NULL DEFAULT current_timestamp(),
  `title` varchar(255) NOT NULL,
  `type` varchar(255) NOT NULL,
  `updated_at` timestamp NOT NULL DEFAULT current_timestamp() ON UPDATE current_timestamp(),
  `created_at` timestamp NOT NULL DEFAULT current_timestamp(),
  `course_id` bigint(20) DEFAULT NULL,
  `topic_id` bigint(20) DEFAULT NULL,
  `deadline` timestamp NOT NULL DEFAULT current_timestamp(),
  `total_marks` int(11) DEFAULT NULL,
  PRIMARY KEY (`id`),
  KEY `activity_tid_teachers_id` (`tid`),
  KEY `activity_school_id_school_id` (`school_id`),
  CONSTRAINT `activity_school_id_school_id` FOREIGN KEY (`school_id`) REFERENCES `school` (`id`),
  CONSTRAINT `activity_tid_teachers_id` FOREIGN KEY (`tid`) REFERENCES `teachers` (`id`)
) ENGINE=InnoDB DEFAULT CHARSET=latin1 COLLATE=latin1_swedish_ci;

INSERT INTO `activity` (`id`, `tid`, `class_id`, `section_id`, `school_id`, `data`, `added_on`, `title`, `type`, `updated_at`, `created_at`, `course_id`, `topic_id`, `deadline`, `total_marks`) VALUES
(143,	32,	35,	1,	8,	'{\"type\":\"match\",\"theme\":true,\"bg\":\"theme2.png\",\"columnleft\":\"[\\\"We like to drink\\\",\\\"Helpful to\\\",\\\"Kindness to\\\",\\\"I like to eat\\\"]\",\"columnright\":\"[\\\"Milk\\\",\\\"Others\\\",\\\"animals\\\",\\\"an apple\\\"]\"}',	'2024-09-30 11:44:58',	'True and False',	'match',	'2024-09-30 11:44:58',	'2024-09-30 11:44:58',	31,	40,	'2024-10-05 23:59:00',	10),
(144,	36,	37,	1,	8,	'{\"type\":\"truefalse\",\"theme\":true,\"bg\":null,\"questions\":\"[{\\\"category\\\":\\\"history\\\",\\\"question\\\":\\\"testing1\\\",\\\"answer\\\":false},{\\\"category\\\":\\\"history\\\",\\\"question\\\":\\\"testing\\\",\\\"answer\\\":true}]\"}',	'2024-10-01 06:06:11',	'testing',	'truefalse',	'2024-10-01 06:06:11',	'2024-10-01 06:06:11',	41,	42,	'2024-10-01 10:57:00',	10),
(145,	36,	37,	1,	8,	'{\"type\":\"parts\",\"theme\":true,\"typeTheme\":\"2\",\"bg\":\"theme2.png\",\"dropImage\":\"data:image/png;base64,iVBORw0KGgoAAAANSUhEUgAAANQAAACUCAMAAADcWPdGAAAAMFBMVEXk5ueutLfn6eqrsbTq7O23vL/M0NLGyszf4eLb3t/Y29yzuLvDx8m+w8WorrHU19lv9pXFAAAFDklEQVR4nO2d2XbjIAxAjVjNYv7/b0c4aeJ00sYGEeSc3rcuD75HIBaDPE1/1AAwOW9WsneAP54eZ1JYtoho5tEPVQ9GxFsUkuIRuSzBejf68WrANme0XMRzFqkxXqdriLMJ8nuMHuOF4TqVFqDST0Haapn5NFYwGf1fT3qupc1JggVzFHuUVi0ZvRr9wDtQWe9VWrWC4W8FZneYrlbCjn7mV8D+pncn8e5YkA4blWCxtoJ0PEzsY1XrxDhW2J+qkZGnlLL1TmhlOVpBrsh7Gylp+FnBfGjMfWKlPT+r2OZUuhW3NRaYVie0MqMtHmlufKtUYLbOty+XT3useM0CPYFSwY8W2WLbG19BxtEiG2YSpWLFqFc1p/ObVBqtcsNROaEVm7HKUKS+CwubKWAgc8JQMZHydIHCUOXROhdIBt4biUWogFIJQ8Vix8yRBkosLIYqwty3SlkGoVKa1EmIwEGK2IlFpwLa1odSDCYVpKPUKpWHJ3UgzhNlqTi8/SmyGfqNNF6KOvkJoT9RanxOV5RT9CvDEwX5MMVh9fEn9Sc1UuojE8VHpvSPHHyrDhkwl6J4MfWIjMOlpky+9GDw8pd434XHzosilxofqA4D1fguNQHxKlGOXyNO5JsUDLYoCsRSo3VWqs/DPWf8JGmFdKRic0KEMlI8Wt9E+B675D4WaWIizX9cXiTiTIngYNKVMNrlDlmqWLikiXK5g2qlyChQGCqis0l8AoU4kgFYascl9xUgEzgJwSb1XSE4HMfqYFyB4Lyp1OzuvUFuXixya3yFpgsECK8DtBfANe0AysQq832B3arBSbM6E7xhDtVXjQLDOxFX6k9y89iYeArUnqZl7FSsaubrkmWO2ADiqNYiuV7du6PSMatl/JubHahDL3fkCS5kF5TbP2CF+RxOpaqLCbsuKAZzpoovyln9QksKHblnve8Aav1cOwT/oC27lcZrAJyJGK7/xYpRNO5MLe8OPrU3Ma1id0RI0fjpnEoroNZCUDampLVOKVpj8nxmoyulppVzs/d+dpefzg9aqC1ntioqMGF8MrY+a+MVa03Ofi4NU51KDp93ctnY0o1CEOFxR6b8ovSvaLPDfz2DGT6lyzZdRV7MKtAuYSJkHTOM0GzS8Z0ybT3TiOFj5VRbkQJHY+O4eeFwZJ4UvTvktQjLyQumHJqEbl4SvUbbrIBPP5bxq/ASHEquGZIgbSjhGuhTii0e3mbZo7WkPI2JF04XLF27e0RKXUbm9yt521RS6LWWefu6eO6qdNFK+Z1aZaneWWnVEti33qQFk0m/Fi4l1ArxPRsZylfPhiqssGv1X38BvKXlbbRE6j3LUO6NYfrS0n13ppWpflfYYtWzpCG0VCVsQ/eqVgsH9v2pkSF3sVKERxVrtHqU6QE/ojttWCJ5bm8sHkljRZ0uzJvmEL9BfShmfJwKaPVxTqSxYtCfvliozjkOz3tbFpoDdCQ1PukgqsHLygmtCOYWHWq4tCFFc7JQ5MV2mpG6UQrcaIUntF7ZVsw61AXZdIyzrQR6P5oaIFl9WWoaGmCHsgxEhOoMCFQVmztQfW0bxi3fX1N5lJjo+lAfauslE9+0JiZUhYrgmk1P6j4EQl2SgZi6j0vwWnE8oWINAmb0Q7+gasOCd+sTNakCPOdBauX4Gph966v6YgvR9x96cjj/0Vyx7szBTnWCLnX8pj3red8XRzsVfS24HhzdhD6F1E+Z4h/hWkravBH6OAAAAABJRU5ErkJggg==\",\"pinpoints\":\"[{\\\"x\\\":244.8671875,\\\"y\\\":296.78515625,\\\"name\\\":\\\"testing\\\"},{\\\"x\\\":203.8671875,\\\"y\\\":227.78515625,\\\"name\\\":\\\"fdsfs\\\"}]\"}',	'2024-10-01 06:15:22',	'testing',	'parts',	'2024-10-01 06:15:22',	'2024-10-01 06:15:22',	41,	42,	'2024-10-01 10:57:00',	10),
(146,	36,	37,	1,	8,	'{\"type\":\"match\",\"theme\":true,\"bg\":\"theme10.jpg\",\"columnleft\":\"[\\\"testing1\\\",\\\"testing2\\\",\\\"testing3\\\"]\",\"columnright\":\"[\\\"testing2\\\",\\\"testing3\\\",\\\"testing1\\\"]\"}',	'2024-10-01 06:21:15',	'testing',	'match',	'2024-10-01 06:21:15',	'2024-10-01 06:21:15',	41,	42,	'2024-10-01 10:57:00',	10),
(147,	36,	37,	1,	8,	'{\"type\":\"match\",\"theme\":true,\"bg\":\"theme3.jpg\",\"columnleft\":\"[\\\"testing1\\\",\\\"testing2\\\",\\\"testing3\\\"]\",\"columnright\":\"[\\\"testing2\\\",\\\"testing3\\\",\\\"testing1\\\"]\"}',	'2024-10-01 06:25:26',	'testing',	'match',	'2024-10-01 06:25:26',	'2024-10-01 06:25:26',	41,	42,	'2024-10-01 10:57:00',	10),
(148,	35,	44,	1,	8,	'{\"type\":\"blanks\",\"theme\":true,\"bg\":\"My name is  ________________\",\"drop\":\"<div class=\\\"item dragdrop\\\" sid=\\\"Paragraph\\\">Paragraph</div> <div class=\\\"item dragdrop\\\" sid=\\\"Paragraph1\\\">Paragraph1</div> <div class=\\\"item dragdrop\\\" sid=\\\"Paragraph2\\\">Paragraph2</div> <div class=\\\"item dragdrop\\\" sid=\\\"Paragraph3\\\">Paragraph3</div>\",\"drag\":\"<div class=\\\"drop\\\" target=\\\"Paragraph3\\\"></div>\"}',	'2024-10-01 08:04:00',	'testing',	'blanks',	'2024-10-01 08:04:00',	'2024-10-01 08:04:00',	41,	45,	'2024-10-01 13:00:00',	100),
(149,	35,	44,	1,	8,	'{\"type\":\"match\",\"theme\":true,\"bg\":\"My name is  ________________\",\"columnleft\":\"[\\\"2\\\",\\\"4\\\",\\\"3\\\"]\",\"columnright\":\"[\\\"2\\\",\\\"5\\\",\\\"1\\\"]\"}',	'2024-10-01 09:06:30',	'Testing',	'match',	'2024-10-01 09:06:30',	'2024-10-01 09:06:30',	41,	45,	'2024-10-01 14:04:00',	100),
(150,	32,	35,	1,	8,	'{\"type\":\"blanks\",\"theme\":true,\"bg\":\"theme9.jpg\",\"drop\":\"<div class=\\\"item dragdrop\\\" sid=\\\"PayFast\\\">PayFast</div> <div class=\\\"item dragdrop\\\" sid=\\\"gateway\\\">gateway</div> <div class=\\\"item dragdrop\\\" sid=\\\"digital\\\">digital</div>\",\"drag\":\"A dynamic platform for your business to accept <div class=\\\"drop\\\" target=\\\"digital\\\"></div> payments through payment <div class=\\\"drop\\\" target=\\\"gateway\\\"></div>, payment links and more. Use <div class=\\\"drop\\\" target=\\\"PayFast\\\"></div> and experience the new era of payments.\"}',	'2024-10-01 10:59:00',	'Test Assignment Needed To Be Deleted',	'blanks',	'2024-10-01 10:59:00',	'2024-10-01 10:59:00',	31,	38,	'2024-10-01 15:58:00',	5),
(151,	32,	35,	1,	8,	'{\"type\":\"blanks\",\"theme\":true,\"bg\":\"Background_fill_in_the_blanks.svg\",\"drop\":\"<div class=\\\"item dragdrop\\\" sid=\\\"fox\\\">fox</div> <div class=\\\"item dragdrop\\\" sid=\\\"prog\\\">prog</div> <div class=\\\"item dragdrop\\\" sid=\\\"quiz\\\">quiz</div>\",\"drag\":\"The quick, brown <div class=\\\"drop\\\" target=\\\"fox\\\"></div> jumps over a lazy dog. DJs flock by when MTV ax <div class=\\\"drop\\\" target=\\\"quiz\\\"></div> <div class=\\\"drop\\\" target=\\\"prog\\\"></div>. Junk MTV quiz graced by fox whelps. Bawds jog, flick quartz, vex nymphs. \"}',	'2024-10-01 11:12:02',	'demo',	'blanks',	'2024-10-01 11:12:02',	'2024-10-01 11:12:02',	31,	38,	'2024-10-10 16:11:00',	10),
(152,	32,	35,	1,	8,	'{\"type\":\"blanks\",\"theme\":true,\"bg\":\"theme2.png\",\"drop\":\"<div class=\\\"item dragdrop\\\" sid=\\\"world\\\">world</div> <div class=\\\"item dragdrop\\\" sid=\\\"tech\\\">tech</div> <div class=\\\"item dragdrop\\\" sid=\\\"nine\\\">nine</div>\",\"drag\":\"hello <div class=\\\"drop\\\" target=\\\"world\\\"></div>, my name is <div class=\\\"drop\\\" target=\\\"tech\\\"></div>. class in <div class=\\\"drop\\\" target=\\\"nine\\\"></div>\"}',	'2024-10-02 09:37:14',	'qwe',	'blanks',	'2024-10-02 09:37:14',	'2024-10-02 09:37:14',	31,	40,	'2024-10-03 14:36:00',	12),
(153,	57,	67,	1,	10,	'{\"type\":\"blanks\",\"theme\":true,\"bg\":\"This is a \",\"drop\":\"<div class=\\\"item dragdrop\\\" sid=\\\"Paragraph\\\">Paragraph</div>\",\"drag\":\"This is  a <div class=\\\"drop\\\" target=\\\"Paragraph\\\"></div>\"}',	'2024-10-04 10:57:13',	'Fill In The Blanks',	'blanks',	'2024-10-04 10:57:13',	'2024-10-04 10:57:13',	60,	48,	'2024-10-04 15:54:00',	100),
(154,	56,	68,	1,	10,	'{\"type\":\"blanks\",\"theme\":true,\"bg\":\"Background_fill_in_the_blanks.svg\",\"drop\":\"<div class=\\\"item dragdrop\\\" sid=\\\"testing\\\">testing</div> <div class=\\\"item dragdrop\\\" sid=\\\"testing\\\">testing</div>\",\"drag\":\"The <div class=\\\"drop\\\" target=\\\"<div class=\\\"drop\\\" target=\\\"testing\\\"></div>\\\"></div> Portal\"}',	'2024-10-04 11:00:15',	'Fill the blanks',	'blanks',	'2024-10-04 11:00:15',	'2024-10-04 11:00:15',	59,	49,	'2024-10-05 15:56:00',	10),
(155,	57,	67,	1,	10,	'{\"type\":\"match\",\"theme\":true,\"bg\":\"match the Column\",\"columnleft\":\"[\\\"1\\\",\\\"4\\\",\\\"5\\\",\\\"7\\\"]\",\"columnright\":\"[\\\"3\\\",\\\"2\\\",\\\"8\\\",\\\"6\\\"]\"}',	'2024-10-04 11:01:11',	'Match The Column',	'match',	'2024-10-04 11:01:11',	'2024-10-04 11:01:11',	60,	48,	'2024-10-04 15:58:00',	100),
(156,	57,	67,	1,	10,	'{\"type\":\"match\",\"theme\":true,\"bg\":\"match the Column\",\"columnleft\":\"[\\\"1\\\",\\\"4\\\",\\\"5\\\",\\\"7\\\"]\",\"columnright\":\"[\\\"3\\\",\\\"2\\\",\\\"8\\\",\\\"6\\\"]\"}',	'2024-10-04 11:01:49',	'Match The Column',	'match',	'2024-10-04 11:01:49',	'2024-10-04 11:01:49',	60,	48,	'2024-10-04 15:58:00',	100),
(157,	56,	68,	1,	10,	'{\"type\":\"match\",\"theme\":true,\"bg\":\"Background_fill_in_the_blanks.svg\",\"columnleft\":\"[\\\"demo\\\"]\",\"columnright\":\"[\\\"testing\\\"]\"}',	'2024-10-04 11:02:04',	'Match the column',	'match',	'2024-10-04 11:02:04',	'2024-10-04 11:02:04',	59,	49,	'2024-10-05 04:00:00',	10),
(158,	56,	68,	1,	10,	'{\"type\":\"match\",\"theme\":true,\"bg\":\"Background_fill_in_the_blanks.svg\",\"columnleft\":\"[\\\"demo\\\"]\",\"columnright\":\"[\\\"testing\\\"]\"}',	'2024-10-04 11:02:29',	'Match the column',	'match',	'2024-10-04 11:02:29',	'2024-10-04 11:02:29',	59,	49,	'2024-10-05 04:00:00',	10),
(159,	56,	68,	1,	10,	'{\"type\":\"match\",\"theme\":true,\"bg\":\"Background_fill_in_the_blanks.svg\",\"columnleft\":\"[\\\"demo\\\",\\\"demo\\\",\\\"\\\",\\\"1\\\",\\\"3\\\"]\",\"columnright\":\"[\\\"testing\\\",\\\"testing\\\",\\\"\\\",\\\"2\\\",\\\"4\\\"]\"}',	'2024-10-04 11:02:53',	'Match the column',	'match',	'2024-10-04 11:02:53',	'2024-10-04 11:02:53',	59,	49,	'2024-10-05 04:00:00',	10),
(160,	56,	68,	1,	10,	'{\"type\":\"crossword\",\"wordsjson\":\"[{\\\"word\\\":\\\"\\\\\\\"Welcome t\\\",\\\"hintType\\\":\\\"text\\\",\\\"hint\\\":\\\"Explore the features of this page.\\\"},{\\\"word\\\":\\\"Click here\\\",\\\"hintType\\\":\\\"text\\\",\\\"hint\\\":\\\"Click here to get started.\\\"}]\"}',	'2024-10-04 11:05:28',	'crossword',	'crossword',	'2024-10-04 11:05:28',	'2024-10-04 11:05:28',	59,	49,	'2024-10-05 04:03:00',	20),
(161,	57,	67,	1,	10,	'{\"type\":\"parts\",\"theme\":true,\"typeTheme\":\"2\",\"bg\":\"Background_fill_in_the_blanks.svg\",\"dropImage\":\"data:image/png;base64,/9j/4AAQSkZJRgABAQAAAQABAAD/2wBDAAUFBQUFBQUGBgUICAcICAsKCQkKCxEMDQwNDBEaEBMQEBMQGhcbFhUWGxcpIBwcICkvJyUnLzkzMzlHREddXX3/wgALCAFoAWgBASEA/8QAHQABAQADAQEBAQEAAAAAAAAAAAUHCAkGBAMBAv/aAAgBAQAAAADbAtkQtkQtkQtkQtkQtkQtkQFsiFsiFsiFsiFsiFsiFsiAtkQtkQtkQtkQtkQtkQtkQtkQtkQtkQtkQtkQtkQtkQtgiFsiFsiFsiFsiFsiFsiFsEQtkQtkQtnlccZE9aRC2RC2RC2RC2RC2RC2YtwnhLEU/wC3LWbc25XIhbIhbIgLZELZEfDjfBWCvB/wD++3zrnTJlBbIhbIgLZELf8APFa9YSw/PB7XLsjHvkfkH3ZdzbsN7pELZELZELZB111Zxz+YDYbGPtP3pfT8h+OPvDZB2h2UvkQtgiFsiHx4MwVg+MH0ZK897v0L5SV7jcSmWyIWwRC2RC2laYWIOHMb/wCA/wB5DzJ6KXtzoh0WiFsiFsiFsiFsiPO8pHosy5D/AM48xJlXI/6+Bwx5l1E0z6C2yIWyIC2RC2RHneUgftlTLeKcT/gHUTTPoLbIhbIgLZELZEed5SAAHUTTPoLbIhbIhbIhbIhbQ+Q3+AAP71k0c6LRC2RC2CIWyIWzkFmPLPwQYHlpFb1F+/8AfjHAfWLnx0xiFsiFsEQtkQtnHXcfai2RC2RNaNHOvWlO+MQtkQtkQtkQtkR/OSu5+28QtkQt6u6HdUtGehlsiFsiAtkQtkQ5XbL7qxC2RC3p1qN0C0P6o2yIWyIC2RC2RDnn/vpJELZELfO7ynR35vttkQtkQtkQtkQtmmWoXVb2hELZ5TlVtDu+RC2RC2CIWyIWzHXLbbrdQiFs090v6f5TIhbIhbBELZELZE0m1t6h5DRC28Ny4zzvZbIhbIhbIhbIhbIhbmcwIvQzItsieD55/r1CuRC2RC2RAWyIWyIW3lOavidltk/XeV1x1k9T0n9uiFsiFsiAtkQtkQtnlNS9Y4RZ2W259gRC2RC2RC2RC2RC3jnBuPvx+rc/03z4g8/ey/8ATq1iZ+3v835KilsiFsEQtkR4vSnB3+R6bdHZP4iLpFryH9zRuv71bIhbBELZExZzwiAKmSbvlsafiArdCMv2yIWyIWyIfLyy8yAAAF3qbTLZEBbIhpLq4AAABsfvcWyIC2RE3lLOAAAA+nqvdWyIWyIW2GuZgAAAB0hzuiFsEQttc+eYAAABvvtCiFsEQttcOewAAABvntKiFsiFsiNedCAAAADeHZxbIgLZEa86EAAAAG8Ozi2RAWyI150IAAAAN4dnFsiFsiFt4XXorEkrEkrEkrEkzxkdELYIhbIhbIhbIhbIhbIhbIhbBELZELZELZELZELZELZELZELZELZELZELZELZELZELZEBbIhbIhbIhbIhbIhbIhbIgLZELZELZELZELZELZELZEP/8QALxAAAQIGAgADBwQDAAAAAAAABgUHAAECAwQIGEAgMDcQERUXMTZQEhQWcBMhJf/aAAgBAQABBQD+9lBVTEmzU9rZU56aspKzZ/DTnKULzkA4zC/s+g40L7/OMtwoKikrX4wlHPTL6A/TjIcIG0CPfhAc4EJYlOVUu/nqacl2SHYdskKRFtaQ5cyFzTwonP3z8kecc5Fpj+1ZRiwO7GNotwnKyWr2ex9IIHIBBaS/s8PYsL+wLiLUKCqpq1/xAwMtH61NrGht3VXXJyMOvPbQ+TIycHNw6vBgqKgmXkB/XFQ4QNoETIgec8AKZSnKcuncpqqoPmncUiggaVwh2ddFduvyGQrtKSRcbc7tqM2yeoeiRy/QxOxsi4VEfOwQU5/yDX5Vn/FWGVY+SSIoxl63OTapIGzPBbHppqrqQGqPySYE0TkD8WaK7drqrwQHlFBDq0FqEEWs7iI8Kw+uIV3w2L9/FvUvO5tGHhuAcYFzA2DdTAlTsQoZlHzIZZVl+312VY+VzZqcV66lWTavM+9A7NhTMpXTNBAQsYp7RFmXkofSdmLGZZ/a65n8LOsmRctkTQuKMTroqt1eGmmqqoeadwiiEXWPPlR8L11AIVNlsBOsiytkr4Vrt6wdsw+0/YiFhMN3UDZI4TIpdtmjeV5kGvMLZFrU4qNFYQYUKA9rc5C1FhiW3E7U3TZMGkv7KGqjC4YlJLc9gB6dsF6r9sw+0/DavXce4Ove5Y1FG2JDSnkT6OYRyv5F/Ku+EA9O2C9V+2YfafngHp2wXqv2ynHu5YrVTVRV5wJj3sRutdvWDuEl79wRMw1SI4uJf1aQJxk6k5EZOp5hRGTrA51mMlh3Qxo+T7mfrxmIdDJjH1ic67GPqgY1xjakZcWNWUKUPI0iE3aMn3P8OcYEuMLCLFLmOkur26vopz96jqzL/heXtBKUw2j/AFXmJSeRjOvouMZ7lducK9E7atqXdl8F8vbGumgQs0zrvLihSiCGvytPBczuHeFUnGuo+fKhW8vbXPlKwOYlWeQPspfC2xB1KtGMe5sOjTSHS12XZIrneXswuUKrjMajzWnQu2bN+n4anS7u0I7O7hJufkJagOrWKRIfkqynioyYvK99eWtXh2c7/eNxqyXiuZiZGBla1HVE7Xk7JHVGEm2bVy/dbgVpDA7v7Gt/UmqiUp5qKoti4iY4w343DO0tvB1dWlAiVteQCteXvwC2jpxAkOW3aq3JCHmC0ELLfuYOuDgeE6cQdAE43OFs9WQAFVnAIRwdSxRE/AmgUhHiEftuvt+o4OfmpmUH7LrCfQjP41qzRJy26nbV34a1HoL9mVHMoU1NQWMwGACA+UwICQ29RPwaolJq3gnOtV+itbGl8cyPakIC2v5ANrXnZFaMiJI8n98odhvw+axtikWp3toyidXKEvjD2iJJZQkYjxqkRlYeJnWVJnW1VKuPbXzqTmabRMqw8DATbM5ypk5WyGINKfKEvjlCXxa2iKaakfbNMrmKPE3hbV9ewanw4Bp5+/Rka1znOc/AMFpAHKYHs6PKlCcrJSzie0tcQOCLDmv+vmlPh+kAL5moNWCuMNn+F1XRc5NbtKXyBXJlPyE1ZVka+nPk5ybLkc5XuWHlchbovX72Rd8hGWVJAUWndXBcNO6ZgUpoWNlhQqmK71x0gVBZaAjNOPBbpbNnFauSdnW05qHS/orClZRklVUslYU+ziZV/CyhhZtkQ70H/U5pjV9vW9Tmotd0NoK50tt29UrvvCuhtF6ddvVD7O6Gy/p/29XftPobL+n/AG9XftPobL+n/b1d+0+g4wBguOgcWhyOLQ5HFocjiQOxxIHY4kDscWhyOLQ5HFocjiQOxxIHY4kDscWhyOLQ5HFocjiQOxxIHY4kDscWhyOLQ5HFocjiQOxxIHY4kDscWhyOLQ5HFochtG3wGzS/7p//xABNEAABAwICAgoMCwYGAwAAAAABAgMEAAUGERIxEyE2QEFRcZGTshQgIiMwUmF1gZKiswcVJDJCUFNyc7HREBYzNUPSVGNwgqGjJTTB/9oACAEBAAY/AP8AXYv3C4R4rQG2t91LY9rKhBOKGSr7UIWWfXAoP225xpbR1LYdS4PZz+pzShc8SQ23E62UL2V31UZmlt2KxSZi+B2QQw3S0M3Fq2snUiG2En11ZmjIuNwkSnla3H3FOK51E/sS/BnPxnhqcZcU2rnTlSEOXVFxZH0JiAv2xkqkN36wPxVcLsVYeRSBbsSRC6oDJl1Wwueq5lQIIy+oFPz57EVka3HnEtp9rKnEMXJ66Pj6EJGaPXVkKWiwWCLBRqS7JJfcpYuuJ5rrR/ooXsTXqN5DwSfijE01hsamS4XGvUXmKQ1f7JEuDfC6ySw5SES50i1PHWiW33HSIpL9uuMaW0RtLYdS4PZz30r43xPDadAObCFh131EZmlt2KySpq+B18hhuloYnM2xk6kRG8leurM0p+43CRKdOtb7inFc6u3TarShAIQXH33Tk2w2Na1mvix74YWxdM9ArDGcYL8qqWbfDi3SNrafiyEd2nkWRRMrCFzSBwoYU4OdGdaMqG8yricbUg/8gdql+BOfjOg7S2XFNq500hDtzbuLI+hMQFn1xkaQ3frDJhq4Xoyg8im02vFENbqh/BdXsLvqOZGsxtjei0pWUKIOShwHjAOY2qeXC+Eh99k6ocgGMjnYpa5uHJLrQ1vxvlCPYpSFoKVA5FKhkRy5+B+EPC8aWiLeLvbgILijo6ZQFZor4uOE7j2Tp6OQYUUeherKgYlvuaAP8FKz92uspM6/tBPBLjqdHO6k0G7nFtNxA1iVDr/z3wO2N8nWuNkyepXyvBt3tiuOM9pjr1nB+EC429R1JlsZjqCs7H8Kdhl8SHVBpXWVRchNW64I440tP5LCaXKvGGJkeMg5Kf0QtscqkZgUEpSSonaAptUDDcoNK1PvjYG+dzKmVy/hGehMjXDjZyUf93c02hbpdWEgKcUACogbZISAATvZQvOG4MtRGQdU0A564yNLcsl0mWx3gQr5Q1TjlvRFuzKeGO5oOelDlFm62iVDWOB9pSPz7Zp9h5bTragpDiFFKkkcIIrsQYsk6GWWmUoLnr5Z0pyNi26IUSSflK1Ak+QmgDiFMpPFJYbXWhfsCYcuY4SqNoKrK7/A+IyjrXAkaH9ldxNv9oWeMbKke8ofE3wuwkk6kTGg3+ZTRfst+st0Z8dl+lLjWiekIBOnClA+7XRwxfLxJuVqmwZKH4sxZfHcJpIs+GoMVf2obC3fStWZ33fbgwE7PFgSH2goZpCm0FQ0qEXFWEmZDR2lrjkEdE7XenWrPNc8phHP3dGThnFLEto7aESRl7bdOGfhiUtlGt+MBIb5286KVpKVA7YIyI7YJSCSTqFIVbcLy9hV/XfTsDfO5lQfxJiWNDaG2tEcaftryFfK5TV3mI4CszDzIyRRiYTwe0w0NpC38m0dEzVkuszQEiZbG5DgQMkhbiMzlUL8Gb1N+Yn81y/dH9ods1+mwlcTLqkpPKnUaQi5sRLo1xrRsLvOig3ivCoivr1vOMB0dKzkui/g/F4ZWdTSXUyUelJyXS1wWY12ZGoxnAlfqOULcrC9zEz7HsVzSpDkyIxamOOW53fRt0l/GWMQsjW0XExUH810UYXwwJshGp5tgJ53X81UtFpiQ7Y1xgbO7zrorvN/mzM/ouukoHIjUP24V8yx/dCov4M3q78xP5rl+6PbIdZdU2tJzC0KKSOQikIjYleksJ1MzMpCedVFCsKwDO4Hw64GvUpaHsROQ2D/AEYQDA5x3VKdkPrdcUe6W4oqUeUntsK+ZY/uhUX8Gb1d+Yn81y/dHeGFfMsf3QqL+DN6u/MSsMtFbzltlIQkDMkqaIAFFKgQoEgg+Tw+Fo77Sm3m7LHStCtaSGqhfgzepv2/PfaT5Kudwmr+9dJctjsNxhDJjlI+eCTmFA0THxTOR99lC6zi42a5HYn6LrONiK1PcodRR2JFtf8AuScuuBW5wO/hyGjWh+5032cq3ObF+JIaFDZUWxj8SVWcnENpZ6RdZysbMj8KJ+q6BkYqnL+4yhFWabbJkx9ciWpl0vqSRkEZjIJAqE74j7auZWdXe/PtF1qLEK9jTrWpW0lI9JqwyJKDoy3HYoy4FyRojfh5DU88ch3rGsVq45zPU8JYzxXYe6XSD5RSrVc2NkhzYKG3kZ5HRKKxGV7K8bKXHrWFqGRAdLYWvft0bOtMp4H0LNYzZ4RMir50HwmGmvHuvVaVTSBwrA5zV0nEhPYlrccHKhvMVb0LXtTmJEdXKRpjq79xZEIy2K6yx/2GsYQCrbcjR3+jUU+EwXbgdsqlPqqxQ0jMvz47WX33AKvqUnJUosRU8ji6wzcNsBi4x1K+6VgHft8WEZNzkMzEf705GrS2tei3cWXoR5VjNHhFwWl5tWuG1H/3r74qsLNlObcZ8y3ORgFdaDrSHE555KSFDlyNf+hH6JO/cP4iaR/AWqG/yOd2ioM+OopeivtvNniU2oKFWq8RVZszYzbqfIVDbSeQ7R8FPuUtzQjxGHHnFHxUDOrpdpBJdmSXH1eTTVnlWIcRuo2kITCYPtr3/erI7kDKYIaV4rqdtCvQRUmJJbLb7Dim3UHWlaDkQal4OmvZLSVSbfmekb8FHwjCf7/MyfneRkakU0y0grccUEISnbKlK2gBVms+Q2dDWySTxvud0v6gRi6Ax8knEImgakP8C+RdQrlBfLUqK6l1lY4FJpmewpLc5oBE+LwtO/2HwEm7T1BT22iHGz7p906gKn3a4vl2VLdLjiuXgHkGoV+8s5nO32tfeM9Tsn9EfUNwtNyjB+JLaLbqDxH/AOinrbLSpcRwlcKXl3L7X6imLraX9Fae5daJzbeb4ULFByE+GZ6EDsiC4cnEHjHjI7YybnJC5Kkkx4aDm69+ifLTlzuboAGaY8dJ72w34qajWm3oKUbS5UgjNDDQ1rNW+y2tjYosRsISOFR1lSuNSjtn6iftF3jZtk6TL6Rk4y5qC0GlMXBkuw1k9jTUA7G7+iqZmQZTseQ0oKbdaUULSeMEUzFxPbhcWxtdlMZNv+kalUCcRCC6R8yY2pqgv997Ro5f4tFEnEyJaxqbhtqep2Nha1iGg7XZcnJbvoRT064zXZMp05rddUVKNJh2uPkykjsiWsENMpPGabtdrazWrJUmSod8fc41fUj8C5QmpUV0ZLadSFA09NwfLC0a+wJKsiPI25So94tEmG6OB1spB5DqPaJjWm1SZjxPzWWyrLlI1UzMxfKEZnX2CwrNw+Ra6Yt1qgNRIrQyS22MvSeMnhP1Atq6YhYMlOuLH7+76QjVS02fCkl/iXKeDPVC67zh22oHlLqq/kNq5naYM3D8BUXTGyhkrDhT5CTTV0ss1L7R+ejU40vxHE60kfsWxLisyGVDukOthxJ9CgaUt/CcVCzrLBUx7sis/iiRydlu0FNYUjOLHC+VPdcmksQYTEZkDINstpbT6AKJJyAFfFeFY8a5PMqIlSXCSwD4iCmv5DauZ2v5DauZ2u+4dtix5C6mkJvOEX2eNcV8O/8ACwmm2rfiFpqUvVGlZsOejT2jvnsu7y8nFA7BGRtvPEcQp6NGkKtVrOYEaMshax/muUSTmT2qLlYrk7EkDXonNDifFWnUoUzDxXGNsl6jKbBXGWfzRTcq2XKPLjrAIcYdS4n2Se0W7e7yy06ASiKghb6+RAp+2WhC7XZlZgpSrv744nFDt2WDMNytY1w5SirIf5a9aaL9rk6ElCRs8N3IPNfqPKN7A5Jfu0lJ7Di5+2viQKkXS7TVyJTxzKlagOBKRwJHAPAh+2XOTDdB+ew6ps+zQQMRqfTxSGkO1ls9v5exaW2/iZ9lpWtEYBjqAGlvPOrccUc1LWoqUT5SfAxrla5jkaWwoFDiDzg8YPCKLD4QxeoyAZMfgWPtW96XK/XFWTMZHcI4XXNSW0+Ump97uj2nIkrJCfotoGptHEkb4gXi1SCzLiuBaFDUeNKuNJq33yEci6nRfZzzLLydpSDvNnCsV75Hae6kAalyV/2DfXxDKdyt96yQOJElPzDvK53N85NRIzr6+RtOdXC5Sl6T8t9x9w8anFaR31GlsOFDzDiHG1DgUg5g1Zbw3qmRGnuRSk5qG8cRFByMosRelWM9+QGFnNUGZJj+jML3jHTx3djqr35iFriu35tI3jF87MdRe/MSedh7obxi+dWOovfmIfOg90N4xfOrHUXvzEPnQe6G8YvnVjqL35iHzoPdDeLdml3B6I03KRI2RpKVKJQCK3UXHo263UXHo263UXHo263V3Do263V3Do263V3Do263UXHo263UXHo263UXHo263V3Do263V3Do263V3Do263UXHo263UXHo263UXHo263V3Do263V3Do263V3Do263UXHo263UXHo263UXHo263V3Do263V3Do263V3Do263UXHo263UXHo263UXHo26n26Dcn5aJUrZ1LeSlJB0QnLJP+tX//2Q==\",\"pinpoints\":\"[{\\\"x\\\":330.8671875,\\\"y\\\":184.78515625,\\\"name\\\":\\\"haseeb\\\"},{\\\"x\\\":334.8671875,\\\"y\\\":247.78515625,\\\"name\\\":\\\"saleem\\\"}]\"}',	'2024-10-04 11:06:30',	'label The Diagram',	'parts',	'2024-10-04 11:06:30',	'2024-10-04 11:06:30',	60,	48,	'2024-10-04 15:58:00',	100),
(162,	56,	68,	1,	10,	'{\"type\":\"parts\",\"theme\":true,\"typeTheme\":\"1\",\"bg\":\"theme2.png\",\"dropImage\":\"data:image/png;base64,/9j/4AAQSkZJRgABAQAAAQABAAD/2wBDAAUFBQUFBQUGBgUICAcICAsKCQkKCxEMDQwNDBEaEBMQEBMQGhcbFhUWGxcpIBwcICkvJyUnLzkzMzlHREddXX3/wgALCAFoAWgBASEA/8QAHQABAQADAQEBAQEAAAAAAAAAAAUHCAkGBAMBAv/aAAgBAQAAAADbAtkQtkQtkQtkQtkQtkQtkQFsiFsiFsiFsiFsiFsiFsiAtkQtkQtkQtkQtkQtkQtkQtkQtkQtkQtkQtkQtkQtkQtgiFsiFsiFsiFsiFsiFsiFsEQtkQtkQtnlccZE9aRC2RC2RC2RC2RC2RC2YtwnhLEU/wC3LWbc25XIhbIhbIgLZELZEfDjfBWCvB/wD++3zrnTJlBbIhbIgLZELf8APFa9YSw/PB7XLsjHvkfkH3ZdzbsN7pELZELZELZB111Zxz+YDYbGPtP3pfT8h+OPvDZB2h2UvkQtgiFsiHx4MwVg+MH0ZK897v0L5SV7jcSmWyIWwRC2RC2laYWIOHMb/wCA/wB5DzJ6KXtzoh0WiFsiFsiFsiFsiPO8pHosy5D/AM48xJlXI/6+Bwx5l1E0z6C2yIWyIC2RC2RHneUgftlTLeKcT/gHUTTPoLbIhbIgLZELZEed5SAAHUTTPoLbIhbIhbIhbIhbQ+Q3+AAP71k0c6LRC2RC2CIWyIWzkFmPLPwQYHlpFb1F+/8AfjHAfWLnx0xiFsiFsEQtkQtnHXcfai2RC2RNaNHOvWlO+MQtkQtkQtkQtkR/OSu5+28QtkQt6u6HdUtGehlsiFsiAtkQtkQ5XbL7qxC2RC3p1qN0C0P6o2yIWyIC2RC2RDnn/vpJELZELfO7ynR35vttkQtkQtkQtkQtmmWoXVb2hELZ5TlVtDu+RC2RC2CIWyIWzHXLbbrdQiFs090v6f5TIhbIhbBELZELZE0m1t6h5DRC28Ny4zzvZbIhbIhbIhbIhbIhbmcwIvQzItsieD55/r1CuRC2RC2RAWyIWyIW3lOavidltk/XeV1x1k9T0n9uiFsiFsiAtkQtkQtnlNS9Y4RZ2W259gRC2RC2RC2RC2RC3jnBuPvx+rc/03z4g8/ey/8ATq1iZ+3v835KilsiFsEQtkR4vSnB3+R6bdHZP4iLpFryH9zRuv71bIhbBELZExZzwiAKmSbvlsafiArdCMv2yIWyIWyIfLyy8yAAAF3qbTLZEBbIhpLq4AAABsfvcWyIC2RE3lLOAAAA+nqvdWyIWyIW2GuZgAAAB0hzuiFsEQttc+eYAAABvvtCiFsEQttcOewAAABvntKiFsiFsiNedCAAAADeHZxbIgLZEa86EAAAAG8Ozi2RAWyI150IAAAAN4dnFsiFsiFt4XXorEkrEkrEkrEkzxkdELYIhbIhbIhbIhbIhbIhbIhbBELZELZELZELZELZELZELZELZELZELZELZELZELZELZEBbIhbIhbIhbIhbIhbIhbIgLZELZELZELZELZELZELZEP/8QALxAAAQIGAgADBwQDAAAAAAAABgUHAAECAwQIGEAgMDcQERUXMTZQEhQWcBMhJf/aAAgBAQABBQD+9lBVTEmzU9rZU56aspKzZ/DTnKULzkA4zC/s+g40L7/OMtwoKikrX4wlHPTL6A/TjIcIG0CPfhAc4EJYlOVUu/nqacl2SHYdskKRFtaQ5cyFzTwonP3z8kecc5Fpj+1ZRiwO7GNotwnKyWr2ex9IIHIBBaS/s8PYsL+wLiLUKCqpq1/xAwMtH61NrGht3VXXJyMOvPbQ+TIycHNw6vBgqKgmXkB/XFQ4QNoETIgec8AKZSnKcuncpqqoPmncUiggaVwh2ddFduvyGQrtKSRcbc7tqM2yeoeiRy/QxOxsi4VEfOwQU5/yDX5Vn/FWGVY+SSIoxl63OTapIGzPBbHppqrqQGqPySYE0TkD8WaK7drqrwQHlFBDq0FqEEWs7iI8Kw+uIV3w2L9/FvUvO5tGHhuAcYFzA2DdTAlTsQoZlHzIZZVl+312VY+VzZqcV66lWTavM+9A7NhTMpXTNBAQsYp7RFmXkofSdmLGZZ/a65n8LOsmRctkTQuKMTroqt1eGmmqqoeadwiiEXWPPlR8L11AIVNlsBOsiytkr4Vrt6wdsw+0/YiFhMN3UDZI4TIpdtmjeV5kGvMLZFrU4qNFYQYUKA9rc5C1FhiW3E7U3TZMGkv7KGqjC4YlJLc9gB6dsF6r9sw+0/DavXce4Ove5Y1FG2JDSnkT6OYRyv5F/Ku+EA9O2C9V+2YfafngHp2wXqv2ynHu5YrVTVRV5wJj3sRutdvWDuEl79wRMw1SI4uJf1aQJxk6k5EZOp5hRGTrA51mMlh3Qxo+T7mfrxmIdDJjH1ic67GPqgY1xjakZcWNWUKUPI0iE3aMn3P8OcYEuMLCLFLmOkur26vopz96jqzL/heXtBKUw2j/AFXmJSeRjOvouMZ7lducK9E7atqXdl8F8vbGumgQs0zrvLihSiCGvytPBczuHeFUnGuo+fKhW8vbXPlKwOYlWeQPspfC2xB1KtGMe5sOjTSHS12XZIrneXswuUKrjMajzWnQu2bN+n4anS7u0I7O7hJufkJagOrWKRIfkqynioyYvK99eWtXh2c7/eNxqyXiuZiZGBla1HVE7Xk7JHVGEm2bVy/dbgVpDA7v7Gt/UmqiUp5qKoti4iY4w343DO0tvB1dWlAiVteQCteXvwC2jpxAkOW3aq3JCHmC0ELLfuYOuDgeE6cQdAE43OFs9WQAFVnAIRwdSxRE/AmgUhHiEftuvt+o4OfmpmUH7LrCfQjP41qzRJy26nbV34a1HoL9mVHMoU1NQWMwGACA+UwICQ29RPwaolJq3gnOtV+itbGl8cyPakIC2v5ANrXnZFaMiJI8n98odhvw+axtikWp3toyidXKEvjD2iJJZQkYjxqkRlYeJnWVJnW1VKuPbXzqTmabRMqw8DATbM5ypk5WyGINKfKEvjlCXxa2iKaakfbNMrmKPE3hbV9ewanw4Bp5+/Rka1znOc/AMFpAHKYHs6PKlCcrJSzie0tcQOCLDmv+vmlPh+kAL5moNWCuMNn+F1XRc5NbtKXyBXJlPyE1ZVka+nPk5ybLkc5XuWHlchbovX72Rd8hGWVJAUWndXBcNO6ZgUpoWNlhQqmK71x0gVBZaAjNOPBbpbNnFauSdnW05qHS/orClZRklVUslYU+ziZV/CyhhZtkQ70H/U5pjV9vW9Tmotd0NoK50tt29UrvvCuhtF6ddvVD7O6Gy/p/29XftPobL+n/AG9XftPobL+n/b1d+0+g4wBguOgcWhyOLQ5HFocjiQOxxIHY4kDscWhyOLQ5HFocjiQOxxIHY4kDscWhyOLQ5HFocjiQOxxIHY4kDscWhyOLQ5HFocjiQOxxIHY4kDscWhyOLQ5HFochtG3wGzS/7p//xABNEAABAwICAgoMCwYGAwAAAAABAgMEAAUGERIxEyE2QEFRcZGTshQgIiMwUmF1gZKiswcVJDJCUFNyc7HREBYzNUPSVGNwgqGjJTTB/9oACAEBAAY/AP8AXYv3C4R4rQG2t91LY9rKhBOKGSr7UIWWfXAoP225xpbR1LYdS4PZz+pzShc8SQ23E62UL2V31UZmlt2KxSZi+B2QQw3S0M3Fq2snUiG2En11ZmjIuNwkSnla3H3FOK51E/sS/BnPxnhqcZcU2rnTlSEOXVFxZH0JiAv2xkqkN36wPxVcLsVYeRSBbsSRC6oDJl1Wwueq5lQIIy+oFPz57EVka3HnEtp9rKnEMXJ66Pj6EJGaPXVkKWiwWCLBRqS7JJfcpYuuJ5rrR/ooXsTXqN5DwSfijE01hsamS4XGvUXmKQ1f7JEuDfC6ySw5SES50i1PHWiW33HSIpL9uuMaW0RtLYdS4PZz30r43xPDadAObCFh131EZmlt2KySpq+B18hhuloYnM2xk6kRG8leurM0p+43CRKdOtb7inFc6u3TarShAIQXH33Tk2w2Na1mvix74YWxdM9ArDGcYL8qqWbfDi3SNrafiyEd2nkWRRMrCFzSBwoYU4OdGdaMqG8yricbUg/8gdql+BOfjOg7S2XFNq500hDtzbuLI+hMQFn1xkaQ3frDJhq4Xoyg8im02vFENbqh/BdXsLvqOZGsxtjei0pWUKIOShwHjAOY2qeXC+Eh99k6ocgGMjnYpa5uHJLrQ1vxvlCPYpSFoKVA5FKhkRy5+B+EPC8aWiLeLvbgILijo6ZQFZor4uOE7j2Tp6OQYUUeherKgYlvuaAP8FKz92uspM6/tBPBLjqdHO6k0G7nFtNxA1iVDr/z3wO2N8nWuNkyepXyvBt3tiuOM9pjr1nB+EC429R1JlsZjqCs7H8Kdhl8SHVBpXWVRchNW64I440tP5LCaXKvGGJkeMg5Kf0QtscqkZgUEpSSonaAptUDDcoNK1PvjYG+dzKmVy/hGehMjXDjZyUf93c02hbpdWEgKcUACogbZISAATvZQvOG4MtRGQdU0A564yNLcsl0mWx3gQr5Q1TjlvRFuzKeGO5oOelDlFm62iVDWOB9pSPz7Zp9h5bTragpDiFFKkkcIIrsQYsk6GWWmUoLnr5Z0pyNi26IUSSflK1Ak+QmgDiFMpPFJYbXWhfsCYcuY4SqNoKrK7/A+IyjrXAkaH9ldxNv9oWeMbKke8ofE3wuwkk6kTGg3+ZTRfst+st0Z8dl+lLjWiekIBOnClA+7XRwxfLxJuVqmwZKH4sxZfHcJpIs+GoMVf2obC3fStWZ33fbgwE7PFgSH2goZpCm0FQ0qEXFWEmZDR2lrjkEdE7XenWrPNc8phHP3dGThnFLEto7aESRl7bdOGfhiUtlGt+MBIb5286KVpKVA7YIyI7YJSCSTqFIVbcLy9hV/XfTsDfO5lQfxJiWNDaG2tEcaftryFfK5TV3mI4CszDzIyRRiYTwe0w0NpC38m0dEzVkuszQEiZbG5DgQMkhbiMzlUL8Gb1N+Yn81y/dH9ods1+mwlcTLqkpPKnUaQi5sRLo1xrRsLvOig3ivCoivr1vOMB0dKzkui/g/F4ZWdTSXUyUelJyXS1wWY12ZGoxnAlfqOULcrC9zEz7HsVzSpDkyIxamOOW53fRt0l/GWMQsjW0XExUH810UYXwwJshGp5tgJ53X81UtFpiQ7Y1xgbO7zrorvN/mzM/ouukoHIjUP24V8yx/dCov4M3q78xP5rl+6PbIdZdU2tJzC0KKSOQikIjYleksJ1MzMpCedVFCsKwDO4Hw64GvUpaHsROQ2D/AEYQDA5x3VKdkPrdcUe6W4oqUeUntsK+ZY/uhUX8Gb1d+Yn81y/dHeGFfMsf3QqL+DN6u/MSsMtFbzltlIQkDMkqaIAFFKgQoEgg+Tw+Fo77Sm3m7LHStCtaSGqhfgzepv2/PfaT5Kudwmr+9dJctjsNxhDJjlI+eCTmFA0THxTOR99lC6zi42a5HYn6LrONiK1PcodRR2JFtf8AuScuuBW5wO/hyGjWh+5032cq3ObF+JIaFDZUWxj8SVWcnENpZ6RdZysbMj8KJ+q6BkYqnL+4yhFWabbJkx9ciWpl0vqSRkEZjIJAqE74j7auZWdXe/PtF1qLEK9jTrWpW0lI9JqwyJKDoy3HYoy4FyRojfh5DU88ch3rGsVq45zPU8JYzxXYe6XSD5RSrVc2NkhzYKG3kZ5HRKKxGV7K8bKXHrWFqGRAdLYWvft0bOtMp4H0LNYzZ4RMir50HwmGmvHuvVaVTSBwrA5zV0nEhPYlrccHKhvMVb0LXtTmJEdXKRpjq79xZEIy2K6yx/2GsYQCrbcjR3+jUU+EwXbgdsqlPqqxQ0jMvz47WX33AKvqUnJUosRU8ji6wzcNsBi4x1K+6VgHft8WEZNzkMzEf705GrS2tei3cWXoR5VjNHhFwWl5tWuG1H/3r74qsLNlObcZ8y3ORgFdaDrSHE555KSFDlyNf+hH6JO/cP4iaR/AWqG/yOd2ioM+OopeivtvNniU2oKFWq8RVZszYzbqfIVDbSeQ7R8FPuUtzQjxGHHnFHxUDOrpdpBJdmSXH1eTTVnlWIcRuo2kITCYPtr3/erI7kDKYIaV4rqdtCvQRUmJJbLb7Dim3UHWlaDkQal4OmvZLSVSbfmekb8FHwjCf7/MyfneRkakU0y0grccUEISnbKlK2gBVms+Q2dDWySTxvud0v6gRi6Ax8knEImgakP8C+RdQrlBfLUqK6l1lY4FJpmewpLc5oBE+LwtO/2HwEm7T1BT22iHGz7p906gKn3a4vl2VLdLjiuXgHkGoV+8s5nO32tfeM9Tsn9EfUNwtNyjB+JLaLbqDxH/AOinrbLSpcRwlcKXl3L7X6imLraX9Fae5daJzbeb4ULFByE+GZ6EDsiC4cnEHjHjI7YybnJC5Kkkx4aDm69+ifLTlzuboAGaY8dJ72w34qajWm3oKUbS5UgjNDDQ1rNW+y2tjYosRsISOFR1lSuNSjtn6iftF3jZtk6TL6Rk4y5qC0GlMXBkuw1k9jTUA7G7+iqZmQZTseQ0oKbdaUULSeMEUzFxPbhcWxtdlMZNv+kalUCcRCC6R8yY2pqgv997Ro5f4tFEnEyJaxqbhtqep2Nha1iGg7XZcnJbvoRT064zXZMp05rddUVKNJh2uPkykjsiWsENMpPGabtdrazWrJUmSod8fc41fUj8C5QmpUV0ZLadSFA09NwfLC0a+wJKsiPI25So94tEmG6OB1spB5DqPaJjWm1SZjxPzWWyrLlI1UzMxfKEZnX2CwrNw+Ra6Yt1qgNRIrQyS22MvSeMnhP1Atq6YhYMlOuLH7+76QjVS02fCkl/iXKeDPVC67zh22oHlLqq/kNq5naYM3D8BUXTGyhkrDhT5CTTV0ss1L7R+ejU40vxHE60kfsWxLisyGVDukOthxJ9CgaUt/CcVCzrLBUx7sis/iiRydlu0FNYUjOLHC+VPdcmksQYTEZkDINstpbT6AKJJyAFfFeFY8a5PMqIlSXCSwD4iCmv5DauZ2v5DauZ2u+4dtix5C6mkJvOEX2eNcV8O/8ACwmm2rfiFpqUvVGlZsOejT2jvnsu7y8nFA7BGRtvPEcQp6NGkKtVrOYEaMshax/muUSTmT2qLlYrk7EkDXonNDifFWnUoUzDxXGNsl6jKbBXGWfzRTcq2XKPLjrAIcYdS4n2Se0W7e7yy06ASiKghb6+RAp+2WhC7XZlZgpSrv744nFDt2WDMNytY1w5SirIf5a9aaL9rk6ElCRs8N3IPNfqPKN7A5Jfu0lJ7Di5+2viQKkXS7TVyJTxzKlagOBKRwJHAPAh+2XOTDdB+ew6ps+zQQMRqfTxSGkO1ls9v5exaW2/iZ9lpWtEYBjqAGlvPOrccUc1LWoqUT5SfAxrla5jkaWwoFDiDzg8YPCKLD4QxeoyAZMfgWPtW96XK/XFWTMZHcI4XXNSW0+Ump97uj2nIkrJCfotoGptHEkb4gXi1SCzLiuBaFDUeNKuNJq33yEci6nRfZzzLLydpSDvNnCsV75Hae6kAalyV/2DfXxDKdyt96yQOJElPzDvK53N85NRIzr6+RtOdXC5Sl6T8t9x9w8anFaR31GlsOFDzDiHG1DgUg5g1Zbw3qmRGnuRSk5qG8cRFByMosRelWM9+QGFnNUGZJj+jML3jHTx3djqr35iFriu35tI3jF87MdRe/MSedh7obxi+dWOovfmIfOg90N4xfOrHUXvzEPnQe6G8YvnVjqL35iHzoPdDeLdml3B6I03KRI2RpKVKJQCK3UXHo263UXHo263UXHo263V3Do263V3Do263V3Do263UXHo263UXHo263UXHo263V3Do263V3Do263V3Do263UXHo263UXHo263UXHo263V3Do263V3Do263V3Do263UXHo263UXHo263UXHo263V3Do263V3Do263V3Do263UXHo263UXHo263UXHo26n26Dcn5aJUrZ1LeSlJB0QnLJP+tX//2Q==\",\"pinpoints\":\"[{\\\"x\\\":210.62152099609375,\\\"y\\\":146.0173568725586,\\\"name\\\":\\\"Your journey begins with us.\\\"}]\"}',	'2024-10-04 11:07:06',	'label the diagram',	'parts',	'2024-10-04 11:07:06',	'2024-10-04 11:07:06',	59,	49,	'2024-10-05 04:06:00',	20),
(163,	56,	68,	1,	10,	'{\"type\":\"truefalse\",\"theme\":true,\"bg\":null,\"questions\":\"[{\\\"category\\\":\\\"history\\\",\\\"question\\\":\\\"The sky is blue during the day. True or False?\\\",\\\"answer\\\":true},{\\\"category\\\":\\\"history\\\",\\\"question\\\":\\\"Water freezes at 50°C. True or False?\\\",\\\"answer\\\":true}]\"}',	'2024-10-04 11:08:48',	'True or False',	'truefalse',	'2024-10-04 11:08:48',	'2024-10-04 11:08:48',	59,	49,	'2024-10-05 04:07:00',	30),
(164,	57,	67,	1,	10,	'{\"type\":\"truefalse\",\"theme\":true,\"bg\":null,\"questions\":\"[{\\\"category\\\":\\\"history\\\",\\\"question\\\":\\\"Water is made up of two hydrogen atoms and one oxygen atom.\\\",\\\"answer\\\":true},{\\\"category\\\":\\\"history\\\",\\\"question\\\":\\\"The Earth is closer to the Sun than Venus.\\\",\\\"answer\\\":false},{\\\"category\\\":\\\"history\\\",\\\"question\\\":\\\"Humans share approximately 98% of their DNA with chimpanzees.\\\",\\\"answer\\\":true},{\\\"category\\\":\\\"history\\\",\\\"question\\\":\\\"An atom\'s nucleus is made up of electrons.\\\",\\\"answer\\\":false},{\\\"category\\\":\\\"history\\\",\\\"question\\\":\\\"The periodic table lists elements in order of their atomic mass only.\\\",\\\"answer\\\":false}]\"}',	'2024-10-04 11:11:11',	'True And False',	'truefalse',	'2024-10-04 11:11:11',	'2024-10-04 11:11:11',	60,	48,	'2024-10-04 15:58:00',	100),
(165,	56,	70,	1,	10,	'{\"type\":\"blanks\",\"theme\":true,\"bg\":\"theme9.jpg\",\"drop\":\"<div class=\\\"item dragdrop\\\" sid=\\\"Paris\\\">Paris</div>\",\"drag\":\"The Eiffel Tower is located in <div class=\\\"drop\\\" target=\\\"Paris\\\"></div>.\"}',	'2024-10-04 11:15:17',	'Fill the blanks',	'blanks',	'2024-10-04 11:15:17',	'2024-10-04 11:15:17',	59,	50,	'2024-10-05 04:13:00',	20),
(166,	56,	70,	1,	10,	'{\"type\":\"match\",\"theme\":true,\"bg\":\"theme2.png\",\"columnleft\":\"[\\\"10\\\",\\\"20\\\",\\\"120\\\",\\\"\\\",\\\"\\\"]\",\"columnright\":\"[\\\"20\\\",\\\"120\\\",\\\"20\\\",\\\"10\\\",\\\"\\\"]\"}',	'2024-10-04 11:21:15',	'Match the column',	'match',	'2024-10-04 11:21:15',	'2024-10-04 11:21:15',	59,	50,	'2024-10-05 04:19:00',	10),
(167,	56,	67,	1,	10,	'{\"type\":\"parts\",\"theme\":true,\"typeTheme\":\"3\",\"bg\":\"theme3.jpg\",\"dropImage\":\"data:image/png;base64,iVBORw0KGgoAAAANSUhEUgAAAOgAAADZCAMAAAAdUYxCAAAAilBMVEX///8AAADv7+/8/Pzi4uLm5uby8vI6Ojrc3Nyurq6rq6vx8fHY2NhRUVHs7Oyenp7Q0NBqamq7u7ukpKSIiIjIyMgpKSlbW1uOjo4zMzPMzMyBgYGzs7N2dnbBwcGWlpYaGhpKSkpCQkJmZmYhISERERFFRUVWVlZ8fHxzc3MtLS0jIyM2NjYUFBRWtWrzAAAKIUlEQVR4nOVd6WKqOhCusiiIuAtWK+7r8f1f7zATqaKALNlIvx/3nrZICJnMfLNk/PoqBVdfjnzv0Lrsbo39ZT0YB6OJYZa7VzpMYzIKxoPu7LZfTf8duls/HKVJe5RUtO3ttJGEfWtgtamNYg1a+8RhLltbpzVKKoyRlzj4E7zqj6HbH0cZjAwa80lGx17/DrRqeb41XH7320Z7MrR6c2/2eIpZUGGuevB8J2/es4YTR3f6k+XQGh9nj1VeW9T3CmL4+5Y3/sTQ3i/o6MtxK7qmu0i44jO0RTe6Q2u8bHferzD1yXjzu67LMoNkPoC9I7f+F3xnz+Dbjybru0VHccfRJP3v7MeZRKOs7FIvNAVmcMO77se5dI0xugvfqdBU3dNdXPNtv/acXL4bUZtqj9zx3M//kegpxrm3kUlWcz8voLcnZzJKQGWqSyK084KCqI3I50b5Lh+R1SkqiHcpWE2KfSwB+hHv1Cuj4BYrVI45BFE/4DSHJQZp+viAXmGFEAe5y7isaPTyLWrOy1KgkYcMSn4c0EE9fqxgFDsDfN2ZL0pDu3VOMCV5oaNN+ld6URfw8UtF8Z+gwnbSL3BobLIh7pIyoh++aFRpP5UVmrmF+6Ra9iUa/sqjaKiVTiU+6c7Kv6MX4Ba0k/9mo6qjMcoQxbcwA24jj6uwb57RT1UWAfylgH3OQhM1SkH3aYIcjs4DhNBT1g3Wek/P5xoXfm0WfMKi9gDhRp0lzRTmOaPpggwLbjc7U32Ugrl7fwR4rB1dV2uZoQ7esSgh6x/Rmb5aGbArU9oupVOAesBb2VVkVAkwYD8+BXya4ELTDxPoq7zS+A3vhP48ie49PH480NO3MXT2+W6Ma88m+ARbYhz9ABpywWQYI9cMzFs2YauE82Pvg53+YTQMiM7qU1R0zUigCEKFNCP/Cs3NhdkwoGVa2Zf4FdylHOhH1rTH9H2ifRxnXQCvYsBu/K+vE9G0RkkCnhsQyclwiGB8dgIF0MC//foC/5Fm9O4dl3CE9G16YGLZYgA21O/T8ovSAey6m/ZHizrxS4AXPkC4oB7rcax0988M/7RlPT6x0+ws2APbVOGFv7DJZsSAESLmC0rUQaJinVD2zNLg8FlQIrxJJuzaaKw5DI8q98hloE2jsXn/rcVe497hbjYsfIZ3OIm+6ZQd9xSGQegYvppri5FvJhSdhCW9MeZkYhD6gqv4b+xMxlRbNN8oWEgN54IehinOL4q3z03lckb7xZYOuHAVEfBi3F7jwebFoB9TPvabclIHl2cLs6GZZ5EM/pPstpkFOCWA88SEeonkVxXsHuG+DaVUrJwIfpexySClJBH0X46wbDSmbENyYtGKaOCccSxXNM4Rvd0xjz2KxeKen3D5xMTEQb9Hy8MtehP9LGxxJ7g9xbcoxnGDx/8URo/EN1vKei4RHMzKdlQmugSgjTrw35vSSpeUbxiQx/uQBa8/LpADGSkbRXlgDQUwPQUj9K84g3vmK29d8AjG6eunQJFgXbGA7emxKuCSCEOIG6nPF5DOH75WfNLPQjEBE7pXOo5C8A3lU7c/sKIh2d39CdFtg8t9ZVp9KAeg9A9qF7JP3yqAcEX3QHirH76UHKEymkKFsPITXUKw/i8Qhj9DAW3w0MZKZ5gIepD//Qv+6BxcUSujUlkVDEBqQ8L7T/SDsMYB9JAe8kCVk4aAKdBcV8VqxzhcTAWb+78QwN6bTwlhZbEkoevzh9NN9YdPTn9YvGrphWFLCnCgWk70o7BFVOmoejrNjOoeVddGv7ULJ0WrryOEbssZ/2ErznbXUTGggwlhZWE+TojdlN6kk8cpn7PSLun4keleKm1JV49DlE9SrB6MZ+/sqHDW234uRukpTHePzwcj2uoWeHbi25JtPw2RsOKK1le2qmod97Z1Vc8P6K8GZa1omCF4FVVLUc4wfU24KHreMH7WEHFWsvbx/N7yoa9iHNtNktOrgunDkPFd334ZKKiOEjv9dDj1hOGIYXLoZP7b4U0VHKKoWBwu+/5YfPGdFrAeKEZ4U9sJ6dkt5uoGJ7314FapAK+XHk1wVIodOVnyuVaIBx6zWhFAfzVFSj372Qqny7qlJTdssvVNm1l3X85Yfur2Gvo1NxWqji6fmlZC8wkF+sOMPjei8lVoPqblaN+rrRQ4237KE5Bf1J81OPni8bNYN/k6YgNnBT6jX/f8hJ23kfig3nEyM3fDci2rfbT8GORPDQ7rHD5aJvaaTUF6+2jpUUwcO3y6VLPAuVhzzkVdyf0kvWl7Mrx6Ci9o3GKd/1wuPeupY1u8JHdRR9pglzEX3fpl+41GmcbwcEykZr3IZuWqiPqsv/uFNuZls/ZBEY4hHsDnSlaSH+vkmsIGLZs6gm16rUuorFWlX7lTH2v6U62sJqiLNbXLb1ACrx7bFCxEtUJcjc03LVIGENZ9xTpc/O5M2RVSi4bcDeUPrAzoOJVBjrC3UPhVFVGEQVFnli8W9ERuLXPpJyjcGSUlot3kddnwW1WpRaHxblKe0wOWStPQfxeOxfCBtqFd7mZVph5MsKZPUccyhnohFkb9zMNZvoADhBSSyjcrYsvmtuXhsxIyj4WglAd8n/KBDQvvylSyAvP8x8jb0A7ykEHwtKfMTkhqLVkiDkBwP375egVoVzlCoDBPtkmw5k2GynucJ+O4B9TQiV5Tm8M87wRf6D7lsZ4AAxwGgYf8+awnwF2JtKcjqg5oNppTWlGa4gi4rScA7akQhj9nbD9fgRxJQFYG6lMvfItIjiLCveBWbHhH02HQNddBNXy5/LMGEO7dcGw8YrZEBTkgJXnj1mjPuIkLcYAK5NXNH5Jd4tx+NN5cCl6Xgoknjs+BJOEbFeo0wRkv9juH5x5Jgwu6cM1U+WpgyXbC24tqEDJbMWTZ5gXCYDI00ELBYnbs1OGyOfIBIo+sCraHnNRdPrBTvj43A5YPqHyP1GkoslvR6jYOF2pld5Sz4jo4+DPJqpy0LfWNihtCwlJEVEkUAywYNJGy0ybUhzRalPx/sj0l7WjiQkXBnopFdSD3MRXOhlIBMR0a+TYomWh4MpcgYhR9W/EJtTOl98USbYjjTyuZBDRVclnPJKCvUcXOoFB0ZSDxn4C0rWw9KBFbiUolsoCW/lqKJjmQ15G3wvIV7qGkNkHSsa7TSfqgzEYz19KSoXT0r4VlEF3Paw3OZMRBWH4BnXSiYYKFAO3ENKdOal8ZhilYw2jlDjtj4HYjmetZAH4+nWQepYoMlUE/j11Eu7uSnvNlw0RG+JOhYwgX8urA+bKB5TLpi4pGRXSJFh0QnXROXDJzUHMtFAcyu6RsGFlOKepF6cBAcrd9OTrTQU7RVWU5CUbvi7pQZ3c+w+1iNP83SNhE2+nVyVPJC6J+74kU6/kH1eCiTe260fJ6Uh53owKyjiOyYWvK4POhgztTESqUDaJrxdfls4f5c9sl0ySm+A+3C2thGrKWsQAAAABJRU5ErkJggg==\",\"pinpoints\":\"[{\\\"x\\\":214.62152099609375,\\\"y\\\":173.0173568725586,\\\"name\\\":\\\"Heart \\\"}]\"}',	'2024-10-04 11:24:52',	'Label the diagram',	'parts',	'2024-10-04 11:24:52',	'2024-10-04 11:24:52',	59,	54,	'2024-10-05 04:23:00',	25),
(168,	57,	68,	1,	10,	'{\"type\":\"blanks\",\"theme\":true,\"bg\":\"Background_fill_in_the_blanks.svg\",\"drop\":\"<div class=\\\"item dragdrop\\\" sid=\\\"dog\\\">dog</div> <div class=\\\"item dragdrop\\\" sid=\\\"joyful\\\">joyful</div>\",\"drag\":\"The quick brown fox jumps over the lazy <div class=\\\"drop\\\" target=\\\"dog\\\"></div>.\\nA synonym for \\\"happy\\\" is  <div class=\\\"drop\\\" target=\\\"joyful\\\"></div>\"}',	'2024-10-04 11:25:27',	'Fill In The Blanks',	'blanks',	'2024-10-04 11:25:27',	'2024-10-04 11:25:27',	60,	51,	'2024-10-04 16:22:00',	10),
(169,	57,	68,	1,	10,	'{\"type\":\"match\",\"theme\":true,\"bg\":\"theme3.jpg\",\"columnleft\":\"[\\\"1\\\",\\\"4\\\",\\\"5\\\"]\",\"columnright\":\"[\\\"3\\\",\\\"6\\\",\\\"2\\\"]\"}',	'2024-10-04 11:32:45',	'Match The Column',	'match',	'2024-10-04 11:32:45',	'2024-10-04 11:32:45',	60,	51,	'2024-10-04 16:26:00',	10),
(170,	56,	69,	1,	10,	'{\"type\":\"crossword\",\"wordsjson\":\"[{\\\"word\\\":\\\"Pineapple \\\",\\\"hintType\\\":\\\"text\\\",\\\"hint\\\":\\\"Fruit\\\"},{\\\"word\\\":\\\"Washington\\\",\\\"hintType\\\":\\\"text\\\",\\\"hint\\\":\\\"Capital\\\"},{\\\"word\\\":\\\"Volleyball\\\",\\\"hintType\\\":\\\"text\\\",\\\"hint\\\":\\\"Sport\\\"},{\\\"word\\\":\\\"Astronauts\\\",\\\"hintType\\\":\\\"text\\\",\\\"hint\\\":\\\"Profession\\\"},{\\\"word\\\":\\\"Firefighte\\\",\\\"hintType\\\":\\\"text\\\",\\\"hint\\\":\\\"Profession\\\"}]\"}',	'2024-10-04 11:34:20',	'Crossword',	'crossword',	'2024-10-04 11:34:20',	'2024-10-04 11:34:20',	59,	55,	'2024-10-05 04:31:00',	35),
(171,	57,	69,	1,	10,	'{\"type\":\"truefalse\",\"theme\":true,\"bg\":null,\"questions\":\"[{\\\"category\\\":\\\"history\\\",\\\"question\\\":\\\"All living organisms are composed of cells.\\\",\\\"answer\\\":true},{\\\"category\\\":\\\"history\\\",\\\"question\\\":\\\"Sound travels faster in air than in water.\\\",\\\"answer\\\":false},{\\\"category\\\":\\\"history\\\",\\\"question\\\":\\\"An atom\'s nucleus is made up of electrons.\\\",\\\"answer\\\":false},{\\\"category\\\":\\\"history\\\",\\\"question\\\":\\\"Water is made up of two hydrogen atoms and one oxygen atom.\\\",\\\"answer\\\":true}]\"}',	'2024-10-04 11:36:22',	'True & False',	'truefalse',	'2024-10-04 11:36:22',	'2024-10-04 11:36:22',	60,	52,	'2024-10-04 16:34:00',	10),
(172,	57,	69,	1,	10,	'{\"type\":\"truefalse\",\"theme\":true,\"bg\":null,\"questions\":\"[{\\\"category\\\":\\\"history\\\",\\\"question\\\":\\\"All living organisms are composed of cells.\\\",\\\"answer\\\":true},{\\\"category\\\":\\\"history\\\",\\\"question\\\":\\\"Sound travels faster in air than in water.\\\",\\\"answer\\\":false},{\\\"category\\\":\\\"history\\\",\\\"question\\\":\\\"An atom\'s nucleus is made up of electrons.\\\",\\\"answer\\\":false},{\\\"category\\\":\\\"history\\\",\\\"question\\\":\\\"Water is made up of two hydrogen atoms and one oxygen atom.\\\",\\\"answer\\\":true}]\"}',	'2024-10-04 11:36:40',	'True & False',	'truefalse',	'2024-10-04 11:36:40',	'2024-10-04 11:36:40',	60,	52,	'2024-10-04 16:34:00',	10),
(173,	57,	70,	1,	10,	'{\"type\":\"parts\",\"theme\":true,\"typeTheme\":\"3\",\"bg\":\"theme8.jpg\",\"dropImage\":\"data:image/png;base64,/9j/4AAQSkZJRgABAQAAAQABAAD/2wBDAAUFBQUFBQUGBgUICAcICAsKCQkKCxEMDQwNDBEaEBMQEBMQGhcbFhUWGxcpIBwcICkvJyUnLzkzMzlHREddXX3/wgALCAFoAWgBASEA/8QAHQABAQADAQEBAQEAAAAAAAAAAAUHCAkGBAMBAv/aAAgBAQAAAADbAtkQtkQtkQtkQtkQtkQtkQFsiFsiFsiFsiFsiFsiFsiAtkQtkQtkQtkQtkQtkQtkQtkQtkQtkQtkQtkQtkQtkQtgiFsiFsiFsiFsiFsiFsiFsEQtkQtkQtnlccZE9aRC2RC2RC2RC2RC2RC2YtwnhLEU/wC3LWbc25XIhbIhbIgLZELZEfDjfBWCvB/wD++3zrnTJlBbIhbIgLZELf8APFa9YSw/PB7XLsjHvkfkH3ZdzbsN7pELZELZELZB111Zxz+YDYbGPtP3pfT8h+OPvDZB2h2UvkQtgiFsiHx4MwVg+MH0ZK897v0L5SV7jcSmWyIWwRC2RC2laYWIOHMb/wCA/wB5DzJ6KXtzoh0WiFsiFsiFsiFsiPO8pHosy5D/AM48xJlXI/6+Bwx5l1E0z6C2yIWyIC2RC2RHneUgftlTLeKcT/gHUTTPoLbIhbIgLZELZEed5SAAHUTTPoLbIhbIhbIhbIhbQ+Q3+AAP71k0c6LRC2RC2CIWyIWzkFmPLPwQYHlpFb1F+/8AfjHAfWLnx0xiFsiFsEQtkQtnHXcfai2RC2RNaNHOvWlO+MQtkQtkQtkQtkR/OSu5+28QtkQt6u6HdUtGehlsiFsiAtkQtkQ5XbL7qxC2RC3p1qN0C0P6o2yIWyIC2RC2RDnn/vpJELZELfO7ynR35vttkQtkQtkQtkQtmmWoXVb2hELZ5TlVtDu+RC2RC2CIWyIWzHXLbbrdQiFs090v6f5TIhbIhbBELZELZE0m1t6h5DRC28Ny4zzvZbIhbIhbIhbIhbIhbmcwIvQzItsieD55/r1CuRC2RC2RAWyIWyIW3lOavidltk/XeV1x1k9T0n9uiFsiFsiAtkQtkQtnlNS9Y4RZ2W259gRC2RC2RC2RC2RC3jnBuPvx+rc/03z4g8/ey/8ATq1iZ+3v835KilsiFsEQtkR4vSnB3+R6bdHZP4iLpFryH9zRuv71bIhbBELZExZzwiAKmSbvlsafiArdCMv2yIWyIWyIfLyy8yAAAF3qbTLZEBbIhpLq4AAABsfvcWyIC2RE3lLOAAAA+nqvdWyIWyIW2GuZgAAAB0hzuiFsEQttc+eYAAABvvtCiFsEQttcOewAAABvntKiFsiFsiNedCAAAADeHZxbIgLZEa86EAAAAG8Ozi2RAWyI150IAAAAN4dnFsiFsiFt4XXorEkrEkrEkrEkzxkdELYIhbIhbIhbIhbIhbIhbIhbBELZELZELZELZELZELZELZELZELZELZELZELZELZELZEBbIhbIhbIhbIhbIhbIhbIgLZELZELZELZELZELZELZEP/8QALxAAAQIGAgADBwQDAAAAAAAABgUHAAECAwQIGEAgMDcQERUXMTZQEhQWcBMhJf/aAAgBAQABBQD+9lBVTEmzU9rZU56aspKzZ/DTnKULzkA4zC/s+g40L7/OMtwoKikrX4wlHPTL6A/TjIcIG0CPfhAc4EJYlOVUu/nqacl2SHYdskKRFtaQ5cyFzTwonP3z8kecc5Fpj+1ZRiwO7GNotwnKyWr2ex9IIHIBBaS/s8PYsL+wLiLUKCqpq1/xAwMtH61NrGht3VXXJyMOvPbQ+TIycHNw6vBgqKgmXkB/XFQ4QNoETIgec8AKZSnKcuncpqqoPmncUiggaVwh2ddFduvyGQrtKSRcbc7tqM2yeoeiRy/QxOxsi4VEfOwQU5/yDX5Vn/FWGVY+SSIoxl63OTapIGzPBbHppqrqQGqPySYE0TkD8WaK7drqrwQHlFBDq0FqEEWs7iI8Kw+uIV3w2L9/FvUvO5tGHhuAcYFzA2DdTAlTsQoZlHzIZZVl+312VY+VzZqcV66lWTavM+9A7NhTMpXTNBAQsYp7RFmXkofSdmLGZZ/a65n8LOsmRctkTQuKMTroqt1eGmmqqoeadwiiEXWPPlR8L11AIVNlsBOsiytkr4Vrt6wdsw+0/YiFhMN3UDZI4TIpdtmjeV5kGvMLZFrU4qNFYQYUKA9rc5C1FhiW3E7U3TZMGkv7KGqjC4YlJLc9gB6dsF6r9sw+0/DavXce4Ove5Y1FG2JDSnkT6OYRyv5F/Ku+EA9O2C9V+2YfafngHp2wXqv2ynHu5YrVTVRV5wJj3sRutdvWDuEl79wRMw1SI4uJf1aQJxk6k5EZOp5hRGTrA51mMlh3Qxo+T7mfrxmIdDJjH1ic67GPqgY1xjakZcWNWUKUPI0iE3aMn3P8OcYEuMLCLFLmOkur26vopz96jqzL/heXtBKUw2j/AFXmJSeRjOvouMZ7lducK9E7atqXdl8F8vbGumgQs0zrvLihSiCGvytPBczuHeFUnGuo+fKhW8vbXPlKwOYlWeQPspfC2xB1KtGMe5sOjTSHS12XZIrneXswuUKrjMajzWnQu2bN+n4anS7u0I7O7hJufkJagOrWKRIfkqynioyYvK99eWtXh2c7/eNxqyXiuZiZGBla1HVE7Xk7JHVGEm2bVy/dbgVpDA7v7Gt/UmqiUp5qKoti4iY4w343DO0tvB1dWlAiVteQCteXvwC2jpxAkOW3aq3JCHmC0ELLfuYOuDgeE6cQdAE43OFs9WQAFVnAIRwdSxRE/AmgUhHiEftuvt+o4OfmpmUH7LrCfQjP41qzRJy26nbV34a1HoL9mVHMoU1NQWMwGACA+UwICQ29RPwaolJq3gnOtV+itbGl8cyPakIC2v5ANrXnZFaMiJI8n98odhvw+axtikWp3toyidXKEvjD2iJJZQkYjxqkRlYeJnWVJnW1VKuPbXzqTmabRMqw8DATbM5ypk5WyGINKfKEvjlCXxa2iKaakfbNMrmKPE3hbV9ewanw4Bp5+/Rka1znOc/AMFpAHKYHs6PKlCcrJSzie0tcQOCLDmv+vmlPh+kAL5moNWCuMNn+F1XRc5NbtKXyBXJlPyE1ZVka+nPk5ybLkc5XuWHlchbovX72Rd8hGWVJAUWndXBcNO6ZgUpoWNlhQqmK71x0gVBZaAjNOPBbpbNnFauSdnW05qHS/orClZRklVUslYU+ziZV/CyhhZtkQ70H/U5pjV9vW9Tmotd0NoK50tt29UrvvCuhtF6ddvVD7O6Gy/p/29XftPobL+n/AG9XftPobL+n/b1d+0+g4wBguOgcWhyOLQ5HFocjiQOxxIHY4kDscWhyOLQ5HFocjiQOxxIHY4kDscWhyOLQ5HFocjiQOxxIHY4kDscWhyOLQ5HFocjiQOxxIHY4kDscWhyOLQ5HFochtG3wGzS/7p//xABNEAABAwICAgoMCwYGAwAAAAABAgMEAAUGERIxEyE2QEFRcZGTshQgIiMwUmF1gZKiswcVJDJCUFNyc7HREBYzNUPSVGNwgqGjJTTB/9oACAEBAAY/AP8AXYv3C4R4rQG2t91LY9rKhBOKGSr7UIWWfXAoP225xpbR1LYdS4PZz+pzShc8SQ23E62UL2V31UZmlt2KxSZi+B2QQw3S0M3Fq2snUiG2En11ZmjIuNwkSnla3H3FOK51E/sS/BnPxnhqcZcU2rnTlSEOXVFxZH0JiAv2xkqkN36wPxVcLsVYeRSBbsSRC6oDJl1Wwueq5lQIIy+oFPz57EVka3HnEtp9rKnEMXJ66Pj6EJGaPXVkKWiwWCLBRqS7JJfcpYuuJ5rrR/ooXsTXqN5DwSfijE01hsamS4XGvUXmKQ1f7JEuDfC6ySw5SES50i1PHWiW33HSIpL9uuMaW0RtLYdS4PZz30r43xPDadAObCFh131EZmlt2KySpq+B18hhuloYnM2xk6kRG8leurM0p+43CRKdOtb7inFc6u3TarShAIQXH33Tk2w2Na1mvix74YWxdM9ArDGcYL8qqWbfDi3SNrafiyEd2nkWRRMrCFzSBwoYU4OdGdaMqG8yricbUg/8gdql+BOfjOg7S2XFNq500hDtzbuLI+hMQFn1xkaQ3frDJhq4Xoyg8im02vFENbqh/BdXsLvqOZGsxtjei0pWUKIOShwHjAOY2qeXC+Eh99k6ocgGMjnYpa5uHJLrQ1vxvlCPYpSFoKVA5FKhkRy5+B+EPC8aWiLeLvbgILijo6ZQFZor4uOE7j2Tp6OQYUUeherKgYlvuaAP8FKz92uspM6/tBPBLjqdHO6k0G7nFtNxA1iVDr/z3wO2N8nWuNkyepXyvBt3tiuOM9pjr1nB+EC429R1JlsZjqCs7H8Kdhl8SHVBpXWVRchNW64I440tP5LCaXKvGGJkeMg5Kf0QtscqkZgUEpSSonaAptUDDcoNK1PvjYG+dzKmVy/hGehMjXDjZyUf93c02hbpdWEgKcUACogbZISAATvZQvOG4MtRGQdU0A564yNLcsl0mWx3gQr5Q1TjlvRFuzKeGO5oOelDlFm62iVDWOB9pSPz7Zp9h5bTragpDiFFKkkcIIrsQYsk6GWWmUoLnr5Z0pyNi26IUSSflK1Ak+QmgDiFMpPFJYbXWhfsCYcuY4SqNoKrK7/A+IyjrXAkaH9ldxNv9oWeMbKke8ofE3wuwkk6kTGg3+ZTRfst+st0Z8dl+lLjWiekIBOnClA+7XRwxfLxJuVqmwZKH4sxZfHcJpIs+GoMVf2obC3fStWZ33fbgwE7PFgSH2goZpCm0FQ0qEXFWEmZDR2lrjkEdE7XenWrPNc8phHP3dGThnFLEto7aESRl7bdOGfhiUtlGt+MBIb5286KVpKVA7YIyI7YJSCSTqFIVbcLy9hV/XfTsDfO5lQfxJiWNDaG2tEcaftryFfK5TV3mI4CszDzIyRRiYTwe0w0NpC38m0dEzVkuszQEiZbG5DgQMkhbiMzlUL8Gb1N+Yn81y/dH9ods1+mwlcTLqkpPKnUaQi5sRLo1xrRsLvOig3ivCoivr1vOMB0dKzkui/g/F4ZWdTSXUyUelJyXS1wWY12ZGoxnAlfqOULcrC9zEz7HsVzSpDkyIxamOOW53fRt0l/GWMQsjW0XExUH810UYXwwJshGp5tgJ53X81UtFpiQ7Y1xgbO7zrorvN/mzM/ouukoHIjUP24V8yx/dCov4M3q78xP5rl+6PbIdZdU2tJzC0KKSOQikIjYleksJ1MzMpCedVFCsKwDO4Hw64GvUpaHsROQ2D/AEYQDA5x3VKdkPrdcUe6W4oqUeUntsK+ZY/uhUX8Gb1d+Yn81y/dHeGFfMsf3QqL+DN6u/MSsMtFbzltlIQkDMkqaIAFFKgQoEgg+Tw+Fo77Sm3m7LHStCtaSGqhfgzepv2/PfaT5Kudwmr+9dJctjsNxhDJjlI+eCTmFA0THxTOR99lC6zi42a5HYn6LrONiK1PcodRR2JFtf8AuScuuBW5wO/hyGjWh+5032cq3ObF+JIaFDZUWxj8SVWcnENpZ6RdZysbMj8KJ+q6BkYqnL+4yhFWabbJkx9ciWpl0vqSRkEZjIJAqE74j7auZWdXe/PtF1qLEK9jTrWpW0lI9JqwyJKDoy3HYoy4FyRojfh5DU88ch3rGsVq45zPU8JYzxXYe6XSD5RSrVc2NkhzYKG3kZ5HRKKxGV7K8bKXHrWFqGRAdLYWvft0bOtMp4H0LNYzZ4RMir50HwmGmvHuvVaVTSBwrA5zV0nEhPYlrccHKhvMVb0LXtTmJEdXKRpjq79xZEIy2K6yx/2GsYQCrbcjR3+jUU+EwXbgdsqlPqqxQ0jMvz47WX33AKvqUnJUosRU8ji6wzcNsBi4x1K+6VgHft8WEZNzkMzEf705GrS2tei3cWXoR5VjNHhFwWl5tWuG1H/3r74qsLNlObcZ8y3ORgFdaDrSHE555KSFDlyNf+hH6JO/cP4iaR/AWqG/yOd2ioM+OopeivtvNniU2oKFWq8RVZszYzbqfIVDbSeQ7R8FPuUtzQjxGHHnFHxUDOrpdpBJdmSXH1eTTVnlWIcRuo2kITCYPtr3/erI7kDKYIaV4rqdtCvQRUmJJbLb7Dim3UHWlaDkQal4OmvZLSVSbfmekb8FHwjCf7/MyfneRkakU0y0grccUEISnbKlK2gBVms+Q2dDWySTxvud0v6gRi6Ax8knEImgakP8C+RdQrlBfLUqK6l1lY4FJpmewpLc5oBE+LwtO/2HwEm7T1BT22iHGz7p906gKn3a4vl2VLdLjiuXgHkGoV+8s5nO32tfeM9Tsn9EfUNwtNyjB+JLaLbqDxH/AOinrbLSpcRwlcKXl3L7X6imLraX9Fae5daJzbeb4ULFByE+GZ6EDsiC4cnEHjHjI7YybnJC5Kkkx4aDm69+ifLTlzuboAGaY8dJ72w34qajWm3oKUbS5UgjNDDQ1rNW+y2tjYosRsISOFR1lSuNSjtn6iftF3jZtk6TL6Rk4y5qC0GlMXBkuw1k9jTUA7G7+iqZmQZTseQ0oKbdaUULSeMEUzFxPbhcWxtdlMZNv+kalUCcRCC6R8yY2pqgv997Ro5f4tFEnEyJaxqbhtqep2Nha1iGg7XZcnJbvoRT064zXZMp05rddUVKNJh2uPkykjsiWsENMpPGabtdrazWrJUmSod8fc41fUj8C5QmpUV0ZLadSFA09NwfLC0a+wJKsiPI25So94tEmG6OB1spB5DqPaJjWm1SZjxPzWWyrLlI1UzMxfKEZnX2CwrNw+Ra6Yt1qgNRIrQyS22MvSeMnhP1Atq6YhYMlOuLH7+76QjVS02fCkl/iXKeDPVC67zh22oHlLqq/kNq5naYM3D8BUXTGyhkrDhT5CTTV0ss1L7R+ejU40vxHE60kfsWxLisyGVDukOthxJ9CgaUt/CcVCzrLBUx7sis/iiRydlu0FNYUjOLHC+VPdcmksQYTEZkDINstpbT6AKJJyAFfFeFY8a5PMqIlSXCSwD4iCmv5DauZ2v5DauZ2u+4dtix5C6mkJvOEX2eNcV8O/8ACwmm2rfiFpqUvVGlZsOejT2jvnsu7y8nFA7BGRtvPEcQp6NGkKtVrOYEaMshax/muUSTmT2qLlYrk7EkDXonNDifFWnUoUzDxXGNsl6jKbBXGWfzRTcq2XKPLjrAIcYdS4n2Se0W7e7yy06ASiKghb6+RAp+2WhC7XZlZgpSrv744nFDt2WDMNytY1w5SirIf5a9aaL9rk6ElCRs8N3IPNfqPKN7A5Jfu0lJ7Di5+2viQKkXS7TVyJTxzKlagOBKRwJHAPAh+2XOTDdB+ew6ps+zQQMRqfTxSGkO1ls9v5exaW2/iZ9lpWtEYBjqAGlvPOrccUc1LWoqUT5SfAxrla5jkaWwoFDiDzg8YPCKLD4QxeoyAZMfgWPtW96XK/XFWTMZHcI4XXNSW0+Ump97uj2nIkrJCfotoGptHEkb4gXi1SCzLiuBaFDUeNKuNJq33yEci6nRfZzzLLydpSDvNnCsV75Hae6kAalyV/2DfXxDKdyt96yQOJElPzDvK53N85NRIzr6+RtOdXC5Sl6T8t9x9w8anFaR31GlsOFDzDiHG1DgUg5g1Zbw3qmRGnuRSk5qG8cRFByMosRelWM9+QGFnNUGZJj+jML3jHTx3djqr35iFriu35tI3jF87MdRe/MSedh7obxi+dWOovfmIfOg90N4xfOrHUXvzEPnQe6G8YvnVjqL35iHzoPdDeLdml3B6I03KRI2RpKVKJQCK3UXHo263UXHo263UXHo263V3Do263V3Do263V3Do263UXHo263UXHo263UXHo263V3Do263V3Do263V3Do263UXHo263UXHo263UXHo263V3Do263V3Do263V3Do263UXHo263UXHo263UXHo263V3Do263V3Do263V3Do263UXHo263UXHo263UXHo26n26Dcn5aJUrZ1LeSlJB0QnLJP+tX//2Q==\",\"pinpoints\":\"[{\\\"x\\\":264.8671875,\\\"y\\\":189.78515625,\\\"name\\\":\\\"Image\\\"}]\"}',	'2024-10-04 11:39:06',	'labe the Diagram',	'parts',	'2024-10-04 11:39:06',	'2024-10-04 11:39:06',	60,	53,	'2024-10-04 16:38:00',	10),
(174,	32,	36,	1,	8,	'{\"type\":\"crossword\",\"wordsjson\":\"[{\\\"word\\\":\\\"pakistan\\\",\\\"hintType\\\":\\\"text\\\",\\\"hint\\\":\\\"Country In Asia , With its neighbouring country India , China , Afghanistan and Iran\\\"},{\\\"word\\\":\\\"India\\\",\\\"hintType\\\":\\\"text\\\",\\\"hint\\\":\\\"Neighbor Of Pakistan\\\"}]\"}',	'2024-10-31 09:38:22',	'english',	'crossword',	'2024-10-31 09:38:22',	'2024-10-31 09:38:22',	31,	NULL,	'2024-10-31 14:36:00',	10);

DROP TABLE IF EXISTS `admin`;
CREATE TABLE `admin` (
  `id` bigint(20) NOT NULL AUTO_INCREMENT,
  `name` varchar(255) NOT NULL,
  `password` varchar(255) NOT NULL,
  `super_admin` tinyint(1) DEFAULT 0,
  `updated_at` timestamp NOT NULL DEFAULT current_timestamp() ON UPDATE current_timestamp(),
  `created_at` timestamp NOT NULL DEFAULT current_timestamp(),
  PRIMARY KEY (`id`),
  UNIQUE KEY `name` (`name`)
) ENGINE=InnoDB DEFAULT CHARSET=latin1 COLLATE=latin1_swedish_ci;

INSERT INTO `admin` (`id`, `name`, `password`, `super_admin`, `updated_at`, `created_at`) VALUES
(5,	'admin',	'$2y$10$GufkO3FifG0eDNdszwqpe.WcmzEPX4MH8a7O/Q/oJbG3RQvGCJBZi',	1,	'2023-12-31 08:36:13',	'2023-12-27 07:59:49'),
(7,	'fc_admin',	'$2y$10$eGkE6GYp6QgJwaSMcP33..0//Jj0vhRG7vud5eWSuRhcRStx/tdra',	0,	'2023-12-31 08:36:24',	'2023-12-27 07:59:49'),
(8,	'admin_tec_test',	'$2y$12$Fieqpq7jUsqRzg2QfG9e/uaEP.pTGa2GcAMcQGpUV0/UcWqMfmR.S',	0,	'2024-07-27 11:05:25',	'2023-12-27 07:59:49'),
(9,	'tec_admin2',	'$2y$10$AEXBBP8iGH5dZNZKrY/rPOBq7bUeFo8hRza7dHwZvqOV69iwK5k4K',	0,	'2023-12-27 03:00:27',	'2023-12-27 03:00:27'),
(10,	'asad',	'$2y$10$kW.v5lWVDYKHzXYSBU5bw.f66jdRraQRFXWWqj969sCm51s6SpmpO',	1,	'2023-12-31 11:06:54',	'2023-12-31 16:06:27'),
(11,	'tss2',	'$2y$12$e45m4F6QecQRPS1wzgJbJu2hhRlNyW8R5kBucCCeNpSHbgej6oHMK',	0,	'2024-02-18 13:53:39',	'2024-01-15 16:52:18'),
(12,	'faiez',	'$2y$12$KUOlOwQunNrerB7Turrw9OC5onjuKt3CP7s9BqSt/TYC7ScpEMDv.',	1,	'2024-02-15 15:52:21',	'2024-02-15 15:52:21'),
(14,	'sysadmin',	'$2y$12$ptXIRJi6SnNgJQsmvVxEfO7smvdrFuLwKe2urkTiZxvkIBVsLyfwq',	1,	'2024-02-23 14:39:11',	'2024-02-23 14:39:11'),
(16,	'asad2',	'$2y$12$uNU7TqN838q2K/0J5PZWiOu4ShubQLfuMOe22DNOpkTIkgWB8Ds6C',	0,	'2024-03-05 11:09:09',	'2024-03-05 11:09:09'),
(17,	'arshma1',	'$2y$12$fr.s9cxe24HukNW/Kqc1yObLA5EGecRszlUY1UfW.5X8Db0UI8Wh.',	1,	'2024-03-11 12:51:33',	'2024-03-11 12:51:33'),
(18,	'admin2',	'$2y$12$SSc0qaPB5hsD3cEOdEm2L.0zrQDeENBRWKXDWTqkgKTAPbRzWxy/2',	1,	'2024-03-11 12:52:02',	'2024-03-11 12:52:02'),
(19,	'dawood',	'$2y$12$T9VO4ZeOjNpkCojIIEMJAeoye3YaF6k6zoNhVrl1YGXrkFjd6XCza',	1,	'2024-03-19 09:12:51',	'2024-03-19 09:12:51'),
(20,	'eadmin',	'$2y$12$DTH/s2nQ4TgmPpSuDb4TW.og/6MHuOz1PTcBMrItcSbrTZpPci4Wm',	0,	'2024-03-19 09:19:26',	'2024-03-19 09:19:26'),
(21,	'shahrukh',	'$2y$12$L77O8RqR7ruZ.gUK06o/z.BEVfmpqgQ/QL7PTk7nDAVaFbYX17.S.',	1,	'2024-03-19 10:06:45',	'2024-03-19 10:06:45'),
(22,	'moiz',	'$2y$12$i5t805lKX1MJGgcjjQay9un.dmQFdYXbuf7AZn/NGaE6j87g2eh52',	1,	'2024-03-19 10:07:40',	'2024-03-19 10:07:40'),
(23,	'umair',	'$2y$12$NHDGb3UGL/ye7ddMFyvtHu8IhLJrNvAaGhcXcFEvexWUSS3.p/w1C',	1,	'2024-03-19 10:07:56',	'2024-03-19 10:07:56'),
(24,	'test1',	'$2y$12$B3uFTMndlVvoSSLhfDC2RO72ixHwYXf3w4qFa5E97f1t3sD355v0a',	0,	'2024-05-09 13:31:49',	'2024-05-09 13:31:49'),
(25,	'akber',	'$2y$12$x6TxNHMqniqJ6j.YHEckL.Fa1By875C8iAt/gO0f95fUe510sS9G.',	0,	'2024-06-13 16:58:05',	'2024-06-13 16:58:05'),
(26,	'arshma',	'$2y$12$BYFSB09LM2u4YtyiEzoDme5c2p/knuD7Zx6FgagnbqJP/CqP/M/Yy',	0,	'2024-07-27 11:06:52',	'2024-07-27 11:06:52'),
(27,	'ejazkhan',	'$2y$12$F5mcelbtMUdFtGP48QJqZuvWLf.v.Ddh.DQUm9N8lPQpzHyLpuaz6',	0,	'2024-09-19 09:57:37',	'2024-09-19 09:56:11'),
(28,	'dps',	'$2y$12$ZcgF4ys8AbJy4OUBGf9R8.q.BMx0q477eXbJmkn/Dl/EnGoY8Scra',	0,	'2024-10-04 10:10:58',	'2024-10-04 10:10:58'),
(29,	'Asa',	'$2y$12$wf3z58tOKTFG/uxwVY/jHeD1q2LUnGJ89jaP4/tgz6q..bWbMqGDW',	0,	'2024-10-16 11:04:01',	'2024-10-16 11:04:01');

DROP TABLE IF EXISTS `attendance`;
CREATE TABLE `attendance` (
  `id` bigint(20) NOT NULL AUTO_INCREMENT,
  `student_id` bigint(20) NOT NULL,
  `school_id` bigint(20) NOT NULL,
  `status` varchar(255) NOT NULL DEFAULT 'absent',
  `date` timestamp NOT NULL DEFAULT current_timestamp(),
  `updated_at` timestamp NOT NULL DEFAULT current_timestamp() ON UPDATE current_timestamp(),
  `created_at` timestamp NOT NULL DEFAULT current_timestamp(),
  PRIMARY KEY (`id`),
  KEY `attendance_school_id` (`school_id`),
  KEY `attendance_student_id` (`student_id`)
) ENGINE=MyISAM DEFAULT CHARSET=latin1 COLLATE=latin1_swedish_ci;

INSERT INTO `attendance` (`id`, `student_id`, `school_id`, `status`, `date`, `updated_at`, `created_at`) VALUES
(1,	35,	1,	'present',	'2024-03-10 17:03:16',	'2024-03-10 17:03:16',	'2024-03-10 17:03:16'),
(2,	36,	1,	'present',	'2024-03-10 17:03:16',	'2024-03-10 17:03:16',	'2024-03-10 17:03:16'),
(3,	37,	1,	'present',	'2024-03-10 17:03:16',	'2024-03-10 17:03:16',	'2024-03-10 17:03:16'),
(4,	38,	1,	'present',	'2024-03-10 17:03:16',	'2024-03-10 17:03:16',	'2024-03-10 17:03:16'),
(5,	39,	1,	'present',	'2024-03-10 17:03:16',	'2024-03-10 17:03:16',	'2024-03-10 17:03:16'),
(6,	40,	1,	'absent',	'2024-03-10 17:03:16',	'2024-03-10 17:03:16',	'2024-03-10 17:03:16'),
(7,	41,	1,	'present',	'2024-03-10 17:03:16',	'2024-03-10 17:03:16',	'2024-03-10 17:03:16'),
(8,	42,	1,	'present',	'2024-03-10 17:03:16',	'2024-03-10 17:03:16',	'2024-03-10 17:03:16'),
(9,	43,	1,	'late',	'2024-03-10 17:03:16',	'2024-03-10 17:03:16',	'2024-03-10 17:03:16'),
(10,	35,	1,	'present',	'2024-03-11 12:31:00',	'2024-03-11 12:31:00',	'2024-03-11 12:31:00'),
(11,	36,	1,	'present',	'2024-03-11 12:31:00',	'2024-03-11 12:31:00',	'2024-03-11 12:31:00'),
(12,	37,	1,	'present',	'2024-03-11 12:31:00',	'2024-03-11 12:31:00',	'2024-03-11 12:31:00'),
(13,	38,	1,	'present',	'2024-03-11 12:31:00',	'2024-03-11 12:31:00',	'2024-03-11 12:31:00'),
(14,	39,	1,	'present',	'2024-03-11 12:31:00',	'2024-03-11 12:31:00',	'2024-03-11 12:31:00'),
(15,	40,	1,	'present',	'2024-03-11 12:31:00',	'2024-03-11 12:31:00',	'2024-03-11 12:31:00'),
(16,	41,	1,	'present',	'2024-03-11 12:31:00',	'2024-03-11 12:31:00',	'2024-03-11 12:31:00'),
(17,	42,	1,	'present',	'2024-03-11 12:31:00',	'2024-03-11 12:31:00',	'2024-03-11 12:31:00'),
(18,	43,	1,	'present',	'2024-03-11 12:31:00',	'2024-03-11 12:31:00',	'2024-03-11 12:31:00'),
(19,	35,	1,	'present',	'2024-03-11 12:43:46',	'2024-03-11 12:43:46',	'2024-03-11 12:43:46'),
(20,	36,	1,	'present',	'2024-03-11 12:43:46',	'2024-03-11 12:43:46',	'2024-03-11 12:43:46'),
(21,	37,	1,	'present',	'2024-03-11 12:43:46',	'2024-03-11 12:43:46',	'2024-03-11 12:43:46'),
(22,	38,	1,	'present',	'2024-03-11 12:43:46',	'2024-03-11 12:43:46',	'2024-03-11 12:43:46'),
(23,	39,	1,	'present',	'2024-03-11 12:43:46',	'2024-03-11 12:43:46',	'2024-03-11 12:43:46'),
(24,	40,	1,	'present',	'2024-03-11 12:43:46',	'2024-03-11 12:43:46',	'2024-03-11 12:43:46'),
(25,	41,	1,	'present',	'2024-03-11 12:43:46',	'2024-03-11 12:43:46',	'2024-03-11 12:43:46'),
(26,	42,	1,	'present',	'2024-03-11 12:43:46',	'2024-03-11 12:43:46',	'2024-03-11 12:43:46'),
(27,	43,	1,	'late',	'2024-03-11 12:43:46',	'2024-03-11 12:43:46',	'2024-03-11 12:43:46'),
(28,	35,	1,	'present',	'2024-03-12 13:54:12',	'2024-03-12 13:54:12',	'2024-03-12 13:54:12'),
(29,	36,	1,	'present',	'2024-03-12 13:54:12',	'2024-03-12 13:54:12',	'2024-03-12 13:54:12'),
(30,	37,	1,	'present',	'2024-03-12 13:54:12',	'2024-03-12 13:54:12',	'2024-03-12 13:54:12'),
(31,	38,	1,	'present',	'2024-03-12 13:54:12',	'2024-03-12 13:54:12',	'2024-03-12 13:54:12'),
(32,	39,	1,	'present',	'2024-03-12 13:54:12',	'2024-03-12 13:54:12',	'2024-03-12 13:54:12'),
(33,	40,	1,	'present',	'2024-03-12 13:54:12',	'2024-03-12 13:54:12',	'2024-03-12 13:54:12'),
(34,	41,	1,	'present',	'2024-03-12 13:54:12',	'2024-03-12 13:54:12',	'2024-03-12 13:54:12'),
(35,	42,	1,	'present',	'2024-03-12 13:54:12',	'2024-03-12 13:54:12',	'2024-03-12 13:54:12'),
(36,	43,	1,	'present',	'2024-03-12 13:54:12',	'2024-03-12 13:54:12',	'2024-03-12 13:54:12'),
(37,	145,	1,	'present',	'2024-03-12 13:54:12',	'2024-03-12 13:54:12',	'2024-03-12 13:54:12'),
(38,	2,	1,	'present',	'2024-03-17 15:57:52',	'2024-03-17 15:57:52',	'2024-03-17 15:57:52'),
(39,	3,	1,	'present',	'2024-03-17 15:57:52',	'2024-03-17 15:57:52',	'2024-03-17 15:57:52'),
(40,	4,	1,	'present',	'2024-03-17 15:57:52',	'2024-03-17 15:57:52',	'2024-03-17 15:57:52'),
(41,	5,	1,	'present',	'2024-03-17 15:57:52',	'2024-03-17 15:57:52',	'2024-03-17 15:57:52'),
(42,	6,	1,	'present',	'2024-03-17 15:57:52',	'2024-03-17 15:57:52',	'2024-03-17 15:57:52'),
(43,	7,	1,	'present',	'2024-03-17 15:57:52',	'2024-03-17 15:57:52',	'2024-03-17 15:57:52'),
(44,	8,	1,	'present',	'2024-03-17 15:57:52',	'2024-03-17 15:57:52',	'2024-03-17 15:57:52'),
(45,	9,	1,	'present',	'2024-03-17 15:57:52',	'2024-03-17 15:57:52',	'2024-03-17 15:57:52'),
(46,	10,	1,	'present',	'2024-03-17 15:57:52',	'2024-03-17 15:57:52',	'2024-03-17 15:57:52'),
(47,	11,	1,	'present',	'2024-03-17 15:57:52',	'2024-03-17 15:57:52',	'2024-03-17 15:57:52'),
(48,	12,	1,	'present',	'2024-03-17 15:57:52',	'2024-03-17 15:57:52',	'2024-03-17 15:57:52'),
(49,	13,	1,	'present',	'2024-03-17 15:57:52',	'2024-03-17 15:57:52',	'2024-03-17 15:57:52'),
(50,	14,	1,	'present',	'2024-03-17 15:57:52',	'2024-03-17 15:57:52',	'2024-03-17 15:57:52'),
(51,	15,	1,	'present',	'2024-03-17 15:57:52',	'2024-03-17 15:57:52',	'2024-03-17 15:57:52'),
(52,	16,	1,	'present',	'2024-03-17 15:57:52',	'2024-03-17 15:57:52',	'2024-03-17 15:57:52'),
(53,	17,	1,	'present',	'2024-03-17 15:57:52',	'2024-03-17 15:57:52',	'2024-03-17 15:57:52'),
(54,	18,	1,	'present',	'2024-03-17 15:57:52',	'2024-03-17 15:57:52',	'2024-03-17 15:57:52'),
(55,	19,	1,	'present',	'2024-03-17 15:57:52',	'2024-03-17 15:57:52',	'2024-03-17 15:57:52'),
(56,	20,	1,	'present',	'2024-03-17 15:57:52',	'2024-03-17 15:57:52',	'2024-03-17 15:57:52'),
(57,	21,	1,	'present',	'2024-03-17 15:57:52',	'2024-03-17 15:57:52',	'2024-03-17 15:57:52'),
(58,	22,	1,	'present',	'2024-03-17 15:57:52',	'2024-03-17 15:57:52',	'2024-03-17 15:57:52'),
(59,	23,	1,	'present',	'2024-03-17 15:57:52',	'2024-03-17 15:57:52',	'2024-03-17 15:57:52'),
(60,	24,	1,	'present',	'2024-03-17 15:57:52',	'2024-03-17 15:57:52',	'2024-03-17 15:57:52'),
(61,	25,	1,	'present',	'2024-03-17 15:57:52',	'2024-03-17 15:57:52',	'2024-03-17 15:57:52'),
(62,	26,	1,	'present',	'2024-03-17 15:57:52',	'2024-03-17 15:57:52',	'2024-03-17 15:57:52'),
(63,	27,	1,	'present',	'2024-03-17 15:57:52',	'2024-03-17 15:57:52',	'2024-03-17 15:57:52'),
(64,	28,	1,	'present',	'2024-03-17 15:57:52',	'2024-03-17 15:57:52',	'2024-03-17 15:57:52'),
(65,	29,	1,	'present',	'2024-03-17 15:57:52',	'2024-03-17 15:57:52',	'2024-03-17 15:57:52'),
(66,	30,	1,	'present',	'2024-03-17 15:57:52',	'2024-03-17 15:57:52',	'2024-03-17 15:57:52'),
(67,	31,	1,	'present',	'2024-03-17 15:57:52',	'2024-03-17 15:57:52',	'2024-03-17 15:57:52'),
(68,	32,	1,	'present',	'2024-03-17 15:57:52',	'2024-03-17 15:57:52',	'2024-03-17 15:57:52'),
(69,	33,	1,	'present',	'2024-03-17 15:57:52',	'2024-03-17 15:57:52',	'2024-03-17 15:57:52'),
(70,	34,	1,	'present',	'2024-03-17 15:57:52',	'2024-03-17 15:57:52',	'2024-03-17 15:57:52'),
(71,	35,	1,	'present',	'2024-03-17 15:57:52',	'2024-03-17 15:57:52',	'2024-03-17 15:57:52'),
(72,	36,	1,	'present',	'2024-03-17 15:57:52',	'2024-03-17 15:57:52',	'2024-03-17 15:57:52'),
(73,	37,	1,	'present',	'2024-03-17 15:57:52',	'2024-03-17 15:57:52',	'2024-03-17 15:57:52'),
(74,	38,	1,	'present',	'2024-03-17 15:57:52',	'2024-03-17 15:57:52',	'2024-03-17 15:57:52'),
(75,	39,	1,	'present',	'2024-03-17 15:57:52',	'2024-03-17 15:57:52',	'2024-03-17 15:57:52'),
(76,	40,	1,	'present',	'2024-03-17 15:57:52',	'2024-03-17 15:57:52',	'2024-03-17 15:57:52'),
(77,	41,	1,	'present',	'2024-03-17 15:57:52',	'2024-03-17 15:57:52',	'2024-03-17 15:57:52'),
(78,	42,	1,	'present',	'2024-03-17 15:57:52',	'2024-03-17 15:57:52',	'2024-03-17 15:57:52'),
(79,	43,	1,	'present',	'2024-03-17 15:57:52',	'2024-03-17 15:57:52',	'2024-03-17 15:57:52'),
(80,	44,	1,	'present',	'2024-03-17 15:57:52',	'2024-03-17 15:57:52',	'2024-03-17 15:57:52'),
(81,	45,	1,	'present',	'2024-03-17 15:57:52',	'2024-03-17 15:57:52',	'2024-03-17 15:57:52'),
(82,	46,	1,	'present',	'2024-03-17 15:57:52',	'2024-03-17 15:57:52',	'2024-03-17 15:57:52'),
(83,	47,	1,	'present',	'2024-03-17 15:57:52',	'2024-03-17 15:57:52',	'2024-03-17 15:57:52'),
(84,	48,	1,	'present',	'2024-03-17 15:57:52',	'2024-03-17 15:57:52',	'2024-03-17 15:57:52'),
(85,	49,	1,	'present',	'2024-03-17 15:57:52',	'2024-03-17 15:57:52',	'2024-03-17 15:57:52'),
(86,	50,	1,	'present',	'2024-03-17 15:57:52',	'2024-03-17 15:57:52',	'2024-03-17 15:57:52'),
(87,	51,	1,	'present',	'2024-03-17 15:57:52',	'2024-03-17 15:57:52',	'2024-03-17 15:57:52'),
(88,	52,	1,	'present',	'2024-03-17 15:57:52',	'2024-03-17 15:57:52',	'2024-03-17 15:57:52'),
(89,	53,	1,	'present',	'2024-03-17 15:57:52',	'2024-03-17 15:57:52',	'2024-03-17 15:57:52'),
(90,	54,	1,	'present',	'2024-03-17 15:57:52',	'2024-03-17 15:57:52',	'2024-03-17 15:57:52'),
(91,	55,	1,	'present',	'2024-03-17 15:57:52',	'2024-03-17 15:57:52',	'2024-03-17 15:57:52'),
(92,	56,	1,	'present',	'2024-03-17 15:57:52',	'2024-03-17 15:57:52',	'2024-03-17 15:57:52'),
(93,	57,	1,	'present',	'2024-03-17 15:57:52',	'2024-03-17 15:57:52',	'2024-03-17 15:57:52'),
(94,	58,	1,	'present',	'2024-03-17 15:57:52',	'2024-03-17 15:57:52',	'2024-03-17 15:57:52'),
(95,	59,	1,	'absent',	'2024-03-17 15:57:52',	'2024-03-17 15:57:52',	'2024-03-17 15:57:52'),
(96,	60,	1,	'present',	'2024-03-17 15:57:52',	'2024-03-17 15:57:52',	'2024-03-17 15:57:52'),
(97,	61,	1,	'present',	'2024-03-17 15:57:52',	'2024-03-17 15:57:52',	'2024-03-17 15:57:52'),
(98,	62,	1,	'present',	'2024-03-17 15:57:52',	'2024-03-17 15:57:52',	'2024-03-17 15:57:52'),
(99,	63,	1,	'present',	'2024-03-17 15:57:52',	'2024-03-17 15:57:52',	'2024-03-17 15:57:52'),
(100,	64,	1,	'present',	'2024-03-17 15:57:52',	'2024-03-17 15:57:52',	'2024-03-17 15:57:52'),
(101,	65,	1,	'present',	'2024-03-17 15:57:52',	'2024-03-17 15:57:52',	'2024-03-17 15:57:52'),
(102,	66,	1,	'present',	'2024-03-17 15:57:52',	'2024-03-17 15:57:52',	'2024-03-17 15:57:52'),
(103,	67,	1,	'absent',	'2024-03-17 15:57:52',	'2024-03-17 15:57:52',	'2024-03-17 15:57:52'),
(104,	68,	1,	'present',	'2024-03-17 15:57:52',	'2024-03-17 15:57:52',	'2024-03-17 15:57:52'),
(105,	69,	1,	'present',	'2024-03-17 15:57:52',	'2024-03-17 15:57:52',	'2024-03-17 15:57:52'),
(106,	70,	1,	'present',	'2024-03-17 15:57:52',	'2024-03-17 15:57:52',	'2024-03-17 15:57:52'),
(107,	71,	1,	'present',	'2024-03-17 15:57:52',	'2024-03-17 15:57:52',	'2024-03-17 15:57:52'),
(108,	72,	1,	'present',	'2024-03-17 15:57:52',	'2024-03-17 15:57:52',	'2024-03-17 15:57:52'),
(109,	73,	1,	'present',	'2024-03-17 15:57:52',	'2024-03-17 15:57:52',	'2024-03-17 15:57:52'),
(110,	74,	1,	'absent',	'2024-03-17 15:57:52',	'2024-03-17 15:57:52',	'2024-03-17 15:57:52'),
(111,	75,	1,	'present',	'2024-03-17 15:57:52',	'2024-03-17 15:57:52',	'2024-03-17 15:57:52'),
(112,	76,	1,	'present',	'2024-03-17 15:57:52',	'2024-03-17 15:57:52',	'2024-03-17 15:57:52'),
(113,	77,	1,	'present',	'2024-03-17 15:57:52',	'2024-03-17 15:57:52',	'2024-03-17 15:57:52'),
(114,	78,	1,	'present',	'2024-03-17 15:57:52',	'2024-03-17 15:57:52',	'2024-03-17 15:57:52'),
(115,	79,	1,	'present',	'2024-03-17 15:57:52',	'2024-03-17 15:57:52',	'2024-03-17 15:57:52'),
(116,	80,	1,	'present',	'2024-03-17 15:57:52',	'2024-03-17 15:57:52',	'2024-03-17 15:57:52'),
(117,	81,	1,	'present',	'2024-03-17 15:57:52',	'2024-03-17 15:57:52',	'2024-03-17 15:57:52'),
(118,	82,	1,	'present',	'2024-03-17 15:57:52',	'2024-03-17 15:57:52',	'2024-03-17 15:57:52'),
(119,	83,	1,	'present',	'2024-03-17 15:57:52',	'2024-03-17 15:57:52',	'2024-03-17 15:57:52'),
(120,	84,	1,	'present',	'2024-03-17 15:57:52',	'2024-03-17 15:57:52',	'2024-03-17 15:57:52'),
(121,	85,	1,	'present',	'2024-03-17 15:57:52',	'2024-03-17 15:57:52',	'2024-03-17 15:57:52'),
(122,	86,	1,	'present',	'2024-03-17 15:57:52',	'2024-03-17 15:57:52',	'2024-03-17 15:57:52'),
(123,	87,	1,	'present',	'2024-03-17 15:57:52',	'2024-03-17 15:57:52',	'2024-03-17 15:57:52'),
(124,	88,	1,	'present',	'2024-03-17 15:57:52',	'2024-03-17 15:57:52',	'2024-03-17 15:57:52'),
(125,	89,	1,	'present',	'2024-03-17 15:57:52',	'2024-03-17 15:57:52',	'2024-03-17 15:57:52'),
(126,	90,	1,	'present',	'2024-03-17 15:57:52',	'2024-03-17 15:57:52',	'2024-03-17 15:57:52'),
(127,	91,	1,	'present',	'2024-03-17 15:57:52',	'2024-03-17 15:57:52',	'2024-03-17 15:57:52'),
(128,	92,	1,	'absent',	'2024-03-17 15:57:52',	'2024-03-17 15:57:52',	'2024-03-17 15:57:52'),
(129,	93,	1,	'present',	'2024-03-17 15:57:52',	'2024-03-17 15:57:52',	'2024-03-17 15:57:52'),
(130,	94,	1,	'present',	'2024-03-17 15:57:52',	'2024-03-17 15:57:52',	'2024-03-17 15:57:52'),
(131,	95,	1,	'present',	'2024-03-17 15:57:52',	'2024-03-17 15:57:52',	'2024-03-17 15:57:52'),
(132,	96,	1,	'present',	'2024-03-17 15:57:52',	'2024-03-17 15:57:52',	'2024-03-17 15:57:52'),
(133,	97,	1,	'present',	'2024-03-17 15:57:52',	'2024-03-17 15:57:52',	'2024-03-17 15:57:52'),
(134,	98,	1,	'present',	'2024-03-17 15:57:52',	'2024-03-17 15:57:52',	'2024-03-17 15:57:52'),
(135,	99,	1,	'present',	'2024-03-17 15:57:52',	'2024-03-17 15:57:52',	'2024-03-17 15:57:52'),
(136,	100,	1,	'absent',	'2024-03-17 15:57:52',	'2024-03-17 15:57:52',	'2024-03-17 15:57:52'),
(137,	101,	1,	'absent',	'2024-03-17 15:57:52',	'2024-03-17 15:57:52',	'2024-03-17 15:57:52'),
(138,	102,	1,	'present',	'2024-03-17 15:57:52',	'2024-03-17 15:57:52',	'2024-03-17 15:57:52'),
(139,	103,	1,	'present',	'2024-03-17 15:57:52',	'2024-03-17 15:57:52',	'2024-03-17 15:57:52'),
(140,	104,	1,	'present',	'2024-03-17 15:57:52',	'2024-03-17 15:57:52',	'2024-03-17 15:57:52'),
(141,	105,	1,	'present',	'2024-03-17 15:57:52',	'2024-03-17 15:57:52',	'2024-03-17 15:57:52'),
(142,	106,	1,	'present',	'2024-03-17 15:57:52',	'2024-03-17 15:57:52',	'2024-03-17 15:57:52'),
(143,	107,	1,	'present',	'2024-03-17 15:57:52',	'2024-03-17 15:57:52',	'2024-03-17 15:57:52'),
(144,	108,	1,	'present',	'2024-03-17 15:57:52',	'2024-03-17 15:57:52',	'2024-03-17 15:57:52'),
(145,	109,	1,	'absent',	'2024-03-17 15:57:52',	'2024-03-17 15:57:52',	'2024-03-17 15:57:52'),
(146,	110,	1,	'present',	'2024-03-17 15:57:52',	'2024-03-17 15:57:52',	'2024-03-17 15:57:52'),
(147,	111,	1,	'present',	'2024-03-17 15:57:52',	'2024-03-17 15:57:52',	'2024-03-17 15:57:52'),
(148,	112,	1,	'present',	'2024-03-17 15:57:52',	'2024-03-17 15:57:52',	'2024-03-17 15:57:52'),
(149,	113,	1,	'present',	'2024-03-17 15:57:52',	'2024-03-17 15:57:52',	'2024-03-17 15:57:52'),
(150,	114,	1,	'present',	'2024-03-17 15:57:52',	'2024-03-17 15:57:52',	'2024-03-17 15:57:52'),
(151,	115,	1,	'absent',	'2024-03-17 15:57:52',	'2024-03-17 15:57:52',	'2024-03-17 15:57:52'),
(152,	116,	1,	'absent',	'2024-03-17 15:57:52',	'2024-03-17 15:57:52',	'2024-03-17 15:57:52'),
(153,	117,	1,	'present',	'2024-03-17 15:57:52',	'2024-03-17 15:57:52',	'2024-03-17 15:57:52'),
(154,	118,	1,	'present',	'2024-03-17 15:57:52',	'2024-03-17 15:57:52',	'2024-03-17 15:57:52'),
(155,	119,	1,	'present',	'2024-03-17 15:57:52',	'2024-03-17 15:57:52',	'2024-03-17 15:57:52'),
(156,	120,	1,	'present',	'2024-03-17 15:57:52',	'2024-03-17 15:57:52',	'2024-03-17 15:57:52'),
(157,	121,	1,	'present',	'2024-03-17 15:57:52',	'2024-03-17 15:57:52',	'2024-03-17 15:57:52'),
(158,	122,	1,	'present',	'2024-03-17 15:57:52',	'2024-03-17 15:57:52',	'2024-03-17 15:57:52'),
(159,	123,	1,	'present',	'2024-03-17 15:57:52',	'2024-03-17 15:57:52',	'2024-03-17 15:57:52'),
(160,	124,	1,	'present',	'2024-03-17 15:57:52',	'2024-03-17 15:57:52',	'2024-03-17 15:57:52'),
(161,	125,	1,	'present',	'2024-03-17 15:57:52',	'2024-03-17 15:57:52',	'2024-03-17 15:57:52'),
(162,	126,	1,	'present',	'2024-03-17 15:57:52',	'2024-03-17 15:57:52',	'2024-03-17 15:57:52'),
(163,	127,	1,	'absent',	'2024-03-17 15:57:52',	'2024-03-17 15:57:52',	'2024-03-17 15:57:52'),
(164,	128,	1,	'present',	'2024-03-17 15:57:52',	'2024-03-17 15:57:52',	'2024-03-17 15:57:52'),
(165,	129,	1,	'present',	'2024-03-17 15:57:52',	'2024-03-17 15:57:52',	'2024-03-17 15:57:52'),
(166,	130,	1,	'present',	'2024-03-17 15:57:52',	'2024-03-17 15:57:52',	'2024-03-17 15:57:52'),
(167,	131,	1,	'present',	'2024-03-17 15:57:52',	'2024-03-17 15:57:52',	'2024-03-17 15:57:52'),
(168,	132,	1,	'present',	'2024-03-17 15:57:52',	'2024-03-17 15:57:52',	'2024-03-17 15:57:52'),
(169,	133,	1,	'absent',	'2024-03-17 15:57:52',	'2024-03-17 15:57:52',	'2024-03-17 15:57:52'),
(170,	134,	1,	'present',	'2024-03-17 15:57:52',	'2024-03-17 15:57:52',	'2024-03-17 15:57:52'),
(171,	135,	1,	'present',	'2024-03-17 15:57:52',	'2024-03-17 15:57:52',	'2024-03-17 15:57:52'),
(172,	136,	1,	'present',	'2024-03-17 15:57:52',	'2024-03-17 15:57:52',	'2024-03-17 15:57:52'),
(173,	137,	1,	'present',	'2024-03-17 15:57:52',	'2024-03-17 15:57:52',	'2024-03-17 15:57:52'),
(174,	138,	1,	'present',	'2024-03-17 15:57:52',	'2024-03-17 15:57:52',	'2024-03-17 15:57:52'),
(175,	139,	1,	'present',	'2024-03-17 15:57:52',	'2024-03-17 15:57:52',	'2024-03-17 15:57:52'),
(176,	140,	1,	'absent',	'2024-03-17 15:57:52',	'2024-03-17 15:57:52',	'2024-03-17 15:57:52'),
(177,	141,	1,	'present',	'2024-03-17 15:57:52',	'2024-03-17 15:57:52',	'2024-03-17 15:57:52'),
(178,	142,	1,	'present',	'2024-03-17 15:57:52',	'2024-03-17 15:57:52',	'2024-03-17 15:57:52'),
(179,	143,	1,	'present',	'2024-03-17 15:57:52',	'2024-03-17 15:57:52',	'2024-03-17 15:57:52'),
(180,	144,	1,	'present',	'2024-03-17 15:57:52',	'2024-03-17 15:57:52',	'2024-03-17 15:57:52'),
(181,	145,	1,	'present',	'2024-03-17 15:57:52',	'2024-03-17 15:57:52',	'2024-03-17 15:57:52'),
(182,	2,	1,	'present',	'2024-03-19 06:24:03',	'2024-03-19 06:24:03',	'2024-03-19 06:24:03'),
(183,	3,	1,	'present',	'2024-03-19 06:24:03',	'2024-03-19 06:24:03',	'2024-03-19 06:24:03'),
(184,	4,	1,	'present',	'2024-03-19 06:24:03',	'2024-03-19 06:24:03',	'2024-03-19 06:24:03'),
(185,	5,	1,	'present',	'2024-03-19 06:24:03',	'2024-03-19 06:24:03',	'2024-03-19 06:24:03'),
(186,	6,	1,	'present',	'2024-03-19 06:24:03',	'2024-03-19 06:24:03',	'2024-03-19 06:24:03'),
(187,	7,	1,	'present',	'2024-03-19 06:24:03',	'2024-03-19 06:24:03',	'2024-03-19 06:24:03'),
(188,	8,	1,	'present',	'2024-03-19 06:24:03',	'2024-03-19 06:24:03',	'2024-03-19 06:24:03'),
(189,	9,	1,	'present',	'2024-03-19 06:24:03',	'2024-03-19 06:24:03',	'2024-03-19 06:24:03'),
(190,	10,	1,	'present',	'2024-03-19 06:24:03',	'2024-03-19 06:24:03',	'2024-03-19 06:24:03'),
(191,	11,	1,	'present',	'2024-03-19 06:24:03',	'2024-03-19 06:24:03',	'2024-03-19 06:24:03'),
(192,	12,	1,	'present',	'2024-03-19 06:24:03',	'2024-03-19 06:24:03',	'2024-03-19 06:24:03'),
(193,	13,	1,	'present',	'2024-03-19 06:24:03',	'2024-03-19 06:24:03',	'2024-03-19 06:24:03'),
(194,	14,	1,	'present',	'2024-03-19 06:24:03',	'2024-03-19 06:24:03',	'2024-03-19 06:24:03'),
(195,	15,	1,	'present',	'2024-03-19 06:24:03',	'2024-03-19 06:24:03',	'2024-03-19 06:24:03'),
(196,	16,	1,	'present',	'2024-03-19 06:24:03',	'2024-03-19 06:24:03',	'2024-03-19 06:24:03'),
(197,	17,	1,	'present',	'2024-03-19 06:24:03',	'2024-03-19 06:24:03',	'2024-03-19 06:24:03'),
(198,	18,	1,	'present',	'2024-03-19 06:24:03',	'2024-03-19 06:24:03',	'2024-03-19 06:24:03'),
(199,	19,	1,	'present',	'2024-03-19 06:24:03',	'2024-03-19 06:24:03',	'2024-03-19 06:24:03'),
(200,	20,	1,	'present',	'2024-03-19 06:24:03',	'2024-03-19 06:24:03',	'2024-03-19 06:24:03'),
(201,	21,	1,	'present',	'2024-03-19 06:24:03',	'2024-03-19 06:24:03',	'2024-03-19 06:24:03'),
(202,	22,	1,	'present',	'2024-03-19 06:24:03',	'2024-03-19 06:24:03',	'2024-03-19 06:24:03'),
(203,	23,	1,	'present',	'2024-03-19 06:24:03',	'2024-03-19 06:24:03',	'2024-03-19 06:24:03'),
(204,	24,	1,	'present',	'2024-03-19 06:24:03',	'2024-03-19 06:24:03',	'2024-03-19 06:24:03'),
(205,	25,	1,	'present',	'2024-03-19 06:24:03',	'2024-03-19 06:24:03',	'2024-03-19 06:24:03'),
(206,	26,	1,	'present',	'2024-03-19 06:24:03',	'2024-03-19 06:24:03',	'2024-03-19 06:24:03'),
(207,	27,	1,	'present',	'2024-03-19 06:24:03',	'2024-03-19 06:24:03',	'2024-03-19 06:24:03'),
(208,	28,	1,	'present',	'2024-03-19 06:24:03',	'2024-03-19 06:24:03',	'2024-03-19 06:24:03'),
(209,	29,	1,	'present',	'2024-03-19 06:24:03',	'2024-03-19 06:24:03',	'2024-03-19 06:24:03'),
(210,	30,	1,	'present',	'2024-03-19 06:24:03',	'2024-03-19 06:24:03',	'2024-03-19 06:24:03'),
(211,	31,	1,	'present',	'2024-03-19 06:24:03',	'2024-03-19 06:24:03',	'2024-03-19 06:24:03'),
(212,	32,	1,	'present',	'2024-03-19 06:24:03',	'2024-03-19 06:24:03',	'2024-03-19 06:24:03'),
(213,	33,	1,	'present',	'2024-03-19 06:24:03',	'2024-03-19 06:24:03',	'2024-03-19 06:24:03'),
(214,	34,	1,	'present',	'2024-03-19 06:24:03',	'2024-03-19 06:24:03',	'2024-03-19 06:24:03'),
(215,	35,	1,	'present',	'2024-03-19 06:24:03',	'2024-03-19 06:24:03',	'2024-03-19 06:24:03'),
(216,	36,	1,	'present',	'2024-03-19 06:24:03',	'2024-03-19 06:24:03',	'2024-03-19 06:24:03'),
(217,	37,	1,	'present',	'2024-03-19 06:24:03',	'2024-03-19 06:24:03',	'2024-03-19 06:24:03'),
(218,	38,	1,	'present',	'2024-03-19 06:24:03',	'2024-03-19 06:24:03',	'2024-03-19 06:24:03'),
(219,	39,	1,	'present',	'2024-03-19 06:24:03',	'2024-03-19 06:24:03',	'2024-03-19 06:24:03'),
(220,	40,	1,	'present',	'2024-03-19 06:24:03',	'2024-03-19 06:24:03',	'2024-03-19 06:24:03'),
(221,	41,	1,	'present',	'2024-03-19 06:24:03',	'2024-03-19 06:24:03',	'2024-03-19 06:24:03'),
(222,	42,	1,	'present',	'2024-03-19 06:24:03',	'2024-03-19 06:24:03',	'2024-03-19 06:24:03'),
(223,	43,	1,	'present',	'2024-03-19 06:24:03',	'2024-03-19 06:24:03',	'2024-03-19 06:24:03'),
(224,	44,	1,	'present',	'2024-03-19 06:24:03',	'2024-03-19 06:24:03',	'2024-03-19 06:24:03'),
(225,	45,	1,	'present',	'2024-03-19 06:24:03',	'2024-03-19 06:24:03',	'2024-03-19 06:24:03'),
(226,	46,	1,	'present',	'2024-03-19 06:24:03',	'2024-03-19 06:24:03',	'2024-03-19 06:24:03'),
(227,	47,	1,	'present',	'2024-03-19 06:24:03',	'2024-03-19 06:24:03',	'2024-03-19 06:24:03'),
(228,	48,	1,	'present',	'2024-03-19 06:24:03',	'2024-03-19 06:24:03',	'2024-03-19 06:24:03'),
(229,	49,	1,	'present',	'2024-03-19 06:24:03',	'2024-03-19 06:24:03',	'2024-03-19 06:24:03'),
(230,	50,	1,	'present',	'2024-03-19 06:24:03',	'2024-03-19 06:24:03',	'2024-03-19 06:24:03'),
(231,	51,	1,	'present',	'2024-03-19 06:24:03',	'2024-03-19 06:24:03',	'2024-03-19 06:24:03'),
(232,	52,	1,	'present',	'2024-03-19 06:24:03',	'2024-03-19 06:24:03',	'2024-03-19 06:24:03'),
(233,	53,	1,	'present',	'2024-03-19 06:24:03',	'2024-03-19 06:24:03',	'2024-03-19 06:24:03'),
(234,	54,	1,	'present',	'2024-03-19 06:24:03',	'2024-03-19 06:24:03',	'2024-03-19 06:24:03'),
(235,	55,	1,	'present',	'2024-03-19 06:24:03',	'2024-03-19 06:24:03',	'2024-03-19 06:24:03'),
(236,	56,	1,	'present',	'2024-03-19 06:24:03',	'2024-03-19 06:24:03',	'2024-03-19 06:24:03'),
(237,	57,	1,	'present',	'2024-03-19 06:24:03',	'2024-03-19 06:24:03',	'2024-03-19 06:24:03'),
(238,	58,	1,	'present',	'2024-03-19 06:24:03',	'2024-03-19 06:24:03',	'2024-03-19 06:24:03'),
(239,	59,	1,	'present',	'2024-03-19 06:24:03',	'2024-03-19 06:24:03',	'2024-03-19 06:24:03'),
(240,	60,	1,	'present',	'2024-03-19 06:24:03',	'2024-03-19 06:24:03',	'2024-03-19 06:24:03'),
(241,	61,	1,	'present',	'2024-03-19 06:24:03',	'2024-03-19 06:24:03',	'2024-03-19 06:24:03'),
(242,	62,	1,	'present',	'2024-03-19 06:24:03',	'2024-03-19 06:24:03',	'2024-03-19 06:24:03'),
(243,	63,	1,	'present',	'2024-03-19 06:24:03',	'2024-03-19 06:24:03',	'2024-03-19 06:24:03'),
(244,	64,	1,	'present',	'2024-03-19 06:24:03',	'2024-03-19 06:24:03',	'2024-03-19 06:24:03'),
(245,	65,	1,	'present',	'2024-03-19 06:24:04',	'2024-03-19 06:24:04',	'2024-03-19 06:24:04'),
(246,	66,	1,	'present',	'2024-03-19 06:24:04',	'2024-03-19 06:24:04',	'2024-03-19 06:24:04'),
(247,	67,	1,	'present',	'2024-03-19 06:24:04',	'2024-03-19 06:24:04',	'2024-03-19 06:24:04'),
(248,	68,	1,	'present',	'2024-03-19 06:24:04',	'2024-03-19 06:24:04',	'2024-03-19 06:24:04'),
(249,	69,	1,	'present',	'2024-03-19 06:24:04',	'2024-03-19 06:24:04',	'2024-03-19 06:24:04'),
(250,	70,	1,	'present',	'2024-03-19 06:24:04',	'2024-03-19 06:24:04',	'2024-03-19 06:24:04'),
(251,	71,	1,	'present',	'2024-03-19 06:24:04',	'2024-03-19 06:24:04',	'2024-03-19 06:24:04'),
(252,	72,	1,	'present',	'2024-03-19 06:24:04',	'2024-03-19 06:24:04',	'2024-03-19 06:24:04'),
(253,	73,	1,	'present',	'2024-03-19 06:24:04',	'2024-03-19 06:24:04',	'2024-03-19 06:24:04'),
(254,	74,	1,	'present',	'2024-03-19 06:24:04',	'2024-03-19 06:24:04',	'2024-03-19 06:24:04'),
(255,	75,	1,	'present',	'2024-03-19 06:24:04',	'2024-03-19 06:24:04',	'2024-03-19 06:24:04'),
(256,	76,	1,	'present',	'2024-03-19 06:24:04',	'2024-03-19 06:24:04',	'2024-03-19 06:24:04'),
(257,	77,	1,	'present',	'2024-03-19 06:24:04',	'2024-03-19 06:24:04',	'2024-03-19 06:24:04'),
(258,	78,	1,	'present',	'2024-03-19 06:24:04',	'2024-03-19 06:24:04',	'2024-03-19 06:24:04'),
(259,	79,	1,	'late',	'2024-03-19 06:24:04',	'2024-03-19 06:24:04',	'2024-03-19 06:24:04'),
(260,	80,	1,	'present',	'2024-03-19 06:24:04',	'2024-03-19 06:24:04',	'2024-03-19 06:24:04'),
(261,	81,	1,	'present',	'2024-03-19 06:24:04',	'2024-03-19 06:24:04',	'2024-03-19 06:24:04'),
(262,	82,	1,	'present',	'2024-03-19 06:24:04',	'2024-03-19 06:24:04',	'2024-03-19 06:24:04'),
(263,	83,	1,	'present',	'2024-03-19 06:24:04',	'2024-03-19 06:24:04',	'2024-03-19 06:24:04'),
(264,	84,	1,	'present',	'2024-03-19 06:24:04',	'2024-03-19 06:24:04',	'2024-03-19 06:24:04'),
(265,	85,	1,	'late',	'2024-03-19 06:24:04',	'2024-03-19 06:24:04',	'2024-03-19 06:24:04'),
(266,	86,	1,	'present',	'2024-03-19 06:24:04',	'2024-03-19 06:24:04',	'2024-03-19 06:24:04'),
(267,	87,	1,	'present',	'2024-03-19 06:24:04',	'2024-03-19 06:24:04',	'2024-03-19 06:24:04'),
(268,	88,	1,	'present',	'2024-03-19 06:24:04',	'2024-03-19 06:24:04',	'2024-03-19 06:24:04'),
(269,	89,	1,	'present',	'2024-03-19 06:24:04',	'2024-03-19 06:24:04',	'2024-03-19 06:24:04'),
(270,	90,	1,	'present',	'2024-03-19 06:24:04',	'2024-03-19 06:24:04',	'2024-03-19 06:24:04'),
(271,	91,	1,	'present',	'2024-03-19 06:24:04',	'2024-03-19 06:24:04',	'2024-03-19 06:24:04'),
(272,	92,	1,	'present',	'2024-03-19 06:24:04',	'2024-03-19 06:24:04',	'2024-03-19 06:24:04'),
(273,	93,	1,	'present',	'2024-03-19 06:24:04',	'2024-03-19 06:24:04',	'2024-03-19 06:24:04'),
(274,	94,	1,	'present',	'2024-03-19 06:24:04',	'2024-03-19 06:24:04',	'2024-03-19 06:24:04'),
(275,	95,	1,	'present',	'2024-03-19 06:24:04',	'2024-03-19 06:24:04',	'2024-03-19 06:24:04'),
(276,	96,	1,	'present',	'2024-03-19 06:24:04',	'2024-03-19 06:24:04',	'2024-03-19 06:24:04'),
(277,	97,	1,	'present',	'2024-03-19 06:24:04',	'2024-03-19 06:24:04',	'2024-03-19 06:24:04'),
(278,	98,	1,	'present',	'2024-03-19 06:24:04',	'2024-03-19 06:24:04',	'2024-03-19 06:24:04'),
(279,	99,	1,	'present',	'2024-03-19 06:24:04',	'2024-03-19 06:24:04',	'2024-03-19 06:24:04'),
(280,	100,	1,	'present',	'2024-03-19 06:24:04',	'2024-03-19 06:24:04',	'2024-03-19 06:24:04'),
(281,	101,	1,	'present',	'2024-03-19 06:24:04',	'2024-03-19 06:24:04',	'2024-03-19 06:24:04'),
(282,	102,	1,	'present',	'2024-03-19 06:24:04',	'2024-03-19 06:24:04',	'2024-03-19 06:24:04'),
(283,	103,	1,	'late',	'2024-03-19 06:24:04',	'2024-03-19 06:24:04',	'2024-03-19 06:24:04'),
(284,	104,	1,	'present',	'2024-03-19 06:24:04',	'2024-03-19 06:24:04',	'2024-03-19 06:24:04'),
(285,	105,	1,	'present',	'2024-03-19 06:24:04',	'2024-03-19 06:24:04',	'2024-03-19 06:24:04'),
(286,	106,	1,	'late',	'2024-03-19 06:24:04',	'2024-03-19 06:24:04',	'2024-03-19 06:24:04'),
(287,	107,	1,	'present',	'2024-03-19 06:24:04',	'2024-03-19 06:24:04',	'2024-03-19 06:24:04'),
(288,	108,	1,	'present',	'2024-03-19 06:24:04',	'2024-03-19 06:24:04',	'2024-03-19 06:24:04'),
(289,	109,	1,	'present',	'2024-03-19 06:24:04',	'2024-03-19 06:24:04',	'2024-03-19 06:24:04'),
(290,	110,	1,	'present',	'2024-03-19 06:24:04',	'2024-03-19 06:24:04',	'2024-03-19 06:24:04'),
(291,	111,	1,	'present',	'2024-03-19 06:24:04',	'2024-03-19 06:24:04',	'2024-03-19 06:24:04'),
(292,	112,	1,	'present',	'2024-03-19 06:24:04',	'2024-03-19 06:24:04',	'2024-03-19 06:24:04'),
(293,	113,	1,	'present',	'2024-03-19 06:24:04',	'2024-03-19 06:24:04',	'2024-03-19 06:24:04'),
(294,	114,	1,	'present',	'2024-03-19 06:24:04',	'2024-03-19 06:24:04',	'2024-03-19 06:24:04'),
(295,	115,	1,	'present',	'2024-03-19 06:24:04',	'2024-03-19 06:24:04',	'2024-03-19 06:24:04'),
(296,	116,	1,	'present',	'2024-03-19 06:24:04',	'2024-03-19 06:24:04',	'2024-03-19 06:24:04'),
(297,	117,	1,	'present',	'2024-03-19 06:24:04',	'2024-03-19 06:24:04',	'2024-03-19 06:24:04'),
(298,	118,	1,	'present',	'2024-03-19 06:24:04',	'2024-03-19 06:24:04',	'2024-03-19 06:24:04'),
(299,	119,	1,	'present',	'2024-03-19 06:24:04',	'2024-03-19 06:24:04',	'2024-03-19 06:24:04'),
(300,	120,	1,	'present',	'2024-03-19 06:24:04',	'2024-03-19 06:24:04',	'2024-03-19 06:24:04'),
(301,	121,	1,	'present',	'2024-03-19 06:24:04',	'2024-03-19 06:24:04',	'2024-03-19 06:24:04'),
(302,	122,	1,	'present',	'2024-03-19 06:24:04',	'2024-03-19 06:24:04',	'2024-03-19 06:24:04'),
(303,	123,	1,	'present',	'2024-03-19 06:24:04',	'2024-03-19 06:24:04',	'2024-03-19 06:24:04'),
(304,	124,	1,	'present',	'2024-03-19 06:24:04',	'2024-03-19 06:24:04',	'2024-03-19 06:24:04'),
(305,	125,	1,	'present',	'2024-03-19 06:24:04',	'2024-03-19 06:24:04',	'2024-03-19 06:24:04'),
(306,	126,	1,	'present',	'2024-03-19 06:24:04',	'2024-03-19 06:24:04',	'2024-03-19 06:24:04'),
(307,	127,	1,	'late',	'2024-03-19 06:24:04',	'2024-03-19 06:24:04',	'2024-03-19 06:24:04'),
(308,	128,	1,	'present',	'2024-03-19 06:24:04',	'2024-03-19 06:24:04',	'2024-03-19 06:24:04'),
(309,	129,	1,	'present',	'2024-03-19 06:24:04',	'2024-03-19 06:24:04',	'2024-03-19 06:24:04'),
(310,	130,	1,	'present',	'2024-03-19 06:24:04',	'2024-03-19 06:24:04',	'2024-03-19 06:24:04'),
(311,	131,	1,	'present',	'2024-03-19 06:24:04',	'2024-03-19 06:24:04',	'2024-03-19 06:24:04'),
(312,	132,	1,	'present',	'2024-03-19 06:24:04',	'2024-03-19 06:24:04',	'2024-03-19 06:24:04'),
(313,	133,	1,	'present',	'2024-03-19 06:24:04',	'2024-03-19 06:24:04',	'2024-03-19 06:24:04'),
(314,	134,	1,	'present',	'2024-03-19 06:24:04',	'2024-03-19 06:24:04',	'2024-03-19 06:24:04'),
(315,	135,	1,	'late',	'2024-03-19 06:24:04',	'2024-03-19 06:24:04',	'2024-03-19 06:24:04'),
(316,	136,	1,	'present',	'2024-03-19 06:24:04',	'2024-03-19 06:24:04',	'2024-03-19 06:24:04'),
(317,	137,	1,	'present',	'2024-03-19 06:24:04',	'2024-03-19 06:24:04',	'2024-03-19 06:24:04'),
(318,	138,	1,	'present',	'2024-03-19 06:24:04',	'2024-03-19 06:24:04',	'2024-03-19 06:24:04'),
(319,	139,	1,	'late',	'2024-03-19 06:24:04',	'2024-03-19 06:24:04',	'2024-03-19 06:24:04'),
(320,	140,	1,	'present',	'2024-03-19 06:24:04',	'2024-03-19 06:24:04',	'2024-03-19 06:24:04'),
(321,	141,	1,	'present',	'2024-03-19 06:24:04',	'2024-03-19 06:24:04',	'2024-03-19 06:24:04'),
(322,	142,	1,	'present',	'2024-03-19 06:24:04',	'2024-03-19 06:24:04',	'2024-03-19 06:24:04'),
(323,	143,	1,	'present',	'2024-03-19 06:24:04',	'2024-03-19 06:24:04',	'2024-03-19 06:24:04'),
(324,	144,	1,	'present',	'2024-03-19 06:24:04',	'2024-03-19 06:24:04',	'2024-03-19 06:24:04'),
(325,	145,	1,	'absent',	'2024-03-19 06:24:04',	'2024-03-19 06:24:04',	'2024-03-19 06:24:04'),
(326,	2,	1,	'present',	'2024-03-22 05:21:30',	'2024-03-22 05:21:30',	'2024-03-22 05:21:30'),
(327,	3,	1,	'present',	'2024-03-22 05:21:30',	'2024-03-22 05:21:30',	'2024-03-22 05:21:30'),
(328,	4,	1,	'present',	'2024-03-22 05:21:30',	'2024-03-22 05:21:30',	'2024-03-22 05:21:30'),
(329,	5,	1,	'present',	'2024-03-22 05:21:30',	'2024-03-22 05:21:30',	'2024-03-22 05:21:30'),
(330,	6,	1,	'present',	'2024-03-22 05:21:30',	'2024-03-22 05:21:30',	'2024-03-22 05:21:30'),
(331,	7,	1,	'present',	'2024-03-22 05:21:30',	'2024-03-22 05:21:30',	'2024-03-22 05:21:30'),
(332,	8,	1,	'present',	'2024-03-22 05:21:30',	'2024-03-22 05:21:30',	'2024-03-22 05:21:30'),
(333,	9,	1,	'present',	'2024-03-22 05:21:30',	'2024-03-22 05:21:30',	'2024-03-22 05:21:30'),
(334,	10,	1,	'present',	'2024-03-22 05:21:30',	'2024-03-22 05:21:30',	'2024-03-22 05:21:30'),
(335,	11,	1,	'present',	'2024-03-22 05:21:30',	'2024-03-22 05:21:30',	'2024-03-22 05:21:30'),
(336,	12,	1,	'present',	'2024-03-22 05:21:30',	'2024-03-22 05:21:30',	'2024-03-22 05:21:30'),
(337,	13,	1,	'present',	'2024-03-22 05:21:30',	'2024-03-22 05:21:30',	'2024-03-22 05:21:30'),
(338,	14,	1,	'present',	'2024-03-22 05:21:30',	'2024-03-22 05:21:30',	'2024-03-22 05:21:30'),
(339,	15,	1,	'present',	'2024-03-22 05:21:30',	'2024-03-22 05:21:30',	'2024-03-22 05:21:30'),
(340,	16,	1,	'present',	'2024-03-22 05:21:30',	'2024-03-22 05:21:30',	'2024-03-22 05:21:30'),
(341,	17,	1,	'present',	'2024-03-22 05:21:30',	'2024-03-22 05:21:30',	'2024-03-22 05:21:30'),
(342,	18,	1,	'present',	'2024-03-22 05:21:30',	'2024-03-22 05:21:30',	'2024-03-22 05:21:30'),
(343,	19,	1,	'present',	'2024-03-22 05:21:30',	'2024-03-22 05:21:30',	'2024-03-22 05:21:30'),
(344,	20,	1,	'present',	'2024-03-22 05:21:30',	'2024-03-22 05:21:30',	'2024-03-22 05:21:30'),
(345,	21,	1,	'present',	'2024-03-22 05:21:30',	'2024-03-22 05:21:30',	'2024-03-22 05:21:30'),
(346,	22,	1,	'present',	'2024-03-22 05:21:30',	'2024-03-22 05:21:30',	'2024-03-22 05:21:30'),
(347,	23,	1,	'present',	'2024-03-22 05:21:30',	'2024-03-22 05:21:30',	'2024-03-22 05:21:30'),
(348,	24,	1,	'present',	'2024-03-22 05:21:30',	'2024-03-22 05:21:30',	'2024-03-22 05:21:30'),
(349,	25,	1,	'present',	'2024-03-22 05:21:30',	'2024-03-22 05:21:30',	'2024-03-22 05:21:30'),
(350,	26,	1,	'present',	'2024-03-22 05:21:30',	'2024-03-22 05:21:30',	'2024-03-22 05:21:30'),
(351,	27,	1,	'present',	'2024-03-22 05:21:30',	'2024-03-22 05:21:30',	'2024-03-22 05:21:30'),
(352,	28,	1,	'present',	'2024-03-22 05:21:30',	'2024-03-22 05:21:30',	'2024-03-22 05:21:30'),
(353,	29,	1,	'present',	'2024-03-22 05:21:30',	'2024-03-22 05:21:30',	'2024-03-22 05:21:30'),
(354,	30,	1,	'present',	'2024-03-22 05:21:30',	'2024-03-22 05:21:30',	'2024-03-22 05:21:30'),
(355,	31,	1,	'absent',	'2024-03-22 05:21:30',	'2024-03-22 05:21:30',	'2024-03-22 05:21:30'),
(356,	32,	1,	'present',	'2024-03-22 05:21:30',	'2024-03-22 05:21:30',	'2024-03-22 05:21:30'),
(357,	33,	1,	'present',	'2024-03-22 05:21:30',	'2024-03-22 05:21:30',	'2024-03-22 05:21:30'),
(358,	34,	1,	'present',	'2024-03-22 05:21:30',	'2024-03-22 05:21:30',	'2024-03-22 05:21:30'),
(359,	35,	1,	'present',	'2024-03-22 05:21:30',	'2024-03-22 05:21:30',	'2024-03-22 05:21:30'),
(360,	36,	1,	'present',	'2024-03-22 05:21:30',	'2024-03-22 05:21:30',	'2024-03-22 05:21:30'),
(361,	37,	1,	'present',	'2024-03-22 05:21:30',	'2024-03-22 05:21:30',	'2024-03-22 05:21:30'),
(362,	38,	1,	'present',	'2024-03-22 05:21:30',	'2024-03-22 05:21:30',	'2024-03-22 05:21:30'),
(363,	39,	1,	'present',	'2024-03-22 05:21:30',	'2024-03-22 05:21:30',	'2024-03-22 05:21:30'),
(364,	40,	1,	'present',	'2024-03-22 05:21:30',	'2024-03-22 05:21:30',	'2024-03-22 05:21:30'),
(365,	41,	1,	'present',	'2024-03-22 05:21:30',	'2024-03-22 05:21:30',	'2024-03-22 05:21:30'),
(366,	42,	1,	'present',	'2024-03-22 05:21:30',	'2024-03-22 05:21:30',	'2024-03-22 05:21:30'),
(367,	43,	1,	'present',	'2024-03-22 05:21:30',	'2024-03-22 05:21:30',	'2024-03-22 05:21:30'),
(368,	44,	1,	'present',	'2024-03-22 05:21:30',	'2024-03-22 05:21:30',	'2024-03-22 05:21:30'),
(369,	45,	1,	'present',	'2024-03-22 05:21:30',	'2024-03-22 05:21:30',	'2024-03-22 05:21:30'),
(370,	46,	1,	'present',	'2024-03-22 05:21:30',	'2024-03-22 05:21:30',	'2024-03-22 05:21:30'),
(371,	47,	1,	'present',	'2024-03-22 05:21:30',	'2024-03-22 05:21:30',	'2024-03-22 05:21:30'),
(372,	48,	1,	'absent',	'2024-03-22 05:21:30',	'2024-03-22 05:21:30',	'2024-03-22 05:21:30'),
(373,	49,	1,	'present',	'2024-03-22 05:21:30',	'2024-03-22 05:21:30',	'2024-03-22 05:21:30'),
(374,	50,	1,	'present',	'2024-03-22 05:21:30',	'2024-03-22 05:21:30',	'2024-03-22 05:21:30'),
(375,	51,	1,	'present',	'2024-03-22 05:21:30',	'2024-03-22 05:21:30',	'2024-03-22 05:21:30'),
(376,	52,	1,	'present',	'2024-03-22 05:21:30',	'2024-03-22 05:21:30',	'2024-03-22 05:21:30'),
(377,	53,	1,	'present',	'2024-03-22 05:21:30',	'2024-03-22 05:21:30',	'2024-03-22 05:21:30'),
(378,	54,	1,	'present',	'2024-03-22 05:21:30',	'2024-03-22 05:21:30',	'2024-03-22 05:21:30'),
(379,	55,	1,	'present',	'2024-03-22 05:21:30',	'2024-03-22 05:21:30',	'2024-03-22 05:21:30'),
(380,	56,	1,	'present',	'2024-03-22 05:21:30',	'2024-03-22 05:21:30',	'2024-03-22 05:21:30'),
(381,	57,	1,	'present',	'2024-03-22 05:21:30',	'2024-03-22 05:21:30',	'2024-03-22 05:21:30'),
(382,	58,	1,	'present',	'2024-03-22 05:21:30',	'2024-03-22 05:21:30',	'2024-03-22 05:21:30'),
(383,	59,	1,	'present',	'2024-03-22 05:21:30',	'2024-03-22 05:21:30',	'2024-03-22 05:21:30'),
(384,	60,	1,	'present',	'2024-03-22 05:21:30',	'2024-03-22 05:21:30',	'2024-03-22 05:21:30'),
(385,	61,	1,	'present',	'2024-03-22 05:21:30',	'2024-03-22 05:21:30',	'2024-03-22 05:21:30'),
(386,	62,	1,	'present',	'2024-03-22 05:21:30',	'2024-03-22 05:21:30',	'2024-03-22 05:21:30'),
(387,	63,	1,	'present',	'2024-03-22 05:21:30',	'2024-03-22 05:21:30',	'2024-03-22 05:21:30'),
(388,	64,	1,	'present',	'2024-03-22 05:21:30',	'2024-03-22 05:21:30',	'2024-03-22 05:21:30'),
(389,	65,	1,	'present',	'2024-03-22 05:21:30',	'2024-03-22 05:21:30',	'2024-03-22 05:21:30'),
(390,	66,	1,	'present',	'2024-03-22 05:21:30',	'2024-03-22 05:21:30',	'2024-03-22 05:21:30'),
(391,	67,	1,	'present',	'2024-03-22 05:21:30',	'2024-03-22 05:21:30',	'2024-03-22 05:21:30'),
(392,	68,	1,	'present',	'2024-03-22 05:21:30',	'2024-03-22 05:21:30',	'2024-03-22 05:21:30'),
(393,	69,	1,	'present',	'2024-03-22 05:21:30',	'2024-03-22 05:21:30',	'2024-03-22 05:21:30'),
(394,	70,	1,	'present',	'2024-03-22 05:21:30',	'2024-03-22 05:21:30',	'2024-03-22 05:21:30'),
(395,	71,	1,	'present',	'2024-03-22 05:21:30',	'2024-03-22 05:21:30',	'2024-03-22 05:21:30'),
(396,	72,	1,	'present',	'2024-03-22 05:21:30',	'2024-03-22 05:21:30',	'2024-03-22 05:21:30'),
(397,	73,	1,	'present',	'2024-03-22 05:21:30',	'2024-03-22 05:21:30',	'2024-03-22 05:21:30'),
(398,	74,	1,	'present',	'2024-03-22 05:21:30',	'2024-03-22 05:21:30',	'2024-03-22 05:21:30'),
(399,	75,	1,	'present',	'2024-03-22 05:21:30',	'2024-03-22 05:21:30',	'2024-03-22 05:21:30'),
(400,	76,	1,	'present',	'2024-03-22 05:21:30',	'2024-03-22 05:21:30',	'2024-03-22 05:21:30'),
(401,	77,	1,	'present',	'2024-03-22 05:21:30',	'2024-03-22 05:21:30',	'2024-03-22 05:21:30'),
(402,	78,	1,	'present',	'2024-03-22 05:21:30',	'2024-03-22 05:21:30',	'2024-03-22 05:21:30'),
(403,	79,	1,	'present',	'2024-03-22 05:21:30',	'2024-03-22 05:21:30',	'2024-03-22 05:21:30'),
(404,	80,	1,	'present',	'2024-03-22 05:21:30',	'2024-03-22 05:21:30',	'2024-03-22 05:21:30'),
(405,	81,	1,	'present',	'2024-03-22 05:21:30',	'2024-03-22 05:21:30',	'2024-03-22 05:21:30'),
(406,	82,	1,	'present',	'2024-03-22 05:21:30',	'2024-03-22 05:21:30',	'2024-03-22 05:21:30'),
(407,	83,	1,	'present',	'2024-03-22 05:21:30',	'2024-03-22 05:21:30',	'2024-03-22 05:21:30'),
(408,	84,	1,	'present',	'2024-03-22 05:21:30',	'2024-03-22 05:21:30',	'2024-03-22 05:21:30'),
(409,	85,	1,	'present',	'2024-03-22 05:21:30',	'2024-03-22 05:21:30',	'2024-03-22 05:21:30'),
(410,	86,	1,	'present',	'2024-03-22 05:21:30',	'2024-03-22 05:21:30',	'2024-03-22 05:21:30'),
(411,	87,	1,	'present',	'2024-03-22 05:21:30',	'2024-03-22 05:21:30',	'2024-03-22 05:21:30'),
(412,	88,	1,	'present',	'2024-03-22 05:21:30',	'2024-03-22 05:21:30',	'2024-03-22 05:21:30'),
(413,	89,	1,	'present',	'2024-03-22 05:21:30',	'2024-03-22 05:21:30',	'2024-03-22 05:21:30'),
(414,	90,	1,	'present',	'2024-03-22 05:21:30',	'2024-03-22 05:21:30',	'2024-03-22 05:21:30'),
(415,	91,	1,	'present',	'2024-03-22 05:21:30',	'2024-03-22 05:21:30',	'2024-03-22 05:21:30'),
(416,	92,	1,	'present',	'2024-03-22 05:21:30',	'2024-03-22 05:21:30',	'2024-03-22 05:21:30'),
(417,	93,	1,	'present',	'2024-03-22 05:21:30',	'2024-03-22 05:21:30',	'2024-03-22 05:21:30'),
(418,	94,	1,	'present',	'2024-03-22 05:21:30',	'2024-03-22 05:21:30',	'2024-03-22 05:21:30'),
(419,	95,	1,	'present',	'2024-03-22 05:21:30',	'2024-03-22 05:21:30',	'2024-03-22 05:21:30'),
(420,	96,	1,	'present',	'2024-03-22 05:21:30',	'2024-03-22 05:21:30',	'2024-03-22 05:21:30'),
(421,	97,	1,	'present',	'2024-03-22 05:21:30',	'2024-03-22 05:21:30',	'2024-03-22 05:21:30'),
(422,	98,	1,	'present',	'2024-03-22 05:21:30',	'2024-03-22 05:21:30',	'2024-03-22 05:21:30'),
(423,	99,	1,	'present',	'2024-03-22 05:21:30',	'2024-03-22 05:21:30',	'2024-03-22 05:21:30'),
(424,	100,	1,	'present',	'2024-03-22 05:21:30',	'2024-03-22 05:21:30',	'2024-03-22 05:21:30'),
(425,	101,	1,	'present',	'2024-03-22 05:21:30',	'2024-03-22 05:21:30',	'2024-03-22 05:21:30'),
(426,	102,	1,	'present',	'2024-03-22 05:21:30',	'2024-03-22 05:21:30',	'2024-03-22 05:21:30'),
(427,	103,	1,	'present',	'2024-03-22 05:21:30',	'2024-03-22 05:21:30',	'2024-03-22 05:21:30'),
(428,	104,	1,	'present',	'2024-03-22 05:21:30',	'2024-03-22 05:21:30',	'2024-03-22 05:21:30'),
(429,	105,	1,	'present',	'2024-03-22 05:21:30',	'2024-03-22 05:21:30',	'2024-03-22 05:21:30'),
(430,	106,	1,	'present',	'2024-03-22 05:21:30',	'2024-03-22 05:21:30',	'2024-03-22 05:21:30'),
(431,	107,	1,	'present',	'2024-03-22 05:21:30',	'2024-03-22 05:21:30',	'2024-03-22 05:21:30'),
(432,	108,	1,	'present',	'2024-03-22 05:21:30',	'2024-03-22 05:21:30',	'2024-03-22 05:21:30'),
(433,	109,	1,	'present',	'2024-03-22 05:21:30',	'2024-03-22 05:21:30',	'2024-03-22 05:21:30'),
(434,	110,	1,	'absent',	'2024-03-22 05:21:30',	'2024-03-22 05:21:30',	'2024-03-22 05:21:30'),
(435,	111,	1,	'present',	'2024-03-22 05:21:30',	'2024-03-22 05:21:30',	'2024-03-22 05:21:30'),
(436,	112,	1,	'present',	'2024-03-22 05:21:30',	'2024-03-22 05:21:30',	'2024-03-22 05:21:30'),
(437,	113,	1,	'present',	'2024-03-22 05:21:30',	'2024-03-22 05:21:30',	'2024-03-22 05:21:30'),
(438,	114,	1,	'present',	'2024-03-22 05:21:30',	'2024-03-22 05:21:30',	'2024-03-22 05:21:30'),
(439,	115,	1,	'present',	'2024-03-22 05:21:30',	'2024-03-22 05:21:30',	'2024-03-22 05:21:30'),
(440,	116,	1,	'present',	'2024-03-22 05:21:30',	'2024-03-22 05:21:30',	'2024-03-22 05:21:30'),
(441,	117,	1,	'present',	'2024-03-22 05:21:30',	'2024-03-22 05:21:30',	'2024-03-22 05:21:30'),
(442,	118,	1,	'present',	'2024-03-22 05:21:30',	'2024-03-22 05:21:30',	'2024-03-22 05:21:30'),
(443,	119,	1,	'present',	'2024-03-22 05:21:30',	'2024-03-22 05:21:30',	'2024-03-22 05:21:30'),
(444,	120,	1,	'present',	'2024-03-22 05:21:30',	'2024-03-22 05:21:30',	'2024-03-22 05:21:30'),
(445,	121,	1,	'present',	'2024-03-22 05:21:30',	'2024-03-22 05:21:30',	'2024-03-22 05:21:30'),
(446,	122,	1,	'present',	'2024-03-22 05:21:30',	'2024-03-22 05:21:30',	'2024-03-22 05:21:30'),
(447,	123,	1,	'present',	'2024-03-22 05:21:30',	'2024-03-22 05:21:30',	'2024-03-22 05:21:30'),
(448,	124,	1,	'present',	'2024-03-22 05:21:30',	'2024-03-22 05:21:30',	'2024-03-22 05:21:30'),
(449,	125,	1,	'absent',	'2024-03-22 05:21:30',	'2024-03-22 05:21:30',	'2024-03-22 05:21:30'),
(450,	126,	1,	'present',	'2024-03-22 05:21:30',	'2024-03-22 05:21:30',	'2024-03-22 05:21:30'),
(451,	127,	1,	'present',	'2024-03-22 05:21:30',	'2024-03-22 05:21:30',	'2024-03-22 05:21:30'),
(452,	128,	1,	'present',	'2024-03-22 05:21:30',	'2024-03-22 05:21:30',	'2024-03-22 05:21:30'),
(453,	129,	1,	'present',	'2024-03-22 05:21:30',	'2024-03-22 05:21:30',	'2024-03-22 05:21:30'),
(454,	130,	1,	'present',	'2024-03-22 05:21:30',	'2024-03-22 05:21:30',	'2024-03-22 05:21:30'),
(455,	131,	1,	'present',	'2024-03-22 05:21:30',	'2024-03-22 05:21:30',	'2024-03-22 05:21:30'),
(456,	132,	1,	'present',	'2024-03-22 05:21:30',	'2024-03-22 05:21:30',	'2024-03-22 05:21:30'),
(457,	133,	1,	'present',	'2024-03-22 05:21:30',	'2024-03-22 05:21:30',	'2024-03-22 05:21:30'),
(458,	134,	1,	'present',	'2024-03-22 05:21:30',	'2024-03-22 05:21:30',	'2024-03-22 05:21:30'),
(459,	135,	1,	'present',	'2024-03-22 05:21:30',	'2024-03-22 05:21:30',	'2024-03-22 05:21:30'),
(460,	136,	1,	'present',	'2024-03-22 05:21:30',	'2024-03-22 05:21:30',	'2024-03-22 05:21:30'),
(461,	137,	1,	'present',	'2024-03-22 05:21:30',	'2024-03-22 05:21:30',	'2024-03-22 05:21:30'),
(462,	138,	1,	'present',	'2024-03-22 05:21:30',	'2024-03-22 05:21:30',	'2024-03-22 05:21:30'),
(463,	139,	1,	'present',	'2024-03-22 05:21:30',	'2024-03-22 05:21:30',	'2024-03-22 05:21:30'),
(464,	140,	1,	'present',	'2024-03-22 05:21:30',	'2024-03-22 05:21:30',	'2024-03-22 05:21:30'),
(465,	141,	1,	'present',	'2024-03-22 05:21:30',	'2024-03-22 05:21:30',	'2024-03-22 05:21:30'),
(466,	142,	1,	'present',	'2024-03-22 05:21:30',	'2024-03-22 05:21:30',	'2024-03-22 05:21:30'),
(467,	143,	1,	'present',	'2024-03-22 05:21:30',	'2024-03-22 05:21:30',	'2024-03-22 05:21:30'),
(468,	144,	1,	'present',	'2024-03-22 05:21:30',	'2024-03-22 05:21:30',	'2024-03-22 05:21:30'),
(469,	145,	1,	'present',	'2024-03-22 05:21:30',	'2024-03-22 05:21:30',	'2024-03-22 05:21:30'),
(470,	2,	1,	'present',	'2024-04-01 16:37:44',	'2024-04-01 16:37:44',	'2024-04-01 16:37:44'),
(471,	3,	1,	'present',	'2024-04-01 16:37:44',	'2024-04-01 16:37:44',	'2024-04-01 16:37:44'),
(472,	4,	1,	'present',	'2024-04-01 16:37:44',	'2024-04-01 16:37:44',	'2024-04-01 16:37:44'),
(473,	5,	1,	'present',	'2024-04-01 16:37:44',	'2024-04-01 16:37:44',	'2024-04-01 16:37:44'),
(474,	6,	1,	'present',	'2024-04-01 16:37:44',	'2024-04-01 16:37:44',	'2024-04-01 16:37:44'),
(475,	7,	1,	'present',	'2024-04-01 16:37:44',	'2024-04-01 16:37:44',	'2024-04-01 16:37:44'),
(476,	8,	1,	'present',	'2024-04-01 16:37:44',	'2024-04-01 16:37:44',	'2024-04-01 16:37:44'),
(477,	9,	1,	'present',	'2024-04-01 16:37:44',	'2024-04-01 16:37:44',	'2024-04-01 16:37:44'),
(478,	10,	1,	'present',	'2024-04-01 16:37:44',	'2024-04-01 16:37:44',	'2024-04-01 16:37:44'),
(479,	11,	1,	'present',	'2024-04-01 16:37:44',	'2024-04-01 16:37:44',	'2024-04-01 16:37:44'),
(480,	12,	1,	'present',	'2024-04-01 16:37:44',	'2024-04-01 16:37:44',	'2024-04-01 16:37:44'),
(481,	13,	1,	'present',	'2024-04-01 16:37:44',	'2024-04-01 16:37:44',	'2024-04-01 16:37:44'),
(482,	14,	1,	'present',	'2024-04-01 16:37:44',	'2024-04-01 16:37:44',	'2024-04-01 16:37:44'),
(483,	15,	1,	'present',	'2024-04-01 16:37:44',	'2024-04-01 16:37:44',	'2024-04-01 16:37:44'),
(484,	16,	1,	'present',	'2024-04-01 16:37:44',	'2024-04-01 16:37:44',	'2024-04-01 16:37:44'),
(485,	17,	1,	'present',	'2024-04-01 16:37:44',	'2024-04-01 16:37:44',	'2024-04-01 16:37:44'),
(486,	18,	1,	'present',	'2024-04-01 16:37:44',	'2024-04-01 16:37:44',	'2024-04-01 16:37:44'),
(487,	19,	1,	'present',	'2024-04-01 16:37:44',	'2024-04-01 16:37:44',	'2024-04-01 16:37:44'),
(488,	20,	1,	'present',	'2024-04-01 16:37:44',	'2024-04-01 16:37:44',	'2024-04-01 16:37:44'),
(489,	21,	1,	'present',	'2024-04-01 16:37:44',	'2024-04-01 16:37:44',	'2024-04-01 16:37:44'),
(490,	22,	1,	'present',	'2024-04-01 16:37:44',	'2024-04-01 16:37:44',	'2024-04-01 16:37:44'),
(491,	23,	1,	'present',	'2024-04-01 16:37:44',	'2024-04-01 16:37:44',	'2024-04-01 16:37:44'),
(492,	24,	1,	'present',	'2024-04-01 16:37:44',	'2024-04-01 16:37:44',	'2024-04-01 16:37:44'),
(493,	25,	1,	'present',	'2024-04-01 16:37:44',	'2024-04-01 16:37:44',	'2024-04-01 16:37:44'),
(494,	26,	1,	'present',	'2024-04-01 16:37:44',	'2024-04-01 16:37:44',	'2024-04-01 16:37:44'),
(495,	27,	1,	'present',	'2024-04-01 16:37:44',	'2024-04-01 16:37:44',	'2024-04-01 16:37:44'),
(496,	28,	1,	'present',	'2024-04-01 16:37:44',	'2024-04-01 16:37:44',	'2024-04-01 16:37:44'),
(497,	29,	1,	'present',	'2024-04-01 16:37:44',	'2024-04-01 16:37:44',	'2024-04-01 16:37:44'),
(498,	30,	1,	'present',	'2024-04-01 16:37:44',	'2024-04-01 16:37:44',	'2024-04-01 16:37:44'),
(499,	31,	1,	'present',	'2024-04-01 16:37:44',	'2024-04-01 16:37:44',	'2024-04-01 16:37:44'),
(500,	32,	1,	'present',	'2024-04-01 16:37:44',	'2024-04-01 16:37:44',	'2024-04-01 16:37:44'),
(501,	33,	1,	'present',	'2024-04-01 16:37:44',	'2024-04-01 16:37:44',	'2024-04-01 16:37:44'),
(502,	34,	1,	'present',	'2024-04-01 16:37:44',	'2024-04-01 16:37:44',	'2024-04-01 16:37:44'),
(503,	35,	1,	'present',	'2024-04-01 16:37:44',	'2024-04-01 16:37:44',	'2024-04-01 16:37:44'),
(504,	36,	1,	'present',	'2024-04-01 16:37:44',	'2024-04-01 16:37:44',	'2024-04-01 16:37:44'),
(505,	37,	1,	'present',	'2024-04-01 16:37:44',	'2024-04-01 16:37:44',	'2024-04-01 16:37:44'),
(506,	38,	1,	'present',	'2024-04-01 16:37:44',	'2024-04-01 16:37:44',	'2024-04-01 16:37:44'),
(507,	39,	1,	'present',	'2024-04-01 16:37:44',	'2024-04-01 16:37:44',	'2024-04-01 16:37:44'),
(508,	40,	1,	'present',	'2024-04-01 16:37:44',	'2024-04-01 16:37:44',	'2024-04-01 16:37:44'),
(509,	41,	1,	'present',	'2024-04-01 16:37:44',	'2024-04-01 16:37:44',	'2024-04-01 16:37:44'),
(510,	42,	1,	'present',	'2024-04-01 16:37:44',	'2024-04-01 16:37:44',	'2024-04-01 16:37:44'),
(511,	43,	1,	'present',	'2024-04-01 16:37:44',	'2024-04-01 16:37:44',	'2024-04-01 16:37:44'),
(512,	44,	1,	'present',	'2024-04-01 16:37:44',	'2024-04-01 16:37:44',	'2024-04-01 16:37:44'),
(513,	45,	1,	'present',	'2024-04-01 16:37:44',	'2024-04-01 16:37:44',	'2024-04-01 16:37:44'),
(514,	46,	1,	'present',	'2024-04-01 16:37:44',	'2024-04-01 16:37:44',	'2024-04-01 16:37:44'),
(515,	47,	1,	'present',	'2024-04-01 16:37:44',	'2024-04-01 16:37:44',	'2024-04-01 16:37:44'),
(516,	48,	1,	'present',	'2024-04-01 16:37:44',	'2024-04-01 16:37:44',	'2024-04-01 16:37:44'),
(517,	49,	1,	'present',	'2024-04-01 16:37:44',	'2024-04-01 16:37:44',	'2024-04-01 16:37:44'),
(518,	50,	1,	'present',	'2024-04-01 16:37:44',	'2024-04-01 16:37:44',	'2024-04-01 16:37:44'),
(519,	51,	1,	'present',	'2024-04-01 16:37:44',	'2024-04-01 16:37:44',	'2024-04-01 16:37:44'),
(520,	52,	1,	'present',	'2024-04-01 16:37:44',	'2024-04-01 16:37:44',	'2024-04-01 16:37:44'),
(521,	53,	1,	'present',	'2024-04-01 16:37:44',	'2024-04-01 16:37:44',	'2024-04-01 16:37:44'),
(522,	54,	1,	'present',	'2024-04-01 16:37:44',	'2024-04-01 16:37:44',	'2024-04-01 16:37:44'),
(523,	55,	1,	'present',	'2024-04-01 16:37:44',	'2024-04-01 16:37:44',	'2024-04-01 16:37:44'),
(524,	56,	1,	'present',	'2024-04-01 16:37:44',	'2024-04-01 16:37:44',	'2024-04-01 16:37:44'),
(525,	57,	1,	'present',	'2024-04-01 16:37:44',	'2024-04-01 16:37:44',	'2024-04-01 16:37:44'),
(526,	58,	1,	'present',	'2024-04-01 16:37:44',	'2024-04-01 16:37:44',	'2024-04-01 16:37:44'),
(527,	59,	1,	'present',	'2024-04-01 16:37:44',	'2024-04-01 16:37:44',	'2024-04-01 16:37:44'),
(528,	60,	1,	'present',	'2024-04-01 16:37:44',	'2024-04-01 16:37:44',	'2024-04-01 16:37:44'),
(529,	61,	1,	'present',	'2024-04-01 16:37:44',	'2024-04-01 16:37:44',	'2024-04-01 16:37:44'),
(530,	62,	1,	'present',	'2024-04-01 16:37:44',	'2024-04-01 16:37:44',	'2024-04-01 16:37:44'),
(531,	63,	1,	'present',	'2024-04-01 16:37:44',	'2024-04-01 16:37:44',	'2024-04-01 16:37:44'),
(532,	64,	1,	'present',	'2024-04-01 16:37:44',	'2024-04-01 16:37:44',	'2024-04-01 16:37:44'),
(533,	65,	1,	'present',	'2024-04-01 16:37:44',	'2024-04-01 16:37:44',	'2024-04-01 16:37:44'),
(534,	66,	1,	'present',	'2024-04-01 16:37:44',	'2024-04-01 16:37:44',	'2024-04-01 16:37:44'),
(535,	67,	1,	'present',	'2024-04-01 16:37:44',	'2024-04-01 16:37:44',	'2024-04-01 16:37:44'),
(536,	68,	1,	'present',	'2024-04-01 16:37:44',	'2024-04-01 16:37:44',	'2024-04-01 16:37:44'),
(537,	69,	1,	'present',	'2024-04-01 16:37:44',	'2024-04-01 16:37:44',	'2024-04-01 16:37:44'),
(538,	70,	1,	'present',	'2024-04-01 16:37:44',	'2024-04-01 16:37:44',	'2024-04-01 16:37:44'),
(539,	71,	1,	'present',	'2024-04-01 16:37:44',	'2024-04-01 16:37:44',	'2024-04-01 16:37:44'),
(540,	72,	1,	'present',	'2024-04-01 16:37:44',	'2024-04-01 16:37:44',	'2024-04-01 16:37:44'),
(541,	73,	1,	'present',	'2024-04-01 16:37:44',	'2024-04-01 16:37:44',	'2024-04-01 16:37:44'),
(542,	74,	1,	'present',	'2024-04-01 16:37:44',	'2024-04-01 16:37:44',	'2024-04-01 16:37:44'),
(543,	75,	1,	'present',	'2024-04-01 16:37:44',	'2024-04-01 16:37:44',	'2024-04-01 16:37:44'),
(544,	76,	1,	'present',	'2024-04-01 16:37:44',	'2024-04-01 16:37:44',	'2024-04-01 16:37:44'),
(545,	77,	1,	'present',	'2024-04-01 16:37:44',	'2024-04-01 16:37:44',	'2024-04-01 16:37:44'),
(546,	78,	1,	'present',	'2024-04-01 16:37:44',	'2024-04-01 16:37:44',	'2024-04-01 16:37:44'),
(547,	79,	1,	'present',	'2024-04-01 16:37:44',	'2024-04-01 16:37:44',	'2024-04-01 16:37:44'),
(548,	80,	1,	'present',	'2024-04-01 16:37:44',	'2024-04-01 16:37:44',	'2024-04-01 16:37:44'),
(549,	81,	1,	'present',	'2024-04-01 16:37:44',	'2024-04-01 16:37:44',	'2024-04-01 16:37:44'),
(550,	82,	1,	'present',	'2024-04-01 16:37:44',	'2024-04-01 16:37:44',	'2024-04-01 16:37:44'),
(551,	83,	1,	'present',	'2024-04-01 16:37:44',	'2024-04-01 16:37:44',	'2024-04-01 16:37:44'),
(552,	84,	1,	'present',	'2024-04-01 16:37:44',	'2024-04-01 16:37:44',	'2024-04-01 16:37:44'),
(553,	85,	1,	'present',	'2024-04-01 16:37:44',	'2024-04-01 16:37:44',	'2024-04-01 16:37:44'),
(554,	86,	1,	'present',	'2024-04-01 16:37:44',	'2024-04-01 16:37:44',	'2024-04-01 16:37:44'),
(555,	87,	1,	'present',	'2024-04-01 16:37:44',	'2024-04-01 16:37:44',	'2024-04-01 16:37:44'),
(556,	88,	1,	'present',	'2024-04-01 16:37:44',	'2024-04-01 16:37:44',	'2024-04-01 16:37:44'),
(557,	89,	1,	'present',	'2024-04-01 16:37:44',	'2024-04-01 16:37:44',	'2024-04-01 16:37:44'),
(558,	90,	1,	'present',	'2024-04-01 16:37:44',	'2024-04-01 16:37:44',	'2024-04-01 16:37:44'),
(559,	91,	1,	'present',	'2024-04-01 16:37:44',	'2024-04-01 16:37:44',	'2024-04-01 16:37:44'),
(560,	92,	1,	'present',	'2024-04-01 16:37:44',	'2024-04-01 16:37:44',	'2024-04-01 16:37:44'),
(561,	93,	1,	'present',	'2024-04-01 16:37:44',	'2024-04-01 16:37:44',	'2024-04-01 16:37:44'),
(562,	94,	1,	'present',	'2024-04-01 16:37:44',	'2024-04-01 16:37:44',	'2024-04-01 16:37:44'),
(563,	95,	1,	'present',	'2024-04-01 16:37:44',	'2024-04-01 16:37:44',	'2024-04-01 16:37:44'),
(564,	96,	1,	'present',	'2024-04-01 16:37:44',	'2024-04-01 16:37:44',	'2024-04-01 16:37:44'),
(565,	97,	1,	'present',	'2024-04-01 16:37:44',	'2024-04-01 16:37:44',	'2024-04-01 16:37:44'),
(566,	98,	1,	'present',	'2024-04-01 16:37:44',	'2024-04-01 16:37:44',	'2024-04-01 16:37:44'),
(567,	99,	1,	'present',	'2024-04-01 16:37:44',	'2024-04-01 16:37:44',	'2024-04-01 16:37:44'),
(568,	100,	1,	'present',	'2024-04-01 16:37:44',	'2024-04-01 16:37:44',	'2024-04-01 16:37:44'),
(569,	101,	1,	'present',	'2024-04-01 16:37:44',	'2024-04-01 16:37:44',	'2024-04-01 16:37:44'),
(570,	102,	1,	'present',	'2024-04-01 16:37:44',	'2024-04-01 16:37:44',	'2024-04-01 16:37:44'),
(571,	103,	1,	'present',	'2024-04-01 16:37:44',	'2024-04-01 16:37:44',	'2024-04-01 16:37:44'),
(572,	104,	1,	'present',	'2024-04-01 16:37:44',	'2024-04-01 16:37:44',	'2024-04-01 16:37:44'),
(573,	105,	1,	'present',	'2024-04-01 16:37:44',	'2024-04-01 16:37:44',	'2024-04-01 16:37:44'),
(574,	106,	1,	'present',	'2024-04-01 16:37:44',	'2024-04-01 16:37:44',	'2024-04-01 16:37:44'),
(575,	107,	1,	'present',	'2024-04-01 16:37:44',	'2024-04-01 16:37:44',	'2024-04-01 16:37:44'),
(576,	108,	1,	'present',	'2024-04-01 16:37:44',	'2024-04-01 16:37:44',	'2024-04-01 16:37:44'),
(577,	109,	1,	'present',	'2024-04-01 16:37:44',	'2024-04-01 16:37:44',	'2024-04-01 16:37:44'),
(578,	110,	1,	'present',	'2024-04-01 16:37:44',	'2024-04-01 16:37:44',	'2024-04-01 16:37:44'),
(579,	111,	1,	'present',	'2024-04-01 16:37:44',	'2024-04-01 16:37:44',	'2024-04-01 16:37:44'),
(580,	112,	1,	'present',	'2024-04-01 16:37:44',	'2024-04-01 16:37:44',	'2024-04-01 16:37:44'),
(581,	113,	1,	'present',	'2024-04-01 16:37:44',	'2024-04-01 16:37:44',	'2024-04-01 16:37:44'),
(582,	114,	1,	'present',	'2024-04-01 16:37:44',	'2024-04-01 16:37:44',	'2024-04-01 16:37:44'),
(583,	115,	1,	'present',	'2024-04-01 16:37:44',	'2024-04-01 16:37:44',	'2024-04-01 16:37:44'),
(584,	116,	1,	'present',	'2024-04-01 16:37:44',	'2024-04-01 16:37:44',	'2024-04-01 16:37:44'),
(585,	117,	1,	'present',	'2024-04-01 16:37:44',	'2024-04-01 16:37:44',	'2024-04-01 16:37:44'),
(586,	118,	1,	'present',	'2024-04-01 16:37:44',	'2024-04-01 16:37:44',	'2024-04-01 16:37:44'),
(587,	119,	1,	'present',	'2024-04-01 16:37:44',	'2024-04-01 16:37:44',	'2024-04-01 16:37:44'),
(588,	120,	1,	'present',	'2024-04-01 16:37:44',	'2024-04-01 16:37:44',	'2024-04-01 16:37:44'),
(589,	121,	1,	'present',	'2024-04-01 16:37:44',	'2024-04-01 16:37:44',	'2024-04-01 16:37:44'),
(590,	122,	1,	'present',	'2024-04-01 16:37:44',	'2024-04-01 16:37:44',	'2024-04-01 16:37:44'),
(591,	123,	1,	'present',	'2024-04-01 16:37:44',	'2024-04-01 16:37:44',	'2024-04-01 16:37:44'),
(592,	124,	1,	'present',	'2024-04-01 16:37:44',	'2024-04-01 16:37:44',	'2024-04-01 16:37:44'),
(593,	125,	1,	'present',	'2024-04-01 16:37:44',	'2024-04-01 16:37:44',	'2024-04-01 16:37:44'),
(594,	126,	1,	'present',	'2024-04-01 16:37:44',	'2024-04-01 16:37:44',	'2024-04-01 16:37:44'),
(595,	127,	1,	'present',	'2024-04-01 16:37:44',	'2024-04-01 16:37:44',	'2024-04-01 16:37:44'),
(596,	128,	1,	'present',	'2024-04-01 16:37:44',	'2024-04-01 16:37:44',	'2024-04-01 16:37:44'),
(597,	129,	1,	'present',	'2024-04-01 16:37:44',	'2024-04-01 16:37:44',	'2024-04-01 16:37:44'),
(598,	130,	1,	'present',	'2024-04-01 16:37:44',	'2024-04-01 16:37:44',	'2024-04-01 16:37:44'),
(599,	131,	1,	'present',	'2024-04-01 16:37:44',	'2024-04-01 16:37:44',	'2024-04-01 16:37:44'),
(600,	132,	1,	'present',	'2024-04-01 16:37:44',	'2024-04-01 16:37:44',	'2024-04-01 16:37:44'),
(601,	133,	1,	'present',	'2024-04-01 16:37:44',	'2024-04-01 16:37:44',	'2024-04-01 16:37:44'),
(602,	134,	1,	'present',	'2024-04-01 16:37:44',	'2024-04-01 16:37:44',	'2024-04-01 16:37:44'),
(603,	135,	1,	'present',	'2024-04-01 16:37:44',	'2024-04-01 16:37:44',	'2024-04-01 16:37:44'),
(604,	136,	1,	'present',	'2024-04-01 16:37:44',	'2024-04-01 16:37:44',	'2024-04-01 16:37:44'),
(605,	137,	1,	'present',	'2024-04-01 16:37:44',	'2024-04-01 16:37:44',	'2024-04-01 16:37:44'),
(606,	138,	1,	'present',	'2024-04-01 16:37:44',	'2024-04-01 16:37:44',	'2024-04-01 16:37:44'),
(607,	139,	1,	'present',	'2024-04-01 16:37:44',	'2024-04-01 16:37:44',	'2024-04-01 16:37:44'),
(608,	140,	1,	'present',	'2024-04-01 16:37:44',	'2024-04-01 16:37:44',	'2024-04-01 16:37:44'),
(609,	141,	1,	'present',	'2024-04-01 16:37:44',	'2024-04-01 16:37:44',	'2024-04-01 16:37:44'),
(610,	142,	1,	'present',	'2024-04-01 16:37:44',	'2024-04-01 16:37:44',	'2024-04-01 16:37:44'),
(611,	143,	1,	'present',	'2024-04-01 16:37:44',	'2024-04-01 16:37:44',	'2024-04-01 16:37:44'),
(612,	144,	1,	'present',	'2024-04-01 16:37:44',	'2024-04-01 16:37:44',	'2024-04-01 16:37:44'),
(613,	145,	1,	'present',	'2024-04-01 16:37:44',	'2024-04-01 16:37:44',	'2024-04-01 16:37:44'),
(614,	39,	1,	'absent',	'2024-04-01 12:41:05',	'2024-04-01 13:17:26',	'2024-04-01 12:41:05'),
(615,	39,	1,	'absent',	'2024-04-02 12:41:26',	'2024-04-02 12:42:14',	'2024-04-02 12:41:26'),
(616,	39,	1,	'leave',	'2024-04-03 12:41:44',	'2024-04-01 13:16:45',	'2024-04-03 12:41:44'),
(617,	146,	7,	'present',	'2024-05-09 14:04:12',	'2024-05-09 14:04:12',	'2024-05-09 14:04:12'),
(618,	147,	7,	'late',	'2024-05-09 14:33:41',	'2024-05-09 14:33:41',	'2024-05-09 14:33:41'),
(619,	2,	1,	'absent',	'2024-06-13 17:12:38',	'2024-06-13 17:12:38',	'2024-06-13 17:12:38'),
(620,	3,	1,	'absent',	'2024-06-13 17:12:38',	'2024-06-13 17:12:38',	'2024-06-13 17:12:38'),
(621,	4,	1,	'present',	'2024-06-13 17:12:38',	'2024-06-13 17:12:38',	'2024-06-13 17:12:38'),
(622,	5,	1,	'present',	'2024-06-13 17:12:38',	'2024-06-13 17:12:38',	'2024-06-13 17:12:38'),
(623,	6,	1,	'present',	'2024-06-13 17:12:38',	'2024-06-13 17:12:38',	'2024-06-13 17:12:38'),
(624,	7,	1,	'present',	'2024-06-13 17:12:38',	'2024-06-13 17:12:38',	'2024-06-13 17:12:38'),
(625,	8,	1,	'present',	'2024-06-13 17:12:38',	'2024-06-13 17:12:38',	'2024-06-13 17:12:38'),
(626,	9,	1,	'present',	'2024-06-13 17:12:38',	'2024-06-13 17:12:38',	'2024-06-13 17:12:38'),
(627,	10,	1,	'present',	'2024-06-13 17:12:38',	'2024-06-13 17:12:38',	'2024-06-13 17:12:38'),
(628,	11,	1,	'present',	'2024-06-13 17:12:38',	'2024-06-13 17:12:38',	'2024-06-13 17:12:38'),
(629,	12,	1,	'present',	'2024-06-13 17:12:38',	'2024-06-13 17:12:38',	'2024-06-13 17:12:38'),
(630,	13,	1,	'present',	'2024-06-13 17:12:38',	'2024-06-13 17:12:38',	'2024-06-13 17:12:38'),
(631,	14,	1,	'present',	'2024-06-13 17:12:38',	'2024-06-13 17:12:38',	'2024-06-13 17:12:38'),
(632,	15,	1,	'present',	'2024-06-13 17:12:38',	'2024-06-13 17:12:38',	'2024-06-13 17:12:38'),
(633,	16,	1,	'present',	'2024-06-13 17:12:38',	'2024-06-13 17:12:38',	'2024-06-13 17:12:38'),
(634,	17,	1,	'present',	'2024-06-13 17:12:38',	'2024-06-13 17:12:38',	'2024-06-13 17:12:38'),
(635,	18,	1,	'present',	'2024-06-13 17:12:38',	'2024-06-13 17:12:38',	'2024-06-13 17:12:38'),
(636,	19,	1,	'present',	'2024-06-13 17:12:38',	'2024-06-13 17:12:38',	'2024-06-13 17:12:38'),
(637,	20,	1,	'present',	'2024-06-13 17:12:38',	'2024-06-13 17:12:38',	'2024-06-13 17:12:38'),
(638,	21,	1,	'present',	'2024-06-13 17:12:38',	'2024-06-13 17:12:38',	'2024-06-13 17:12:38'),
(639,	22,	1,	'present',	'2024-06-13 17:12:38',	'2024-06-13 17:12:38',	'2024-06-13 17:12:38'),
(640,	23,	1,	'present',	'2024-06-13 17:12:38',	'2024-06-13 17:12:38',	'2024-06-13 17:12:38'),
(641,	24,	1,	'present',	'2024-06-13 17:12:38',	'2024-06-13 17:12:38',	'2024-06-13 17:12:38'),
(642,	25,	1,	'present',	'2024-06-13 17:12:38',	'2024-06-13 17:12:38',	'2024-06-13 17:12:38'),
(643,	26,	1,	'present',	'2024-06-13 17:12:38',	'2024-06-13 17:12:38',	'2024-06-13 17:12:38'),
(644,	27,	1,	'present',	'2024-06-13 17:12:38',	'2024-06-13 17:12:38',	'2024-06-13 17:12:38'),
(645,	28,	1,	'present',	'2024-06-13 17:12:38',	'2024-06-13 17:12:38',	'2024-06-13 17:12:38'),
(646,	29,	1,	'present',	'2024-06-13 17:12:38',	'2024-06-13 17:12:38',	'2024-06-13 17:12:38'),
(647,	30,	1,	'present',	'2024-06-13 17:12:38',	'2024-06-13 17:12:38',	'2024-06-13 17:12:38'),
(648,	31,	1,	'present',	'2024-06-13 17:12:38',	'2024-06-13 17:12:38',	'2024-06-13 17:12:38'),
(649,	32,	1,	'present',	'2024-06-13 17:12:38',	'2024-06-13 17:12:38',	'2024-06-13 17:12:38'),
(650,	33,	1,	'present',	'2024-06-13 17:12:38',	'2024-06-13 17:12:38',	'2024-06-13 17:12:38'),
(651,	34,	1,	'present',	'2024-06-13 17:12:38',	'2024-06-13 17:12:38',	'2024-06-13 17:12:38'),
(652,	35,	1,	'present',	'2024-06-13 17:12:38',	'2024-06-13 17:12:38',	'2024-06-13 17:12:38'),
(653,	36,	1,	'present',	'2024-06-13 17:12:38',	'2024-06-13 17:12:38',	'2024-06-13 17:12:38'),
(654,	37,	1,	'present',	'2024-06-13 17:12:38',	'2024-06-13 17:12:38',	'2024-06-13 17:12:38'),
(655,	38,	1,	'present',	'2024-06-13 17:12:38',	'2024-06-13 17:12:38',	'2024-06-13 17:12:38'),
(656,	39,	1,	'present',	'2024-06-13 17:12:38',	'2024-06-13 17:12:38',	'2024-06-13 17:12:38'),
(657,	40,	1,	'present',	'2024-06-13 17:12:38',	'2024-06-13 17:12:38',	'2024-06-13 17:12:38'),
(658,	41,	1,	'present',	'2024-06-13 17:12:38',	'2024-06-13 17:12:38',	'2024-06-13 17:12:38'),
(659,	42,	1,	'present',	'2024-06-13 17:12:38',	'2024-06-13 17:12:38',	'2024-06-13 17:12:38'),
(660,	43,	1,	'absent',	'2024-06-13 17:12:38',	'2024-06-13 17:12:38',	'2024-06-13 17:12:38'),
(661,	44,	1,	'late',	'2024-06-13 17:12:38',	'2024-06-13 17:12:38',	'2024-06-13 17:12:38'),
(662,	45,	1,	'late',	'2024-06-13 17:12:38',	'2024-06-13 17:12:38',	'2024-06-13 17:12:38'),
(663,	46,	1,	'late',	'2024-06-13 17:12:38',	'2024-06-13 17:12:38',	'2024-06-13 17:12:38'),
(664,	47,	1,	'present',	'2024-06-13 17:12:38',	'2024-06-13 17:12:38',	'2024-06-13 17:12:38'),
(665,	48,	1,	'present',	'2024-06-13 17:12:38',	'2024-06-13 17:12:38',	'2024-06-13 17:12:38'),
(666,	49,	1,	'present',	'2024-06-13 17:12:38',	'2024-06-13 17:12:38',	'2024-06-13 17:12:38'),
(667,	50,	1,	'present',	'2024-06-13 17:12:38',	'2024-06-13 17:12:38',	'2024-06-13 17:12:38'),
(668,	51,	1,	'present',	'2024-06-13 17:12:38',	'2024-06-13 17:12:38',	'2024-06-13 17:12:38'),
(669,	52,	1,	'present',	'2024-06-13 17:12:38',	'2024-06-13 17:12:38',	'2024-06-13 17:12:38'),
(670,	53,	1,	'present',	'2024-06-13 17:12:38',	'2024-06-13 17:12:38',	'2024-06-13 17:12:38'),
(671,	54,	1,	'present',	'2024-06-13 17:12:38',	'2024-06-13 17:12:38',	'2024-06-13 17:12:38'),
(672,	55,	1,	'present',	'2024-06-13 17:12:38',	'2024-06-13 17:12:38',	'2024-06-13 17:12:38'),
(673,	56,	1,	'present',	'2024-06-13 17:12:38',	'2024-06-13 17:12:38',	'2024-06-13 17:12:38'),
(674,	57,	1,	'present',	'2024-06-13 17:12:38',	'2024-06-13 17:12:38',	'2024-06-13 17:12:38'),
(675,	58,	1,	'present',	'2024-06-13 17:12:38',	'2024-06-13 17:12:38',	'2024-06-13 17:12:38'),
(676,	59,	1,	'present',	'2024-06-13 17:12:38',	'2024-06-13 17:12:38',	'2024-06-13 17:12:38'),
(677,	60,	1,	'present',	'2024-06-13 17:12:38',	'2024-06-13 17:12:38',	'2024-06-13 17:12:38'),
(678,	61,	1,	'present',	'2024-06-13 17:12:38',	'2024-06-13 17:12:38',	'2024-06-13 17:12:38'),
(679,	62,	1,	'present',	'2024-06-13 17:12:38',	'2024-06-13 17:12:38',	'2024-06-13 17:12:38'),
(680,	63,	1,	'present',	'2024-06-13 17:12:38',	'2024-06-13 17:12:38',	'2024-06-13 17:12:38'),
(681,	64,	1,	'present',	'2024-06-13 17:12:38',	'2024-06-13 17:12:38',	'2024-06-13 17:12:38'),
(682,	65,	1,	'present',	'2024-06-13 17:12:38',	'2024-06-13 17:12:38',	'2024-06-13 17:12:38'),
(683,	66,	1,	'present',	'2024-06-13 17:12:38',	'2024-06-13 17:12:38',	'2024-06-13 17:12:38'),
(684,	67,	1,	'present',	'2024-06-13 17:12:38',	'2024-06-13 17:12:38',	'2024-06-13 17:12:38'),
(685,	68,	1,	'present',	'2024-06-13 17:12:38',	'2024-06-13 17:12:38',	'2024-06-13 17:12:38'),
(686,	69,	1,	'present',	'2024-06-13 17:12:38',	'2024-06-13 17:12:38',	'2024-06-13 17:12:38'),
(687,	70,	1,	'present',	'2024-06-13 17:12:38',	'2024-06-13 17:12:38',	'2024-06-13 17:12:38'),
(688,	71,	1,	'present',	'2024-06-13 17:12:38',	'2024-06-13 17:12:38',	'2024-06-13 17:12:38'),
(689,	72,	1,	'present',	'2024-06-13 17:12:38',	'2024-06-13 17:12:38',	'2024-06-13 17:12:38'),
(690,	73,	1,	'present',	'2024-06-13 17:12:38',	'2024-06-13 17:12:38',	'2024-06-13 17:12:38'),
(691,	74,	1,	'present',	'2024-06-13 17:12:38',	'2024-06-13 17:12:38',	'2024-06-13 17:12:38'),
(692,	75,	1,	'present',	'2024-06-13 17:12:38',	'2024-06-13 17:12:38',	'2024-06-13 17:12:38'),
(693,	76,	1,	'present',	'2024-06-13 17:12:38',	'2024-06-13 17:12:38',	'2024-06-13 17:12:38'),
(694,	77,	1,	'present',	'2024-06-13 17:12:38',	'2024-06-13 17:12:38',	'2024-06-13 17:12:38'),
(695,	78,	1,	'present',	'2024-06-13 17:12:38',	'2024-06-13 17:12:38',	'2024-06-13 17:12:38'),
(696,	79,	1,	'present',	'2024-06-13 17:12:38',	'2024-06-13 17:12:38',	'2024-06-13 17:12:38'),
(697,	80,	1,	'present',	'2024-06-13 17:12:38',	'2024-06-13 17:12:38',	'2024-06-13 17:12:38'),
(698,	81,	1,	'present',	'2024-06-13 17:12:38',	'2024-06-13 17:12:38',	'2024-06-13 17:12:38'),
(699,	82,	1,	'present',	'2024-06-13 17:12:38',	'2024-06-13 17:12:38',	'2024-06-13 17:12:38'),
(700,	83,	1,	'present',	'2024-06-13 17:12:38',	'2024-06-13 17:12:38',	'2024-06-13 17:12:38'),
(701,	84,	1,	'present',	'2024-06-13 17:12:38',	'2024-06-13 17:12:38',	'2024-06-13 17:12:38'),
(702,	85,	1,	'present',	'2024-06-13 17:12:38',	'2024-06-13 17:12:38',	'2024-06-13 17:12:38'),
(703,	86,	1,	'present',	'2024-06-13 17:12:38',	'2024-06-13 17:12:38',	'2024-06-13 17:12:38'),
(704,	87,	1,	'present',	'2024-06-13 17:12:38',	'2024-06-13 17:12:38',	'2024-06-13 17:12:38'),
(705,	88,	1,	'present',	'2024-06-13 17:12:38',	'2024-06-13 17:12:38',	'2024-06-13 17:12:38'),
(706,	89,	1,	'present',	'2024-06-13 17:12:38',	'2024-06-13 17:12:38',	'2024-06-13 17:12:38'),
(707,	90,	1,	'present',	'2024-06-13 17:12:38',	'2024-06-13 17:12:38',	'2024-06-13 17:12:38'),
(708,	91,	1,	'present',	'2024-06-13 17:12:38',	'2024-06-13 17:12:38',	'2024-06-13 17:12:38'),
(709,	92,	1,	'present',	'2024-06-13 17:12:38',	'2024-06-13 17:12:38',	'2024-06-13 17:12:38'),
(710,	93,	1,	'present',	'2024-06-13 17:12:38',	'2024-06-13 17:12:38',	'2024-06-13 17:12:38'),
(711,	94,	1,	'present',	'2024-06-13 17:12:38',	'2024-06-13 17:12:38',	'2024-06-13 17:12:38'),
(712,	95,	1,	'present',	'2024-06-13 17:12:38',	'2024-06-13 17:12:38',	'2024-06-13 17:12:38'),
(713,	96,	1,	'present',	'2024-06-13 17:12:38',	'2024-06-13 17:12:38',	'2024-06-13 17:12:38'),
(714,	97,	1,	'present',	'2024-06-13 17:12:38',	'2024-06-13 17:12:38',	'2024-06-13 17:12:38'),
(715,	98,	1,	'present',	'2024-06-13 17:12:38',	'2024-06-13 17:12:38',	'2024-06-13 17:12:38'),
(716,	99,	1,	'present',	'2024-06-13 17:12:38',	'2024-06-13 17:12:38',	'2024-06-13 17:12:38'),
(717,	100,	1,	'present',	'2024-06-13 17:12:38',	'2024-06-13 17:12:38',	'2024-06-13 17:12:38'),
(718,	101,	1,	'present',	'2024-06-13 17:12:38',	'2024-06-13 17:12:38',	'2024-06-13 17:12:38'),
(719,	102,	1,	'present',	'2024-06-13 17:12:38',	'2024-06-13 17:12:38',	'2024-06-13 17:12:38'),
(720,	103,	1,	'present',	'2024-06-13 17:12:38',	'2024-06-13 17:12:38',	'2024-06-13 17:12:38'),
(721,	104,	1,	'present',	'2024-06-13 17:12:38',	'2024-06-13 17:12:38',	'2024-06-13 17:12:38'),
(722,	105,	1,	'present',	'2024-06-13 17:12:38',	'2024-06-13 17:12:38',	'2024-06-13 17:12:38'),
(723,	106,	1,	'present',	'2024-06-13 17:12:38',	'2024-06-13 17:12:38',	'2024-06-13 17:12:38'),
(724,	107,	1,	'present',	'2024-06-13 17:12:38',	'2024-06-13 17:12:38',	'2024-06-13 17:12:38'),
(725,	108,	1,	'present',	'2024-06-13 17:12:38',	'2024-06-13 17:12:38',	'2024-06-13 17:12:38'),
(726,	109,	1,	'present',	'2024-06-13 17:12:38',	'2024-06-13 17:12:38',	'2024-06-13 17:12:38'),
(727,	110,	1,	'present',	'2024-06-13 17:12:38',	'2024-06-13 17:12:38',	'2024-06-13 17:12:38'),
(728,	111,	1,	'present',	'2024-06-13 17:12:38',	'2024-06-13 17:12:38',	'2024-06-13 17:12:38'),
(729,	112,	1,	'present',	'2024-06-13 17:12:38',	'2024-06-13 17:12:38',	'2024-06-13 17:12:38'),
(730,	113,	1,	'present',	'2024-06-13 17:12:38',	'2024-06-13 17:12:38',	'2024-06-13 17:12:38'),
(731,	114,	1,	'present',	'2024-06-13 17:12:38',	'2024-06-13 17:12:38',	'2024-06-13 17:12:38'),
(732,	115,	1,	'present',	'2024-06-13 17:12:38',	'2024-06-13 17:12:38',	'2024-06-13 17:12:38'),
(733,	116,	1,	'present',	'2024-06-13 17:12:38',	'2024-06-13 17:12:38',	'2024-06-13 17:12:38'),
(734,	117,	1,	'present',	'2024-06-13 17:12:38',	'2024-06-13 17:12:38',	'2024-06-13 17:12:38'),
(735,	118,	1,	'present',	'2024-06-13 17:12:38',	'2024-06-13 17:12:38',	'2024-06-13 17:12:38'),
(736,	119,	1,	'present',	'2024-06-13 17:12:38',	'2024-06-13 17:12:38',	'2024-06-13 17:12:38'),
(737,	120,	1,	'present',	'2024-06-13 17:12:38',	'2024-06-13 17:12:38',	'2024-06-13 17:12:38'),
(738,	121,	1,	'present',	'2024-06-13 17:12:38',	'2024-06-13 17:12:38',	'2024-06-13 17:12:38'),
(739,	122,	1,	'present',	'2024-06-13 17:12:38',	'2024-06-13 17:12:38',	'2024-06-13 17:12:38'),
(740,	123,	1,	'present',	'2024-06-13 17:12:38',	'2024-06-13 17:12:38',	'2024-06-13 17:12:38'),
(741,	124,	1,	'present',	'2024-06-13 17:12:38',	'2024-06-13 17:12:38',	'2024-06-13 17:12:38'),
(742,	125,	1,	'present',	'2024-06-13 17:12:38',	'2024-06-13 17:12:38',	'2024-06-13 17:12:38'),
(743,	126,	1,	'present',	'2024-06-13 17:12:38',	'2024-06-13 17:12:38',	'2024-06-13 17:12:38'),
(744,	127,	1,	'present',	'2024-06-13 17:12:38',	'2024-06-13 17:12:38',	'2024-06-13 17:12:38'),
(745,	128,	1,	'present',	'2024-06-13 17:12:38',	'2024-06-13 17:12:38',	'2024-06-13 17:12:38'),
(746,	129,	1,	'present',	'2024-06-13 17:12:38',	'2024-06-13 17:12:38',	'2024-06-13 17:12:38'),
(747,	130,	1,	'present',	'2024-06-13 17:12:38',	'2024-06-13 17:12:38',	'2024-06-13 17:12:38'),
(748,	131,	1,	'present',	'2024-06-13 17:12:38',	'2024-06-13 17:12:38',	'2024-06-13 17:12:38'),
(749,	132,	1,	'present',	'2024-06-13 17:12:38',	'2024-06-13 17:12:38',	'2024-06-13 17:12:38'),
(750,	133,	1,	'present',	'2024-06-13 17:12:38',	'2024-06-13 17:12:38',	'2024-06-13 17:12:38'),
(751,	134,	1,	'present',	'2024-06-13 17:12:38',	'2024-06-13 17:12:38',	'2024-06-13 17:12:38'),
(752,	135,	1,	'present',	'2024-06-13 17:12:38',	'2024-06-13 17:12:38',	'2024-06-13 17:12:38'),
(753,	136,	1,	'present',	'2024-06-13 17:12:38',	'2024-06-13 17:12:38',	'2024-06-13 17:12:38'),
(754,	137,	1,	'present',	'2024-06-13 17:12:38',	'2024-06-13 17:12:38',	'2024-06-13 17:12:38'),
(755,	138,	1,	'present',	'2024-06-13 17:12:38',	'2024-06-13 17:12:38',	'2024-06-13 17:12:38'),
(756,	139,	1,	'present',	'2024-06-13 17:12:38',	'2024-06-13 17:12:38',	'2024-06-13 17:12:38'),
(757,	140,	1,	'present',	'2024-06-13 17:12:38',	'2024-06-13 17:12:38',	'2024-06-13 17:12:38'),
(758,	141,	1,	'present',	'2024-06-13 17:12:38',	'2024-06-13 17:12:38',	'2024-06-13 17:12:38'),
(759,	142,	1,	'present',	'2024-06-13 17:12:38',	'2024-06-13 17:12:38',	'2024-06-13 17:12:38'),
(760,	143,	1,	'present',	'2024-06-13 17:12:38',	'2024-06-13 17:12:38',	'2024-06-13 17:12:38'),
(761,	144,	1,	'present',	'2024-06-13 17:12:38',	'2024-06-13 17:12:38',	'2024-06-13 17:12:38'),
(762,	145,	1,	'present',	'2024-06-13 17:12:38',	'2024-06-13 17:12:38',	'2024-06-13 17:12:38'),
(763,	2,	1,	'present',	'2024-06-25 12:22:22',	'2024-06-25 12:22:22',	'2024-06-25 12:22:22'),
(764,	3,	1,	'present',	'2024-06-25 12:22:22',	'2024-06-25 12:22:22',	'2024-06-25 12:22:22'),
(765,	4,	1,	'present',	'2024-06-25 12:22:22',	'2024-06-25 12:22:22',	'2024-06-25 12:22:22'),
(766,	5,	1,	'present',	'2024-06-25 12:22:22',	'2024-06-25 12:22:22',	'2024-06-25 12:22:22'),
(767,	6,	1,	'present',	'2024-06-25 12:22:22',	'2024-06-25 12:22:22',	'2024-06-25 12:22:22'),
(768,	7,	1,	'present',	'2024-06-25 12:22:22',	'2024-06-25 12:22:22',	'2024-06-25 12:22:22'),
(769,	8,	1,	'present',	'2024-06-25 12:22:22',	'2024-06-25 12:22:22',	'2024-06-25 12:22:22'),
(770,	9,	1,	'present',	'2024-06-25 12:22:22',	'2024-06-25 12:22:22',	'2024-06-25 12:22:22'),
(771,	10,	1,	'present',	'2024-06-25 12:22:22',	'2024-06-25 12:22:22',	'2024-06-25 12:22:22'),
(772,	11,	1,	'present',	'2024-06-25 12:22:22',	'2024-06-25 12:22:22',	'2024-06-25 12:22:22'),
(773,	12,	1,	'present',	'2024-06-25 12:22:22',	'2024-06-25 12:22:22',	'2024-06-25 12:22:22'),
(774,	13,	1,	'present',	'2024-06-25 12:22:22',	'2024-06-25 12:22:22',	'2024-06-25 12:22:22'),
(775,	14,	1,	'present',	'2024-06-25 12:22:22',	'2024-06-25 12:22:22',	'2024-06-25 12:22:22'),
(776,	15,	1,	'present',	'2024-06-25 12:22:22',	'2024-06-25 12:22:22',	'2024-06-25 12:22:22'),
(777,	16,	1,	'present',	'2024-06-25 12:22:22',	'2024-06-25 12:22:22',	'2024-06-25 12:22:22'),
(778,	17,	1,	'present',	'2024-06-25 12:22:22',	'2024-06-25 12:22:22',	'2024-06-25 12:22:22'),
(779,	18,	1,	'present',	'2024-06-25 12:22:22',	'2024-06-25 12:22:22',	'2024-06-25 12:22:22'),
(780,	19,	1,	'present',	'2024-06-25 12:22:22',	'2024-06-25 12:22:22',	'2024-06-25 12:22:22'),
(781,	20,	1,	'present',	'2024-06-25 12:22:22',	'2024-06-25 12:22:22',	'2024-06-25 12:22:22'),
(782,	21,	1,	'present',	'2024-06-25 12:22:22',	'2024-06-25 12:22:22',	'2024-06-25 12:22:22'),
(783,	22,	1,	'present',	'2024-06-25 12:22:22',	'2024-06-25 12:22:22',	'2024-06-25 12:22:22'),
(784,	23,	1,	'present',	'2024-06-25 12:22:22',	'2024-06-25 12:22:22',	'2024-06-25 12:22:22'),
(785,	24,	1,	'present',	'2024-06-25 12:22:22',	'2024-06-25 12:22:22',	'2024-06-25 12:22:22'),
(786,	25,	1,	'present',	'2024-06-25 12:22:22',	'2024-06-25 12:22:22',	'2024-06-25 12:22:22'),
(787,	26,	1,	'present',	'2024-06-25 12:22:22',	'2024-06-25 12:22:22',	'2024-06-25 12:22:22'),
(788,	27,	1,	'present',	'2024-06-25 12:22:22',	'2024-06-25 12:22:22',	'2024-06-25 12:22:22'),
(789,	28,	1,	'present',	'2024-06-25 12:22:22',	'2024-06-25 12:22:22',	'2024-06-25 12:22:22'),
(790,	29,	1,	'present',	'2024-06-25 12:22:22',	'2024-06-25 12:22:22',	'2024-06-25 12:22:22'),
(791,	30,	1,	'present',	'2024-06-25 12:22:22',	'2024-06-25 12:22:22',	'2024-06-25 12:22:22'),
(792,	31,	1,	'present',	'2024-06-25 12:22:22',	'2024-06-25 12:22:22',	'2024-06-25 12:22:22'),
(793,	32,	1,	'present',	'2024-06-25 12:22:22',	'2024-06-25 12:22:22',	'2024-06-25 12:22:22'),
(794,	33,	1,	'present',	'2024-06-25 12:22:22',	'2024-06-25 12:22:22',	'2024-06-25 12:22:22'),
(795,	34,	1,	'present',	'2024-06-25 12:22:22',	'2024-06-25 12:22:22',	'2024-06-25 12:22:22'),
(796,	35,	1,	'present',	'2024-06-25 12:22:22',	'2024-06-25 12:22:22',	'2024-06-25 12:22:22'),
(797,	36,	1,	'present',	'2024-06-25 12:22:22',	'2024-06-25 12:22:22',	'2024-06-25 12:22:22'),
(798,	37,	1,	'present',	'2024-06-25 12:22:22',	'2024-06-25 12:22:22',	'2024-06-25 12:22:22'),
(799,	38,	1,	'present',	'2024-06-25 12:22:22',	'2024-06-25 12:22:22',	'2024-06-25 12:22:22'),
(800,	39,	1,	'present',	'2024-06-25 12:22:22',	'2024-06-25 12:22:22',	'2024-06-25 12:22:22'),
(801,	40,	1,	'present',	'2024-06-25 12:22:22',	'2024-06-25 12:22:22',	'2024-06-25 12:22:22'),
(802,	41,	1,	'present',	'2024-06-25 12:22:22',	'2024-06-25 12:22:22',	'2024-06-25 12:22:22'),
(803,	42,	1,	'present',	'2024-06-25 12:22:22',	'2024-06-25 12:22:22',	'2024-06-25 12:22:22'),
(804,	43,	1,	'present',	'2024-06-25 12:22:22',	'2024-06-25 12:22:22',	'2024-06-25 12:22:22'),
(805,	44,	1,	'present',	'2024-06-25 12:22:22',	'2024-06-25 12:22:22',	'2024-06-25 12:22:22'),
(806,	45,	1,	'present',	'2024-06-25 12:22:22',	'2024-06-25 12:22:22',	'2024-06-25 12:22:22'),
(807,	46,	1,	'present',	'2024-06-25 12:22:22',	'2024-06-25 12:22:22',	'2024-06-25 12:22:22'),
(808,	47,	1,	'present',	'2024-06-25 12:22:22',	'2024-06-25 12:22:22',	'2024-06-25 12:22:22'),
(809,	48,	1,	'present',	'2024-06-25 12:22:22',	'2024-06-25 12:22:22',	'2024-06-25 12:22:22'),
(810,	49,	1,	'present',	'2024-06-25 12:22:22',	'2024-06-25 12:22:22',	'2024-06-25 12:22:22'),
(811,	50,	1,	'present',	'2024-06-25 12:22:22',	'2024-06-25 12:22:22',	'2024-06-25 12:22:22'),
(812,	51,	1,	'present',	'2024-06-25 12:22:22',	'2024-06-25 12:22:22',	'2024-06-25 12:22:22'),
(813,	52,	1,	'present',	'2024-06-25 12:22:22',	'2024-06-25 12:22:22',	'2024-06-25 12:22:22'),
(814,	53,	1,	'present',	'2024-06-25 12:22:22',	'2024-06-25 12:22:22',	'2024-06-25 12:22:22'),
(815,	54,	1,	'present',	'2024-06-25 12:22:22',	'2024-06-25 12:22:22',	'2024-06-25 12:22:22'),
(816,	55,	1,	'present',	'2024-06-25 12:22:22',	'2024-06-25 12:22:22',	'2024-06-25 12:22:22'),
(817,	56,	1,	'present',	'2024-06-25 12:22:22',	'2024-06-25 12:22:22',	'2024-06-25 12:22:22'),
(818,	57,	1,	'present',	'2024-06-25 12:22:22',	'2024-06-25 12:22:22',	'2024-06-25 12:22:22'),
(819,	58,	1,	'present',	'2024-06-25 12:22:22',	'2024-06-25 12:22:22',	'2024-06-25 12:22:22'),
(820,	59,	1,	'present',	'2024-06-25 12:22:22',	'2024-06-25 12:22:22',	'2024-06-25 12:22:22'),
(821,	60,	1,	'present',	'2024-06-25 12:22:22',	'2024-06-25 12:22:22',	'2024-06-25 12:22:22'),
(822,	61,	1,	'present',	'2024-06-25 12:22:22',	'2024-06-25 12:22:22',	'2024-06-25 12:22:22'),
(823,	62,	1,	'present',	'2024-06-25 12:22:22',	'2024-06-25 12:22:22',	'2024-06-25 12:22:22'),
(824,	63,	1,	'present',	'2024-06-25 12:22:22',	'2024-06-25 12:22:22',	'2024-06-25 12:22:22'),
(825,	64,	1,	'present',	'2024-06-25 12:22:22',	'2024-06-25 12:22:22',	'2024-06-25 12:22:22'),
(826,	65,	1,	'present',	'2024-06-25 12:22:22',	'2024-06-25 12:22:22',	'2024-06-25 12:22:22'),
(827,	66,	1,	'present',	'2024-06-25 12:22:22',	'2024-06-25 12:22:22',	'2024-06-25 12:22:22'),
(828,	67,	1,	'present',	'2024-06-25 12:22:22',	'2024-06-25 12:22:22',	'2024-06-25 12:22:22'),
(829,	68,	1,	'present',	'2024-06-25 12:22:22',	'2024-06-25 12:22:22',	'2024-06-25 12:22:22'),
(830,	69,	1,	'present',	'2024-06-25 12:22:22',	'2024-06-25 12:22:22',	'2024-06-25 12:22:22'),
(831,	70,	1,	'present',	'2024-06-25 12:22:22',	'2024-06-25 12:22:22',	'2024-06-25 12:22:22'),
(832,	71,	1,	'present',	'2024-06-25 12:22:22',	'2024-06-25 12:22:22',	'2024-06-25 12:22:22'),
(833,	72,	1,	'present',	'2024-06-25 12:22:22',	'2024-06-25 12:22:22',	'2024-06-25 12:22:22'),
(834,	73,	1,	'present',	'2024-06-25 12:22:22',	'2024-06-25 12:22:22',	'2024-06-25 12:22:22'),
(835,	74,	1,	'present',	'2024-06-25 12:22:22',	'2024-06-25 12:22:22',	'2024-06-25 12:22:22'),
(836,	75,	1,	'present',	'2024-06-25 12:22:22',	'2024-06-25 12:22:22',	'2024-06-25 12:22:22'),
(837,	76,	1,	'present',	'2024-06-25 12:22:22',	'2024-06-25 12:22:22',	'2024-06-25 12:22:22'),
(838,	77,	1,	'present',	'2024-06-25 12:22:22',	'2024-06-25 12:22:22',	'2024-06-25 12:22:22'),
(839,	78,	1,	'present',	'2024-06-25 12:22:22',	'2024-06-25 12:22:22',	'2024-06-25 12:22:22'),
(840,	79,	1,	'present',	'2024-06-25 12:22:22',	'2024-06-25 12:22:22',	'2024-06-25 12:22:22'),
(841,	80,	1,	'present',	'2024-06-25 12:22:22',	'2024-06-25 12:22:22',	'2024-06-25 12:22:22'),
(842,	81,	1,	'present',	'2024-06-25 12:22:22',	'2024-06-25 12:22:22',	'2024-06-25 12:22:22'),
(843,	82,	1,	'present',	'2024-06-25 12:22:22',	'2024-06-25 12:22:22',	'2024-06-25 12:22:22'),
(844,	83,	1,	'present',	'2024-06-25 12:22:22',	'2024-06-25 12:22:22',	'2024-06-25 12:22:22'),
(845,	84,	1,	'present',	'2024-06-25 12:22:22',	'2024-06-25 12:22:22',	'2024-06-25 12:22:22'),
(846,	85,	1,	'present',	'2024-06-25 12:22:22',	'2024-06-25 12:22:22',	'2024-06-25 12:22:22'),
(847,	86,	1,	'present',	'2024-06-25 12:22:22',	'2024-06-25 12:22:22',	'2024-06-25 12:22:22'),
(848,	87,	1,	'present',	'2024-06-25 12:22:22',	'2024-06-25 12:22:22',	'2024-06-25 12:22:22'),
(849,	88,	1,	'present',	'2024-06-25 12:22:22',	'2024-06-25 12:22:22',	'2024-06-25 12:22:22'),
(850,	89,	1,	'present',	'2024-06-25 12:22:22',	'2024-06-25 12:22:22',	'2024-06-25 12:22:22'),
(851,	90,	1,	'present',	'2024-06-25 12:22:22',	'2024-06-25 12:22:22',	'2024-06-25 12:22:22'),
(852,	91,	1,	'present',	'2024-06-25 12:22:22',	'2024-06-25 12:22:22',	'2024-06-25 12:22:22'),
(853,	92,	1,	'present',	'2024-06-25 12:22:22',	'2024-06-25 12:22:22',	'2024-06-25 12:22:22'),
(854,	93,	1,	'present',	'2024-06-25 12:22:22',	'2024-06-25 12:22:22',	'2024-06-25 12:22:22'),
(855,	94,	1,	'present',	'2024-06-25 12:22:22',	'2024-06-25 12:22:22',	'2024-06-25 12:22:22'),
(856,	95,	1,	'present',	'2024-06-25 12:22:22',	'2024-06-25 12:22:22',	'2024-06-25 12:22:22'),
(857,	96,	1,	'present',	'2024-06-25 12:22:22',	'2024-06-25 12:22:22',	'2024-06-25 12:22:22'),
(858,	97,	1,	'present',	'2024-06-25 12:22:22',	'2024-06-25 12:22:22',	'2024-06-25 12:22:22'),
(859,	98,	1,	'present',	'2024-06-25 12:22:22',	'2024-06-25 12:22:22',	'2024-06-25 12:22:22'),
(860,	99,	1,	'present',	'2024-06-25 12:22:22',	'2024-06-25 12:22:22',	'2024-06-25 12:22:22'),
(861,	100,	1,	'present',	'2024-06-25 12:22:22',	'2024-06-25 12:22:22',	'2024-06-25 12:22:22'),
(862,	101,	1,	'present',	'2024-06-25 12:22:22',	'2024-06-25 12:22:22',	'2024-06-25 12:22:22'),
(863,	102,	1,	'present',	'2024-06-25 12:22:22',	'2024-06-25 12:22:22',	'2024-06-25 12:22:22'),
(864,	103,	1,	'present',	'2024-06-25 12:22:22',	'2024-06-25 12:22:22',	'2024-06-25 12:22:22'),
(865,	104,	1,	'present',	'2024-06-25 12:22:22',	'2024-06-25 12:22:22',	'2024-06-25 12:22:22'),
(866,	105,	1,	'present',	'2024-06-25 12:22:22',	'2024-06-25 12:22:22',	'2024-06-25 12:22:22'),
(867,	106,	1,	'present',	'2024-06-25 12:22:22',	'2024-06-25 12:22:22',	'2024-06-25 12:22:22'),
(868,	107,	1,	'present',	'2024-06-25 12:22:22',	'2024-06-25 12:22:22',	'2024-06-25 12:22:22'),
(869,	108,	1,	'present',	'2024-06-25 12:22:22',	'2024-06-25 12:22:22',	'2024-06-25 12:22:22'),
(870,	109,	1,	'present',	'2024-06-25 12:22:22',	'2024-06-25 12:22:22',	'2024-06-25 12:22:22'),
(871,	110,	1,	'present',	'2024-06-25 12:22:22',	'2024-06-25 12:22:22',	'2024-06-25 12:22:22'),
(872,	111,	1,	'present',	'2024-06-25 12:22:22',	'2024-06-25 12:22:22',	'2024-06-25 12:22:22'),
(873,	112,	1,	'present',	'2024-06-25 12:22:22',	'2024-06-25 12:22:22',	'2024-06-25 12:22:22'),
(874,	113,	1,	'present',	'2024-06-25 12:22:22',	'2024-06-25 12:22:22',	'2024-06-25 12:22:22'),
(875,	114,	1,	'present',	'2024-06-25 12:22:22',	'2024-06-25 12:22:22',	'2024-06-25 12:22:22'),
(876,	115,	1,	'present',	'2024-06-25 12:22:22',	'2024-06-25 12:22:22',	'2024-06-25 12:22:22'),
(877,	116,	1,	'present',	'2024-06-25 12:22:22',	'2024-06-25 12:22:22',	'2024-06-25 12:22:22'),
(878,	117,	1,	'present',	'2024-06-25 12:22:22',	'2024-06-25 12:22:22',	'2024-06-25 12:22:22'),
(879,	118,	1,	'present',	'2024-06-25 12:22:22',	'2024-06-25 12:22:22',	'2024-06-25 12:22:22'),
(880,	119,	1,	'present',	'2024-06-25 12:22:22',	'2024-06-25 12:22:22',	'2024-06-25 12:22:22'),
(881,	120,	1,	'present',	'2024-06-25 12:22:22',	'2024-06-25 12:22:22',	'2024-06-25 12:22:22'),
(882,	121,	1,	'present',	'2024-06-25 12:22:22',	'2024-06-25 12:22:22',	'2024-06-25 12:22:22'),
(883,	122,	1,	'present',	'2024-06-25 12:22:22',	'2024-06-25 12:22:22',	'2024-06-25 12:22:22'),
(884,	123,	1,	'present',	'2024-06-25 12:22:22',	'2024-06-25 12:22:22',	'2024-06-25 12:22:22'),
(885,	124,	1,	'present',	'2024-06-25 12:22:22',	'2024-06-25 12:22:22',	'2024-06-25 12:22:22'),
(886,	125,	1,	'present',	'2024-06-25 12:22:22',	'2024-06-25 12:22:22',	'2024-06-25 12:22:22'),
(887,	126,	1,	'present',	'2024-06-25 12:22:22',	'2024-06-25 12:22:22',	'2024-06-25 12:22:22'),
(888,	127,	1,	'present',	'2024-06-25 12:22:22',	'2024-06-25 12:22:22',	'2024-06-25 12:22:22'),
(889,	128,	1,	'present',	'2024-06-25 12:22:22',	'2024-06-25 12:22:22',	'2024-06-25 12:22:22'),
(890,	129,	1,	'present',	'2024-06-25 12:22:22',	'2024-06-25 12:22:22',	'2024-06-25 12:22:22'),
(891,	130,	1,	'present',	'2024-06-25 12:22:22',	'2024-06-25 12:22:22',	'2024-06-25 12:22:22'),
(892,	131,	1,	'present',	'2024-06-25 12:22:22',	'2024-06-25 12:22:22',	'2024-06-25 12:22:22'),
(893,	132,	1,	'present',	'2024-06-25 12:22:22',	'2024-06-25 12:22:22',	'2024-06-25 12:22:22'),
(894,	133,	1,	'present',	'2024-06-25 12:22:22',	'2024-06-25 12:22:22',	'2024-06-25 12:22:22'),
(895,	134,	1,	'present',	'2024-06-25 12:22:22',	'2024-06-25 12:22:22',	'2024-06-25 12:22:22'),
(896,	135,	1,	'present',	'2024-06-25 12:22:22',	'2024-06-25 12:22:22',	'2024-06-25 12:22:22'),
(897,	136,	1,	'present',	'2024-06-25 12:22:22',	'2024-06-25 12:22:22',	'2024-06-25 12:22:22'),
(898,	137,	1,	'present',	'2024-06-25 12:22:22',	'2024-06-25 12:22:22',	'2024-06-25 12:22:22'),
(899,	138,	1,	'present',	'2024-06-25 12:22:22',	'2024-06-25 12:22:22',	'2024-06-25 12:22:22'),
(900,	139,	1,	'present',	'2024-06-25 12:22:22',	'2024-06-25 12:22:22',	'2024-06-25 12:22:22'),
(901,	140,	1,	'present',	'2024-06-25 12:22:22',	'2024-06-25 12:22:22',	'2024-06-25 12:22:22'),
(902,	141,	1,	'present',	'2024-06-25 12:22:22',	'2024-06-25 12:22:22',	'2024-06-25 12:22:22'),
(903,	142,	1,	'present',	'2024-06-25 12:22:22',	'2024-06-25 12:22:22',	'2024-06-25 12:22:22'),
(904,	143,	1,	'present',	'2024-06-25 12:22:22',	'2024-06-25 12:22:22',	'2024-06-25 12:22:22'),
(905,	144,	1,	'present',	'2024-06-25 12:22:22',	'2024-06-25 12:22:22',	'2024-06-25 12:22:22'),
(906,	145,	1,	'present',	'2024-06-25 12:22:22',	'2024-06-25 12:22:22',	'2024-06-25 12:22:22');

DROP TABLE IF EXISTS `chapter`;
CREATE TABLE `chapter` (
  `id` bigint(20) NOT NULL AUTO_INCREMENT,
  `school_id` bigint(20) NOT NULL,
  `class_id` bigint(20) NOT NULL,
  `course_id` bigint(20) NOT NULL,
  `teacher_id` bigint(20) NOT NULL,
  `chapter_title` varchar(255) NOT NULL,
  `updated_at` timestamp NOT NULL DEFAULT current_timestamp() ON UPDATE current_timestamp(),
  `created_at` timestamp NOT NULL DEFAULT current_timestamp(),
  PRIMARY KEY (`id`)
) ENGINE=MyISAM DEFAULT CHARSET=latin1 COLLATE=latin1_swedish_ci;

INSERT INTO `chapter` (`id`, `school_id`, `class_id`, `course_id`, `teacher_id`, `chapter_title`, `updated_at`, `created_at`) VALUES
(1,	1,	1,	8,	3,	'Introduction To Computing',	'2024-03-04 09:50:37',	'2024-03-04 09:50:37'),
(2,	1,	1,	8,	3,	'Types of Printers',	'2024-03-04 09:50:55',	'2024-03-04 09:50:55'),
(3,	1,	1,	8,	3,	'Input Output Devices',	'2024-03-04 09:51:04',	'2024-03-04 09:51:04'),
(4,	1,	3,	8,	3,	'Introduction To Computing',	'2024-03-19 09:38:36',	'2024-03-19 09:38:36'),
(5,	1,	1,	8,	3,	'Chapter Srceens',	'2024-03-20 17:19:00',	'2024-03-20 17:19:00'),
(6,	1,	1,	15,	3,	'Chapter 1',	'2024-04-24 08:25:05',	'2024-04-24 08:25:05'),
(7,	1,	1,	15,	3,	'The Hungry Mouse',	'2024-04-24 08:53:40',	'2024-04-24 08:53:40'),
(8,	1,	1,	15,	3,	'Two Little Dicky Birds',	'2024-04-24 08:54:13',	'2024-04-24 08:54:13'),
(9,	1,	1,	15,	3,	'Tom’s Parrot',	'2024-04-24 08:54:25',	'2024-04-24 08:54:25'),
(10,	1,	1,	15,	3,	'The Balloon Man',	'2024-04-24 08:54:35',	'2024-04-24 08:54:35'),
(11,	1,	1,	15,	3,	'Toot the Engine',	'2024-04-24 08:54:46',	'2024-04-24 08:54:46'),
(12,	1,	2,	15,	3,	'Mr Fox and Mr Goat',	'2024-04-24 09:24:52',	'2024-04-24 09:24:52'),
(13,	1,	2,	15,	3,	'The Wind and the Sun',	'2024-04-24 09:25:13',	'2024-04-24 09:25:13'),
(14,	1,	2,	15,	3,	'Happy the Hippo',	'2024-04-24 09:25:29',	'2024-04-24 09:25:29'),
(15,	1,	2,	15,	3,	'Roy’s Toys',	'2024-04-24 09:25:41',	'2024-04-24 09:25:41'),
(16,	7,	30,	27,	23,	'Introduction To Computing',	'2024-05-09 13:56:47',	'2024-05-09 13:56:47'),
(17,	1,	12,	14,	5,	'pathogens',	'2024-06-14 11:57:04',	'2024-06-14 11:57:04'),
(18,	1,	12,	29,	5,	'matter',	'2024-06-20 15:10:36',	'2024-06-20 15:10:36'),
(19,	8,	35,	34,	24,	'Demo Chapter',	'2024-08-12 08:40:52',	'2024-08-12 08:40:52'),
(23,	9,	49,	46,	41,	'some Chapter',	'2024-09-25 09:22:56',	'2024-09-25 09:22:56'),
(25,	8,	35,	31,	32,	'My Self',	'2024-09-30 10:20:33',	'2024-09-30 10:20:33'),
(27,	8,	37,	41,	36,	'chapter 1',	'2024-10-01 05:54:56',	'2024-10-01 05:54:56'),
(28,	8,	37,	41,	36,	'chapter 2',	'2024-10-01 05:55:02',	'2024-10-01 05:55:02'),
(30,	8,	44,	41,	35,	'chapter 1',	'2024-10-01 07:59:09',	'2024-10-01 07:59:09'),
(31,	8,	44,	41,	35,	'chapter 2',	'2024-10-01 07:59:12',	'2024-10-01 07:59:12'),
(32,	8,	44,	41,	35,	'chapter 3',	'2024-10-01 07:59:14',	'2024-10-01 07:59:14'),
(33,	10,	67,	60,	57,	'chapter 1',	'2024-10-04 10:53:21',	'2024-10-04 10:53:21'),
(34,	10,	68,	59,	56,	'Demo',	'2024-10-04 10:56:38',	'2024-10-04 10:56:38'),
(35,	10,	70,	59,	56,	'Testing',	'2024-10-04 11:14:01',	'2024-10-04 11:14:01'),
(36,	10,	68,	60,	57,	'chapter 1',	'2024-10-04 11:18:56',	'2024-10-04 11:18:56'),
(37,	10,	69,	60,	57,	'chapter 1',	'2024-10-04 11:19:22',	'2024-10-04 11:19:22'),
(38,	10,	70,	60,	57,	'chapter 1',	'2024-10-04 11:19:53',	'2024-10-04 11:19:53'),
(39,	10,	67,	59,	56,	'Demo',	'2024-10-04 11:23:19',	'2024-10-04 11:23:19'),
(40,	10,	69,	59,	56,	'Demo',	'2024-10-04 11:32:02',	'2024-10-04 11:32:02'),
(41,	8,	35,	31,	58,	'Bbb',	'2024-10-16 12:31:13',	'2024-10-16 12:31:13'),
(42,	8,	43,	36,	28,	'namaz',	'2024-10-17 09:38:22',	'2024-10-17 09:38:22');

DROP TABLE IF EXISTS `classes`;
CREATE TABLE `classes` (
  `id` bigint(20) NOT NULL AUTO_INCREMENT,
  `class_name` varchar(255) NOT NULL,
  `school_id` bigint(20) NOT NULL,
  `updated_at` timestamp NOT NULL DEFAULT current_timestamp() ON UPDATE current_timestamp(),
  `created_at` timestamp NOT NULL DEFAULT current_timestamp(),
  PRIMARY KEY (`id`)
) ENGINE=InnoDB DEFAULT CHARSET=latin1 COLLATE=latin1_swedish_ci;

INSERT INTO `classes` (`id`, `class_name`, `school_id`, `updated_at`, `created_at`) VALUES
(1,	'One',	1,	'2023-12-28 01:15:04',	'2023-12-28 01:15:04'),
(2,	'Two',	1,	'2023-12-28 01:15:09',	'2023-12-28 01:15:09'),
(3,	'Montessori',	1,	'2023-12-28 01:15:18',	'2023-12-28 01:15:18'),
(4,	'E.C.D One',	1,	'2023-12-28 01:15:22',	'2023-12-28 01:15:22'),
(5,	'E.C.D Two',	1,	'2023-12-28 01:15:28',	'2023-12-28 01:15:28'),
(6,	'Three',	1,	'2023-12-28 01:15:34',	'2023-12-28 01:15:34'),
(7,	'Four',	1,	'2023-12-28 01:15:39',	'2023-12-28 01:15:39'),
(8,	'Five',	1,	'2023-12-28 01:15:44',	'2023-12-28 01:15:44'),
(9,	'Six',	1,	'2023-12-28 01:15:49',	'2023-12-28 01:15:49'),
(10,	'Seven',	1,	'2023-12-28 01:15:53',	'2023-12-28 01:15:53'),
(11,	'Eight',	1,	'2023-12-28 01:15:58',	'2023-12-28 01:15:58'),
(12,	'Nine',	1,	'2023-12-28 01:16:04',	'2023-12-28 01:16:04'),
(13,	'Ten',	1,	'2023-12-28 01:16:07',	'2023-12-28 01:16:07'),
(15,	'One',	2,	'2023-12-28 02:35:04',	'2023-12-28 02:35:04'),
(18,	'One (A)',	5,	'2024-01-15 16:57:55',	'2024-01-15 16:57:55'),
(19,	'One (B)',	5,	'2024-01-15 16:58:04',	'2024-01-15 16:58:04'),
(20,	'Two (A)',	5,	'2024-01-15 16:58:17',	'2024-01-15 16:58:17'),
(21,	'Two (B)',	5,	'2024-01-15 16:58:29',	'2024-01-15 16:58:29'),
(22,	'Three',	5,	'2024-01-15 16:58:36',	'2024-01-15 16:58:36'),
(23,	'Four',	5,	'2024-01-15 16:58:44',	'2024-01-15 16:58:44'),
(24,	'Five',	5,	'2024-01-15 16:58:50',	'2024-01-15 16:58:50'),
(25,	'Nine',	6,	'2024-03-19 09:27:55',	'2024-03-19 09:27:55'),
(26,	'Tenth',	6,	'2024-03-19 09:28:06',	'2024-03-19 09:28:06'),
(28,	'12th',	6,	'2024-03-19 09:28:42',	'2024-03-19 09:28:42'),
(29,	'11th',	6,	'2024-03-19 09:29:06',	'2024-03-19 09:29:06'),
(30,	'IX',	7,	'2024-05-09 13:34:08',	'2024-05-09 13:34:08'),
(31,	'Play group',	8,	'2024-08-02 06:01:26',	'2024-08-02 06:01:26'),
(32,	'Montessori',	8,	'2024-08-02 06:01:32',	'2024-08-02 06:01:32'),
(33,	'E.C.D One',	8,	'2024-08-02 06:01:41',	'2024-08-02 06:01:41'),
(34,	'E.C.D Two',	8,	'2024-08-02 06:01:48',	'2024-08-02 06:01:48'),
(35,	'One',	8,	'2024-08-02 06:02:01',	'2024-08-02 06:02:01'),
(36,	'Two',	8,	'2024-08-02 06:02:07',	'2024-08-02 06:02:07'),
(37,	'Three',	8,	'2024-08-02 06:02:11',	'2024-08-02 06:02:11'),
(38,	'Four',	8,	'2024-08-02 06:02:33',	'2024-08-02 06:02:33'),
(39,	'Five',	8,	'2024-08-02 06:02:39',	'2024-08-02 06:02:39'),
(40,	'Six',	8,	'2024-08-02 06:02:45',	'2024-08-02 06:02:45'),
(41,	'Seven',	8,	'2024-08-02 06:02:49',	'2024-08-02 06:02:49'),
(42,	'Eight',	8,	'2024-08-02 06:02:54',	'2024-08-02 06:02:54'),
(43,	'Nine',	8,	'2024-08-02 06:02:59',	'2024-08-02 06:02:59'),
(44,	'Ten',	8,	'2024-08-02 06:03:03',	'2024-08-02 06:03:03'),
(49,	'playgroup',	9,	'2024-09-21 05:44:45',	'2024-09-21 05:44:45'),
(50,	'Nursery',	9,	'2024-09-21 05:45:07',	'2024-09-21 05:45:07'),
(51,	'kg',	9,	'2024-09-21 05:45:21',	'2024-09-21 05:45:21'),
(57,	'I - A',	9,	'2024-09-24 06:35:47',	'2024-09-24 06:35:47'),
(58,	'I - B',	9,	'2024-09-24 06:36:11',	'2024-09-24 06:36:11'),
(59,	'II',	9,	'2024-09-24 06:36:22',	'2024-09-24 06:36:22'),
(60,	'III',	9,	'2024-09-24 06:36:30',	'2024-09-24 06:36:30'),
(61,	'IV',	9,	'2024-09-24 06:36:42',	'2024-09-24 06:36:42'),
(62,	'V',	9,	'2024-09-24 06:36:56',	'2024-09-24 06:36:56'),
(63,	'G.K',	1,	'2024-10-01 06:55:34',	'2024-10-01 06:55:34'),
(64,	'Art',	1,	'2024-10-01 06:55:47',	'2024-10-01 06:55:47'),
(65,	'G.k',	8,	'2024-10-01 06:56:27',	'2024-10-01 06:56:27'),
(66,	'Art',	8,	'2024-10-01 06:56:37',	'2024-10-01 06:56:37'),
(67,	'one',	10,	'2024-10-04 10:15:59',	'2024-10-04 10:15:59'),
(68,	'Two',	10,	'2024-10-04 10:16:13',	'2024-10-04 10:16:13'),
(69,	'Three',	10,	'2024-10-04 10:16:26',	'2024-10-04 10:16:26'),
(70,	'Four',	10,	'2024-10-04 10:16:35',	'2024-10-04 10:16:35');

DROP TABLE IF EXISTS `class_courses`;
CREATE TABLE `class_courses` (
  `id` bigint(20) NOT NULL AUTO_INCREMENT,
  `course_id` bigint(20) NOT NULL,
  `class_id` bigint(20) NOT NULL,
  `updated_at` timestamp NOT NULL DEFAULT current_timestamp() ON UPDATE current_timestamp(),
  `created_at` timestamp NOT NULL DEFAULT current_timestamp(),
  PRIMARY KEY (`id`)
) ENGINE=InnoDB DEFAULT CHARSET=utf8mb4 COLLATE=utf8mb4_general_ci;

INSERT INTO `class_courses` (`id`, `course_id`, `class_id`, `updated_at`, `created_at`) VALUES
(19,	31,	31,	'2024-08-29 12:04:15',	'2024-08-29 12:04:15'),
(20,	35,	31,	'2024-08-29 12:04:17',	'2024-08-29 12:04:17'),
(21,	38,	31,	'2024-08-29 12:04:20',	'2024-08-29 12:04:20'),
(22,	31,	32,	'2024-08-29 12:46:00',	'2024-08-29 12:46:00'),
(23,	32,	32,	'2024-08-29 12:46:00',	'2024-08-29 12:46:00'),
(24,	33,	32,	'2024-08-29 12:46:00',	'2024-08-29 12:46:00'),
(25,	35,	32,	'2024-08-29 12:46:03',	'2024-08-29 12:46:03'),
(26,	36,	32,	'2024-08-29 12:46:04',	'2024-08-29 12:46:04'),
(27,	39,	32,	'2024-08-29 12:46:05',	'2024-08-29 12:46:05'),
(28,	31,	33,	'2024-08-29 12:46:39',	'2024-08-29 12:46:39'),
(29,	32,	33,	'2024-08-29 12:46:39',	'2024-08-29 12:46:39'),
(30,	33,	33,	'2024-08-29 12:46:39',	'2024-08-29 12:46:39'),
(31,	35,	33,	'2024-08-29 12:46:40',	'2024-08-29 12:46:40'),
(32,	36,	33,	'2024-08-29 12:46:41',	'2024-08-29 12:46:41'),
(33,	39,	33,	'2024-08-29 12:46:42',	'2024-08-29 12:46:42'),
(34,	31,	34,	'2024-08-29 12:46:51',	'2024-08-29 12:46:51'),
(35,	32,	34,	'2024-08-29 12:46:51',	'2024-08-29 12:46:51'),
(36,	33,	34,	'2024-08-29 12:46:52',	'2024-08-29 12:46:52'),
(37,	35,	34,	'2024-08-29 12:46:56',	'2024-08-29 12:46:56'),
(38,	36,	34,	'2024-08-29 12:46:56',	'2024-08-29 12:46:56'),
(39,	39,	34,	'2024-08-29 12:46:58',	'2024-08-29 12:46:58'),
(40,	31,	35,	'2024-08-29 12:47:18',	'2024-08-29 12:47:18'),
(41,	32,	35,	'2024-08-29 12:47:18',	'2024-08-29 12:47:18'),
(42,	33,	35,	'2024-08-29 12:47:19',	'2024-08-29 12:47:19'),
(43,	35,	35,	'2024-08-29 12:47:20',	'2024-08-29 12:47:20'),
(44,	36,	35,	'2024-08-29 12:47:21',	'2024-08-29 12:47:21'),
(45,	43,	35,	'2024-08-29 12:47:22',	'2024-08-29 12:47:22'),
(46,	31,	36,	'2024-08-29 12:47:33',	'2024-08-29 12:47:33'),
(47,	32,	36,	'2024-08-29 12:47:34',	'2024-08-29 12:47:34'),
(48,	33,	36,	'2024-08-29 12:47:34',	'2024-08-29 12:47:34'),
(49,	35,	36,	'2024-08-29 12:47:35',	'2024-08-29 12:47:35'),
(50,	36,	36,	'2024-08-29 12:47:39',	'2024-08-29 12:47:39'),
(52,	43,	36,	'2024-08-29 12:47:41',	'2024-08-29 12:47:41'),
(53,	42,	36,	'2024-08-29 12:47:44',	'2024-08-29 12:47:44'),
(54,	31,	37,	'2024-08-29 12:47:50',	'2024-08-29 12:47:50'),
(55,	32,	37,	'2024-08-29 12:47:51',	'2024-08-29 12:47:51'),
(56,	33,	37,	'2024-08-29 12:48:28',	'2024-08-29 12:48:28'),
(57,	35,	37,	'2024-08-29 12:48:30',	'2024-08-29 12:48:30'),
(58,	36,	37,	'2024-08-29 12:48:31',	'2024-08-29 12:48:31'),
(59,	41,	37,	'2024-08-29 12:48:34',	'2024-08-29 12:48:34'),
(60,	42,	37,	'2024-08-29 12:48:35',	'2024-08-29 12:48:35'),
(61,	43,	37,	'2024-08-29 12:48:36',	'2024-08-29 12:48:36'),
(62,	31,	38,	'2024-08-29 12:48:45',	'2024-08-29 12:48:45'),
(63,	32,	38,	'2024-08-29 12:48:45',	'2024-08-29 12:48:45'),
(64,	33,	38,	'2024-08-29 12:48:46',	'2024-08-29 12:48:46'),
(65,	43,	38,	'2024-08-29 12:48:52',	'2024-08-29 12:48:52'),
(66,	36,	38,	'2024-08-29 12:48:56',	'2024-08-29 12:48:56'),
(67,	42,	38,	'2024-08-29 12:49:06',	'2024-08-29 12:49:06'),
(68,	41,	38,	'2024-08-29 12:49:07',	'2024-08-29 12:49:07'),
(69,	40,	38,	'2024-08-29 12:49:10',	'2024-08-29 12:49:10'),
(70,	39,	38,	'2024-08-29 12:49:11',	'2024-08-29 12:49:11'),
(71,	31,	39,	'2024-08-29 12:49:21',	'2024-08-29 12:49:21'),
(72,	32,	39,	'2024-08-29 12:49:22',	'2024-08-29 12:49:22'),
(73,	33,	39,	'2024-08-29 12:49:22',	'2024-08-29 12:49:22'),
(74,	43,	39,	'2024-08-29 12:49:30',	'2024-08-29 12:49:30'),
(75,	36,	39,	'2024-08-29 12:49:32',	'2024-08-29 12:49:32'),
(76,	42,	39,	'2024-08-29 12:49:37',	'2024-08-29 12:49:37'),
(77,	41,	39,	'2024-08-29 12:49:38',	'2024-08-29 12:49:38'),
(78,	40,	39,	'2024-08-29 12:49:39',	'2024-08-29 12:49:39'),
(79,	39,	39,	'2024-08-29 12:49:41',	'2024-08-29 12:49:41'),
(80,	31,	40,	'2024-08-29 12:49:52',	'2024-08-29 12:49:52'),
(81,	32,	40,	'2024-08-29 12:49:53',	'2024-08-29 12:49:53'),
(82,	33,	40,	'2024-08-29 12:49:53',	'2024-08-29 12:49:53'),
(83,	43,	40,	'2024-08-29 12:49:57',	'2024-08-29 12:49:57'),
(84,	36,	40,	'2024-08-29 12:49:59',	'2024-08-29 12:49:59'),
(85,	42,	40,	'2024-08-29 12:50:11',	'2024-08-29 12:50:11'),
(86,	41,	40,	'2024-08-29 12:50:13',	'2024-08-29 12:50:13'),
(87,	40,	40,	'2024-08-29 12:50:13',	'2024-08-29 12:50:13'),
(88,	31,	41,	'2024-08-29 12:50:26',	'2024-08-29 12:50:26'),
(89,	32,	41,	'2024-08-29 12:50:26',	'2024-08-29 12:50:26'),
(90,	33,	41,	'2024-08-29 12:50:27',	'2024-08-29 12:50:27'),
(91,	43,	41,	'2024-08-29 12:50:30',	'2024-08-29 12:50:30'),
(92,	36,	41,	'2024-08-29 12:50:34',	'2024-08-29 12:50:34'),
(93,	42,	41,	'2024-08-29 12:50:40',	'2024-08-29 12:50:40'),
(94,	41,	41,	'2024-08-29 12:50:41',	'2024-08-29 12:50:41'),
(95,	40,	41,	'2024-08-29 12:50:43',	'2024-08-29 12:50:43'),
(96,	31,	42,	'2024-08-29 12:50:52',	'2024-08-29 12:50:52'),
(97,	32,	42,	'2024-08-29 12:50:53',	'2024-08-29 12:50:53'),
(98,	33,	42,	'2024-08-29 12:50:55',	'2024-08-29 12:50:55'),
(99,	36,	42,	'2024-08-29 12:50:57',	'2024-08-29 12:50:57'),
(100,	43,	42,	'2024-08-29 12:51:01',	'2024-08-29 12:51:01'),
(101,	42,	42,	'2024-08-29 12:51:04',	'2024-08-29 12:51:04'),
(102,	41,	42,	'2024-08-29 12:51:04',	'2024-08-29 12:51:04'),
(103,	40,	42,	'2024-08-29 12:51:07',	'2024-08-29 12:51:07'),
(104,	33,	43,	'2024-08-29 12:53:52',	'2024-08-29 12:53:52'),
(105,	43,	43,	'2024-08-29 12:55:18',	'2024-08-29 12:55:18'),
(106,	31,	43,	'2024-08-29 12:55:20',	'2024-08-29 12:55:20'),
(108,	42,	43,	'2024-08-29 12:55:26',	'2024-08-29 12:55:26'),
(110,	34,	43,	'2024-08-29 12:55:57',	'2024-08-29 12:55:57'),
(111,	32,	43,	'2024-08-29 12:55:57',	'2024-08-29 12:55:57'),
(112,	36,	43,	'2024-08-29 12:56:10',	'2024-08-29 12:56:10'),
(113,	37,	43,	'2024-08-29 12:56:15',	'2024-08-29 12:56:15'),
(114,	41,	43,	'2024-08-29 12:56:32',	'2024-08-29 12:56:32'),
(115,	44,	43,	'2024-08-29 12:57:15',	'2024-08-29 12:57:15'),
(116,	31,	44,	'2024-08-29 12:57:23',	'2024-08-29 12:57:23'),
(117,	32,	44,	'2024-08-29 12:57:23',	'2024-08-29 12:57:23'),
(118,	33,	44,	'2024-08-29 12:57:24',	'2024-08-29 12:57:24'),
(119,	37,	44,	'2024-08-29 12:57:34',	'2024-08-29 12:57:34'),
(120,	41,	44,	'2024-08-29 12:57:37',	'2024-08-29 12:57:37'),
(121,	42,	44,	'2024-08-29 12:57:38',	'2024-08-29 12:57:38'),
(122,	43,	44,	'2024-08-29 12:57:38',	'2024-08-29 12:57:38'),
(123,	44,	44,	'2024-08-29 12:57:39',	'2024-08-29 12:57:39'),
(124,	37,	32,	'2024-08-29 13:02:31',	'2024-08-29 13:02:31'),
(125,	37,	33,	'2024-08-29 13:02:37',	'2024-08-29 13:02:37'),
(126,	37,	34,	'2024-08-29 13:02:41',	'2024-08-29 13:02:41'),
(127,	37,	35,	'2024-08-29 13:02:46',	'2024-08-29 13:02:46'),
(128,	37,	36,	'2024-08-29 13:02:51',	'2024-08-29 13:02:51'),
(129,	37,	37,	'2024-08-29 13:03:05',	'2024-08-29 13:03:05'),
(130,	37,	38,	'2024-08-29 13:03:10',	'2024-08-29 13:03:10'),
(131,	37,	39,	'2024-08-29 13:03:14',	'2024-08-29 13:03:14'),
(132,	37,	40,	'2024-08-29 13:03:18',	'2024-08-29 13:03:18'),
(133,	37,	41,	'2024-08-29 13:03:25',	'2024-08-29 13:03:25'),
(134,	37,	42,	'2024-08-29 13:03:32',	'2024-08-29 13:03:32'),
(135,	45,	47,	'2024-09-19 10:37:37',	'2024-09-19 10:37:37'),
(136,	46,	47,	'2024-09-19 10:37:38',	'2024-09-19 10:37:38'),
(137,	47,	47,	'2024-09-19 10:37:39',	'2024-09-19 10:37:39'),
(138,	48,	47,	'2024-09-19 10:37:40',	'2024-09-19 10:37:40'),
(139,	51,	47,	'2024-09-19 10:37:42',	'2024-09-19 10:37:42'),
(140,	45,	48,	'2024-09-19 11:31:09',	'2024-09-19 11:31:09'),
(141,	46,	48,	'2024-09-19 11:31:11',	'2024-09-19 11:31:11'),
(142,	47,	48,	'2024-09-19 11:31:11',	'2024-09-19 11:31:11'),
(143,	48,	48,	'2024-09-19 11:31:12',	'2024-09-19 11:31:12'),
(144,	51,	48,	'2024-09-19 11:31:15',	'2024-09-19 11:31:15'),
(145,	45,	51,	'2024-09-23 10:45:09',	'2024-09-23 10:45:09'),
(146,	46,	51,	'2024-09-23 10:45:12',	'2024-09-23 10:45:12'),
(147,	53,	51,	'2024-09-23 10:45:13',	'2024-09-23 10:45:13'),
(148,	54,	51,	'2024-09-23 10:45:15',	'2024-09-23 10:45:15'),
(149,	47,	51,	'2024-09-23 10:45:26',	'2024-09-23 10:45:26'),
(150,	45,	50,	'2024-09-23 10:46:23',	'2024-09-23 10:46:23'),
(151,	46,	50,	'2024-09-23 10:46:24',	'2024-09-23 10:46:24'),
(152,	53,	50,	'2024-09-23 10:46:42',	'2024-09-23 10:46:42'),
(153,	54,	50,	'2024-09-23 10:46:42',	'2024-09-23 10:46:42'),
(154,	47,	50,	'2024-09-23 10:46:43',	'2024-09-23 10:46:43'),
(155,	45,	49,	'2024-09-23 10:46:56',	'2024-09-23 10:46:56'),
(156,	47,	49,	'2024-09-23 10:46:57',	'2024-09-23 10:46:57'),
(157,	46,	49,	'2024-09-23 10:46:58',	'2024-09-23 10:46:58'),
(158,	53,	49,	'2024-09-23 10:47:00',	'2024-09-23 10:47:00'),
(159,	54,	49,	'2024-09-23 10:47:01',	'2024-09-23 10:47:01'),
(172,	9,	1,	'2024-10-01 06:48:18',	'2024-10-01 06:48:18'),
(174,	16,	1,	'2024-10-01 06:48:20',	'2024-10-01 06:48:20'),
(175,	25,	1,	'2024-10-01 06:48:21',	'2024-10-01 06:48:21'),
(176,	39,	35,	'2024-10-01 06:57:06',	'2024-10-01 06:57:06'),
(177,	34,	35,	'2024-10-01 06:59:25',	'2024-10-01 06:59:25'),
(178,	15,	1,	'2024-10-01 11:09:24',	'2024-10-01 11:09:24'),
(179,	58,	67,	'2024-10-04 10:40:43',	'2024-10-04 10:40:43'),
(180,	59,	67,	'2024-10-04 10:40:44',	'2024-10-04 10:40:44'),
(181,	60,	67,	'2024-10-04 10:40:45',	'2024-10-04 10:40:45'),
(182,	58,	68,	'2024-10-04 10:40:55',	'2024-10-04 10:40:55'),
(183,	59,	68,	'2024-10-04 10:40:55',	'2024-10-04 10:40:55'),
(184,	60,	68,	'2024-10-04 10:40:56',	'2024-10-04 10:40:56'),
(185,	58,	69,	'2024-10-04 10:41:02',	'2024-10-04 10:41:02'),
(186,	59,	69,	'2024-10-04 10:41:03',	'2024-10-04 10:41:03'),
(187,	60,	69,	'2024-10-04 10:41:03',	'2024-10-04 10:41:03'),
(188,	58,	70,	'2024-10-04 10:41:10',	'2024-10-04 10:41:10'),
(189,	59,	70,	'2024-10-04 10:41:10',	'2024-10-04 10:41:10'),
(190,	60,	70,	'2024-10-04 10:41:11',	'2024-10-04 10:41:11');

DROP TABLE IF EXISTS `course`;
CREATE TABLE `course` (
  `id` bigint(20) NOT NULL AUTO_INCREMENT,
  `course_name` varchar(255) NOT NULL,
  `school_id` bigint(20) NOT NULL,
  `added_on` timestamp NOT NULL DEFAULT current_timestamp(),
  `updated_at` timestamp NOT NULL DEFAULT current_timestamp() ON UPDATE current_timestamp(),
  `created_at` timestamp NOT NULL DEFAULT current_timestamp(),
  PRIMARY KEY (`id`),
  KEY `course_school_id_school_id` (`school_id`),
  CONSTRAINT `course_school_id_school_id` FOREIGN KEY (`school_id`) REFERENCES `school` (`id`)
) ENGINE=InnoDB DEFAULT CHARSET=latin1 COLLATE=latin1_swedish_ci;

INSERT INTO `course` (`id`, `course_name`, `school_id`, `added_on`, `updated_at`, `created_at`) VALUES
(1,	'English',	2,	'2023-12-26 12:41:37',	'2023-12-27 08:00:03',	'2023-12-27 08:00:03'),
(2,	'Urdu',	2,	'2023-12-26 12:41:41',	'2023-12-27 08:00:03',	'2023-12-27 08:00:03'),
(3,	'computer Science',	2,	'2023-12-26 12:41:48',	'2023-12-27 08:00:03',	'2023-12-27 08:00:03'),
(4,	'Mathematics',	2,	'2023-12-26 12:41:55',	'2023-12-27 08:00:03',	'2023-12-27 08:00:03'),
(8,	'computer Science',	1,	'2023-12-26 13:09:02',	'2023-12-27 08:00:03',	'2023-12-27 08:00:03'),
(9,	'Islamiyat',	1,	'2023-12-27 08:15:29',	'2023-12-27 03:15:29',	'2023-12-27 03:15:29'),
(14,	'Biology',	1,	'2024-01-03 08:06:17',	'2024-01-03 03:06:17',	'2024-01-03 03:06:17'),
(15,	'English',	1,	'2024-01-03 12:25:58',	'2024-01-03 07:25:58',	'2024-01-03 07:25:58'),
(16,	'Mathematics',	1,	'2024-01-03 12:26:04',	'2024-01-03 07:26:04',	'2024-01-03 07:26:04'),
(18,	'Mathematics',	5,	'2024-01-15 11:53:46',	'2024-01-15 16:53:46',	'2024-01-15 16:53:46'),
(19,	'Primary English',	5,	'2024-01-15 11:54:05',	'2024-01-15 16:54:05',	'2024-01-15 16:54:05'),
(25,	'Urdu',	1,	'2024-04-24 03:45:34',	'2024-04-24 07:45:34',	'2024-04-24 07:45:34'),
(27,	'Physics',	7,	'2024-05-09 09:33:43',	'2024-05-09 13:33:43',	'2024-05-09 13:33:43'),
(28,	'Physics',	1,	'2024-06-14 08:16:31',	'2024-06-14 12:16:31',	'2024-06-14 12:16:31'),
(29,	'Chemistry',	1,	'2024-06-14 08:18:04',	'2024-06-14 12:18:04',	'2024-06-14 12:18:04'),
(31,	'English',	8,	'2024-08-02 06:04:37',	'2024-08-02 06:04:37',	'2024-08-02 06:04:37'),
(32,	'Urdu',	8,	'2024-08-02 06:04:42',	'2024-08-02 06:04:42',	'2024-08-02 06:04:42'),
(34,	'Maths',	8,	'2024-08-02 06:04:47',	'2024-08-02 06:04:47',	'2024-08-02 06:04:47'),
(35,	'General Knowledge',	8,	'2024-08-02 06:04:52',	'2024-08-02 06:04:52',	'2024-08-02 06:04:52'),
(36,	'Islamiat',	8,	'2024-08-02 06:04:56',	'2024-08-02 06:04:56',	'2024-08-02 06:04:56'),
(37,	'Break',	8,	'2024-08-02 06:05:01',	'2024-08-02 06:05:01',	'2024-08-02 06:05:01'),
(38,	'Drawing',	8,	'2024-08-02 06:05:06',	'2024-08-02 06:05:06',	'2024-08-02 06:05:06'),
(39,	'Art',	8,	'2024-08-02 06:05:10',	'2024-08-02 06:05:10',	'2024-08-02 06:05:10'),
(40,	'S.st',	8,	'2024-08-02 06:05:15',	'2024-08-02 06:05:15',	'2024-08-02 06:05:15'),
(41,	'Sindhi',	8,	'2024-08-02 06:05:20',	'2024-08-02 06:05:20',	'2024-08-02 06:05:20'),
(42,	'Computer',	8,	'2024-08-02 06:05:25',	'2024-08-02 06:05:25',	'2024-08-02 06:05:25'),
(43,	'Science',	8,	'2024-08-13 06:38:44',	'2024-08-13 06:38:44',	'2024-08-13 06:38:44'),
(44,	'PSt',	8,	'2024-08-13 06:46:27',	'2024-08-13 06:46:27',	'2024-08-13 06:46:27'),
(45,	'English',	9,	'2024-09-19 10:00:22',	'2024-09-19 10:00:22',	'2024-09-19 10:00:22'),
(46,	'Maths',	9,	'2024-09-19 10:00:38',	'2024-09-19 10:00:38',	'2024-09-19 10:00:38'),
(47,	'Urdu',	9,	'2024-09-19 10:00:47',	'2024-09-19 10:00:47',	'2024-09-19 10:00:47'),
(48,	'General Knowledge',	9,	'2024-09-19 10:01:00',	'2024-09-19 10:01:00',	'2024-09-19 10:01:00'),
(49,	'Science',	9,	'2024-09-19 10:01:08',	'2024-09-19 10:01:08',	'2024-09-19 10:01:08'),
(50,	'Geography',	9,	'2024-09-19 10:01:18',	'2024-09-19 10:01:18',	'2024-09-19 10:01:18'),
(51,	'Islamiyat',	9,	'2024-09-19 10:02:04',	'2024-09-19 10:02:04',	'2024-09-19 10:02:04'),
(52,	'Social Studies',	9,	'2024-09-19 10:02:26',	'2024-09-19 10:02:26',	'2024-09-19 10:02:26'),
(53,	'UTW',	9,	'2024-09-23 10:43:05',	'2024-09-23 10:43:05',	'2024-09-23 10:43:05'),
(54,	'PSED',	9,	'2024-09-23 10:43:16',	'2024-09-23 10:43:16',	'2024-09-23 10:43:16'),
(55,	'GC',	9,	'2024-09-23 10:43:39',	'2024-09-23 10:43:39',	'2024-09-23 10:43:39'),
(56,	'Library',	9,	'2024-09-24 06:56:59',	'2024-09-24 06:56:59',	'2024-09-24 06:56:59'),
(57,	'Music & PSED',	9,	'2024-09-24 06:59:13',	'2024-09-24 06:59:13',	'2024-09-24 06:59:13'),
(58,	'English',	10,	'2024-10-04 10:40:13',	'2024-10-04 10:40:13',	'2024-10-04 10:40:13'),
(59,	'Urdu',	10,	'2024-10-04 10:40:21',	'2024-10-04 10:40:21',	'2024-10-04 10:40:21'),
(60,	'Maths',	10,	'2024-10-04 10:40:29',	'2024-10-04 10:40:29',	'2024-10-04 10:40:29');

DROP TABLE IF EXISTS `c_answer`;
CREATE TABLE `c_answer` (
  `id` int(11) NOT NULL AUTO_INCREMENT,
  `q_Id` int(11) DEFAULT NULL,
  `answer` text DEFAULT NULL,
  `is_correct` tinyint(1) DEFAULT NULL,
  PRIMARY KEY (`id`)
) ENGINE=InnoDB DEFAULT CHARSET=utf8mb4 COLLATE=utf8mb4_general_ci;

INSERT INTO `c_answer` (`id`, `q_Id`, `answer`, `is_correct`) VALUES
(1,	3,	'Name',	0),
(2,	3,	'Occupation',	0),
(3,	3,	'Address',	0),
(4,	3,	'Favorite food',	1),
(5,	4,	'Sharing your pet’s name',	0),
(6,	4,	'Talking about your strengths and goals',	1),
(7,	4,	'Describing your favorite movie',	0),
(8,	4,	'Discussing your breakfast',	0),
(9,	5,	'Maintaining eye contact',	0),
(10,	5,	'Using humor appropriately',	0),
(11,	5,	'Giving too much personal information',	1),
(12,	5,	'Being brief and to the point',	0),
(13,	6,	'Punctuality',	1),
(14,	6,	'Laziness',	0),
(15,	6,	'Selfishness',	0),
(16,	6,	'Dishonesty',	0),
(17,	7,	'Someone who lies frequently',	0),
(18,	7,	'Someone who is always fair and honest',	1),
(19,	7,	'Someone who ignores others\' opinions',	0),
(20,	7,	'Someone who never makes mistakes',	0),
(21,	8,	'Listening carefully',	1),
(22,	8,	'Interrupting frequently',	0),
(23,	8,	'Avoiding eye contact',	0),
(24,	8,	'Arguing over small matters',	0),
(25,	9,	'Dishonesty',	0),
(26,	9,	'Self-centeredness',	0),
(27,	9,	'Honesty',	1),
(28,	9,	'Ignorance',	0),
(29,	10,	'Getting angry quickly',	0),
(30,	10,	'Waiting calmly without frustration',	1),
(31,	10,	'Avoiding work',	0),
(32,	10,	'Ignoring problems',	0),
(33,	11,	'name',	1),
(34,	12,	'Cooperation',	1),
(35,	13,	'eye contact',	1),
(36,	14,	'honest',	1),
(37,	15,	'punctual',	1),
(38,	16,	'true',	0),
(39,	16,	'false',	1),
(40,	17,	'Your name',	1),
(45,	761,	'Study Of Life',	1),
(46,	761,	'Study Of Car',	0),
(47,	761,	'Study Of animal',	0),
(48,	761,	'Study Of machine',	0);

DROP TABLE IF EXISTS `c_questionbank`;
CREATE TABLE `c_questionbank` (
  `id` int(11) NOT NULL AUTO_INCREMENT,
  `school_id` int(11) NOT NULL,
  `cboard_id` int(50) NOT NULL,
  `cclass_id` int(185) NOT NULL,
  `ccourse_id` int(185) NOT NULL,
  `cchapter_id` int(185) NOT NULL,
  `cquestion` varchar(185) NOT NULL,
  `image` varchar(250) DEFAULT NULL,
  `cqtype` varchar(250) DEFAULT NULL,
  `mark` int(11) DEFAULT NULL,
  `created_at` timestamp NOT NULL DEFAULT current_timestamp(),
  `updated_at` timestamp NOT NULL DEFAULT current_timestamp(),
  `bank_id` int(11) NOT NULL,
  PRIMARY KEY (`id`)
) ENGINE=InnoDB DEFAULT CHARSET=utf8mb4 COLLATE=utf8mb4_general_ci;

INSERT INTO `c_questionbank` (`id`, `school_id`, `cboard_id`, `cclass_id`, `ccourse_id`, `cchapter_id`, `cquestion`, `image`, `cqtype`, `mark`, `created_at`, `updated_at`, `bank_id`) VALUES
(761,	1,	3,	1,	1,	18,	'what is biology',	'1730544437.png',	'mcqs',	1,	'2024-11-02 10:47:17',	'2024-11-02 10:47:17',	93);

DROP TABLE IF EXISTS `democbts`;
CREATE TABLE `democbts` (
  `id` int(250) NOT NULL AUTO_INCREMENT,
  `board_id` int(11) NOT NULL,
  `class` varchar(250) NOT NULL,
  `user_name` varchar(250) NOT NULL,
  `password` varchar(185) NOT NULL,
  `updated_at` timestamp NOT NULL DEFAULT current_timestamp() ON UPDATE current_timestamp(),
  `created_at` timestamp NOT NULL DEFAULT '0000-00-00 00:00:00',
  PRIMARY KEY (`id`)
) ENGINE=InnoDB DEFAULT CHARSET=utf8mb4 COLLATE=utf8mb4_general_ci;


DROP TABLE IF EXISTS `ecoaching`;
CREATE TABLE `ecoaching` (
  `id` bigint(20) NOT NULL AUTO_INCREMENT,
  `school_id` bigint(20) NOT NULL,
  `updated_at` timestamp NOT NULL DEFAULT current_timestamp() ON UPDATE current_timestamp(),
  `created_at` timestamp NOT NULL DEFAULT current_timestamp(),
  PRIMARY KEY (`id`)
) ENGINE=MyISAM DEFAULT CHARSET=latin1 COLLATE=latin1_swedish_ci;

INSERT INTO `ecoaching` (`id`, `school_id`, `updated_at`, `created_at`) VALUES
(1,	1,	'2024-03-24 15:59:12',	'2024-03-24 15:59:12');

DROP TABLE IF EXISTS `exam`;
CREATE TABLE `exam` (
  `id` int(11) NOT NULL AUTO_INCREMENT,
  `school_id` int(11) DEFAULT NULL,
  `ex_school_class_id` int(11) NOT NULL,
  `ex_board_id` int(11) NOT NULL,
  `ex_course_id` int(11) NOT NULL,
  `ex_class_id` int(11) NOT NULL,
  `ex_title` varchar(255) NOT NULL,
  `ex_duration` int(11) NOT NULL,
  `ex_start_date` varchar(250) DEFAULT NULL,
  `ex_end_date` varchar(250) NOT NULL,
  `ex_pass_mark` int(11) NOT NULL,
  `ex_total_question` int(11) NOT NULL,
  `ex_instraction` varchar(250) NOT NULL,
  `created_at` timestamp NOT NULL DEFAULT current_timestamp(),
  `updated_at` timestamp NOT NULL DEFAULT current_timestamp() ON UPDATE current_timestamp(),
  PRIMARY KEY (`id`)
) ENGINE=InnoDB DEFAULT CHARSET=utf8mb4 COLLATE=utf8mb4_general_ci;


DROP TABLE IF EXISTS `exam_answer`;
CREATE TABLE `exam_answer` (
  `id` int(11) NOT NULL AUTO_INCREMENT,
  `exam_id` int(11) NOT NULL,
  `q_id` int(11) NOT NULL,
  `answer` varchar(185) NOT NULL,
  `updated_at` timestamp NOT NULL DEFAULT current_timestamp() ON UPDATE current_timestamp(),
  `created_at` timestamp NOT NULL DEFAULT '0000-00-00 00:00:00',
  `student_id` int(11) NOT NULL,
  PRIMARY KEY (`id`)
) ENGINE=InnoDB DEFAULT CHARSET=utf8mb4 COLLATE=utf8mb4_general_ci;

INSERT INTO `exam_answer` (`id`, `exam_id`, `q_id`, `answer`, `updated_at`, `created_at`, `student_id`) VALUES
(105,	69,	679,	'Charles Darwin',	'2024-10-31 03:37:20',	'2024-10-31 03:37:20',	4),
(106,	69,	651,	'Heredity and variation in organisms',	'2024-10-31 03:37:20',	'2024-10-31 03:37:20',	4),
(107,	69,	696,	'false',	'2024-10-31 03:37:20',	'2024-10-31 03:37:20',	4),
(108,	69,	668,	'sdjkj',	'2024-10-31 03:37:20',	'2024-10-31 03:37:20',	4),
(109,	69,	670,	'as',	'2024-10-31 03:37:20',	'2024-10-31 03:37:20',	4),
(110,	69,	669,	'',	'2024-10-31 03:37:20',	'2024-10-31 03:37:20',	4),
(111,	69,	692,	'',	'2024-10-31 03:37:20',	'2024-10-31 03:37:20',	4),
(112,	69,	647,	'Botany',	'2024-10-31 03:43:54',	'2024-10-31 03:43:54',	256),
(113,	69,	679,	'Gregor Mendel',	'2024-10-31 03:43:54',	'2024-10-31 03:43:54',	256),
(114,	69,	681,	'Genus',	'2024-10-31 03:43:54',	'2024-10-31 03:43:54',	256),
(115,	69,	651,	'The structure of organs',	'2024-10-31 03:43:54',	'2024-10-31 03:43:54',	256),
(116,	69,	676,	'The variety of life forms within a particular area',	'2024-10-31 03:43:54',	'2024-10-31 03:43:54',	256),
(117,	69,	696,	'true',	'2024-10-31 03:43:54',	'2024-10-31 03:43:54',	256),
(118,	69,	668,	's',	'2024-10-31 03:43:54',	'2024-10-31 03:43:54',	256),
(119,	69,	670,	'sds',	'2024-10-31 03:43:54',	'2024-10-31 03:43:54',	256),
(120,	69,	669,	'wew',	'2024-10-31 03:43:54',	'2024-10-31 03:43:54',	256),
(121,	69,	692,	're',	'2024-10-31 03:43:54',	'2024-10-31 03:43:54',	256),
(122,	70,	721,	'',	'2024-10-31 05:37:02',	'2024-10-31 05:37:02',	5),
(123,	70,	667,	'',	'2024-10-31 05:37:02',	'2024-10-31 05:37:02',	5),
(124,	70,	720,	'',	'2024-10-31 05:37:02',	'2024-10-31 05:37:02',	5),
(125,	70,	689,	'',	'2024-10-31 05:37:02',	'2024-10-31 05:37:02',	5),
(126,	70,	672,	'',	'2024-10-31 05:37:02',	'2024-10-31 05:37:02',	5),
(127,	70,	687,	'',	'2024-10-31 05:37:02',	'2024-10-31 05:37:02',	5);

DROP TABLE IF EXISTS `exam_chapter`;
CREATE TABLE `exam_chapter` (
  `id` int(11) NOT NULL AUTO_INCREMENT,
  `exam_id` int(11) DEFAULT NULL,
  `course_id` int(11) DEFAULT NULL,
  `chapter_id` int(11) DEFAULT NULL,
  `updated_at` datetime DEFAULT current_timestamp() ON UPDATE current_timestamp(),
  `created_at` datetime DEFAULT current_timestamp(),
  PRIMARY KEY (`id`)
) ENGINE=InnoDB DEFAULT CHARSET=utf8mb4 COLLATE=utf8mb4_general_ci;

INSERT INTO `exam_chapter` (`id`, `exam_id`, `course_id`, `chapter_id`, `updated_at`, `created_at`) VALUES
(1,	1,	31,	25,	'2024-10-18 12:06:38',	'2024-10-18 12:06:38');

DROP TABLE IF EXISTS `exam_question`;
CREATE TABLE `exam_question` (
  `id` int(11) NOT NULL AUTO_INCREMENT,
  `q_id` int(11) DEFAULT NULL,
  `exam_id` int(11) NOT NULL,
  PRIMARY KEY (`id`)
) ENGINE=InnoDB DEFAULT CHARSET=utf8mb4 COLLATE=utf8mb4_general_ci;


DROP TABLE IF EXISTS `exam_taken_exams`;
CREATE TABLE `exam_taken_exams` (
  `id` int(11) NOT NULL AUTO_INCREMENT,
  `school_id` int(11) NOT NULL,
  `student_id` int(11) NOT NULL,
  `exam_id` int(11) NOT NULL,
  `class_id` int(11) NOT NULL,
  `section` varchar(11) DEFAULT NULL,
  `subject_id` int(11) NOT NULL,
  `total_question` int(11) NOT NULL,
  `total_answer` int(11) NOT NULL,
  `total_mark` decimal(10,2) NOT NULL,
  `total_correct_answer` int(11) NOT NULL,
  `total_incorrect_answer` int(11) NOT NULL,
  `total_obtain_mark` decimal(10,2) NOT NULL,
  `obtain_mark_percent` decimal(5,2) NOT NULL,
  `result_status` varchar(20) NOT NULL,
  `exam_status` int(11) DEFAULT 0,
  `created_at` timestamp NOT NULL DEFAULT current_timestamp(),
  `updated_at` timestamp NOT NULL DEFAULT current_timestamp() ON UPDATE current_timestamp(),
  `not_answer` int(11) NOT NULL,
  `end_time` timestamp NULL DEFAULT current_timestamp(),
  `start_time` timestamp NOT NULL DEFAULT '0000-00-00 00:00:00',
  `time_taken` time NOT NULL,
  PRIMARY KEY (`id`)
) ENGINE=InnoDB DEFAULT CHARSET=utf8mb4 COLLATE=utf8mb4_general_ci;


DROP TABLE IF EXISTS `e_content`;
CREATE TABLE `e_content` (
  `id` bigint(20) NOT NULL AUTO_INCREMENT,
  `board_id` bigint(20) NOT NULL,
  `course_id` bigint(20) NOT NULL,
  `type` varchar(255) NOT NULL,
  `thumbnail` varchar(255) NOT NULL,
  `content_link` varchar(255) NOT NULL,
  `content_type` varchar(255) NOT NULL,
  `updated_at` timestamp NOT NULL DEFAULT current_timestamp() ON UPDATE current_timestamp(),
  `created_at` timestamp NOT NULL DEFAULT current_timestamp(),
  PRIMARY KEY (`id`)
) ENGINE=MyISAM DEFAULT CHARSET=latin1 COLLATE=latin1_swedish_ci;

INSERT INTO `e_content` (`id`, `board_id`, `course_id`, `type`, `thumbnail`, `content_link`, `content_type`, `updated_at`, `created_at`) VALUES
(1,	1,	1,	'live_session',	'web_uploads/ecoaching/thumbnails/661353b733969-Capture.PNG.PNG',	'https://player.vimeo.com/external/653147684.hd.mp4?s=31c5cb6239efbbabf0e62e9cd034b8143bb297e2&profile_id=175',	'link',	'2024-04-08 06:17:27',	'2024-04-08 06:17:27'),
(2,	1,	1,	'live_session',	'web_uploads/ecoaching/thumbnails/66135445ed737-carbon_12.png.png',	'https://player.vimeo.com/progressive_redirect/playback/702306042/rendition/720p?loc=external&signature=c4fbf39e776cb436a7883bb65131b39ac58ebe8ad4448fbb8179e8d2db7b73f5',	'link',	'2024-04-08 06:19:49',	'2024-04-08 06:19:49'),
(3,	1,	1,	'live_session',	'web_uploads/ecoaching/thumbnails/663f7c21d90c7-compressed_Artboard.jpg.jpg',	'https://videos.tecdigital.live/biology/30102021/plant-cell.html',	'link',	'2024-05-11 18:09:37',	'2024-05-11 18:09:37'),
(4,	1,	1,	'notes',	'web_uploads/ecoaching/thumbnails/663f8bf744cf9-English-min.gif.gif',	'web_uploads/ecoaching/notes/663f8bf745392-TecInfinity Dashboard (2).pdf.pdf',	'pdf',	'2024-05-11 19:17:11',	'2024-05-11 19:17:11');

DROP TABLE IF EXISTS `e_payment_plan`;
CREATE TABLE `e_payment_plan` (
  `id` bigint(20) NOT NULL AUTO_INCREMENT,
  `student_id` bigint(20) NOT NULL,
  `plan_id` bigint(20) NOT NULL,
  `start_time` date NOT NULL,
  `end_time` date NOT NULL,
  `isApproved` tinyint(1) DEFAULT 0,
  `updated_at` timestamp NOT NULL DEFAULT current_timestamp() ON UPDATE current_timestamp(),
  `created_at` timestamp NOT NULL DEFAULT current_timestamp(),
  `payment_screenshot` varchar(500) DEFAULT NULL,
  PRIMARY KEY (`id`)
) ENGINE=MyISAM DEFAULT CHARSET=latin1 COLLATE=latin1_swedish_ci;

INSERT INTO `e_payment_plan` (`id`, `student_id`, `plan_id`, `start_time`, `end_time`, `isApproved`, `updated_at`, `created_at`, `payment_screenshot`) VALUES
(1,	4,	1,	'2024-04-08',	'2024-05-08',	1,	'2024-05-11 14:35:09',	'2024-04-08 08:50:04',	'https://firebasestorage.googleapis.com/v0/b/tec-ecoaching.appspot.com/o/upload%2Fpayment_proof%2F1712551800894?alt=media&token=67f33807-997f-4970-96c0-b82c88a8eb6a'),
(2,	5,	1,	'2024-05-01',	'2024-05-31',	1,	'2024-05-11 14:35:16',	'2024-05-01 14:00:47',	'https://firebasestorage.googleapis.com/v0/b/tec-ecoaching.appspot.com/o/upload%2Fpayment_proof%2F1714557643202?alt=media&token=42b19949-7141-4a47-81f9-37a4f30cc3e3'),
(3,	6,	1,	'2024-05-03',	'2024-06-02',	1,	'2024-05-11 14:35:22',	'2024-05-03 16:20:52',	'xyz@.com/screenshot.png'),
(4,	7,	1,	'2024-06-20',	'2024-07-20',	1,	'2024-06-20 10:22:23',	'2024-06-20 09:53:58',	'web_uploads/ecoaching/students/payments/6673c3f614b99-swagger.JPG.JPG'),
(5,	8,	2,	'2024-08-12',	'2024-09-11',	1,	'2024-08-12 08:23:16',	'2024-08-12 08:21:59',	''),
(6,	9,	1,	'2024-08-12',	'2024-09-11',	1,	'2024-08-12 08:33:40',	'2024-08-12 08:32:52',	'');

DROP TABLE IF EXISTS `e_plan`;
CREATE TABLE `e_plan` (
  `id` bigint(20) NOT NULL AUTO_INCREMENT,
  `plan_name` varchar(255) NOT NULL,
  `plan_details` varchar(600) NOT NULL,
  `plan_price` varchar(255) NOT NULL,
  `updated_at` timestamp NOT NULL DEFAULT current_timestamp() ON UPDATE current_timestamp(),
  `created_at` timestamp NOT NULL DEFAULT current_timestamp(),
  `course_id` int(11) DEFAULT NULL,
  `tboard_id` int(11) DEFAULT NULL,
  PRIMARY KEY (`id`),
  KEY `course_id` (`course_id`),
  KEY `tboard_id` (`tboard_id`)
) ENGINE=MyISAM DEFAULT CHARSET=latin1 COLLATE=latin1_swedish_ci;

INSERT INTO `e_plan` (`id`, `plan_name`, `plan_details`, `plan_price`, `updated_at`, `created_at`, `course_id`, `tboard_id`) VALUES
(1,	'PLAN A',	'Sindhboard , 9th , 10th ,11th ,12th Class Notes , online Sessions etc',	'4000',	'2024-04-07 16:13:32',	'2024-04-07 16:13:32',	NULL,	NULL),
(2,	'PLAN B',	'Sindhboard/Federal Borad , 9th , 10th ,11th ,12th Class Notes , online Sessions etc',	'7500',	'2024-08-12 08:20:34',	'2024-08-12 08:20:34',	NULL,	NULL);

DROP TABLE IF EXISTS `e_plan_course`;
CREATE TABLE `e_plan_course` (
  `id` bigint(20) NOT NULL AUTO_INCREMENT,
  `plan_id` bigint(20) NOT NULL,
  `course_id` bigint(20) NOT NULL,
  `board_id` bigint(20) NOT NULL,
  `updated_at` timestamp NOT NULL DEFAULT current_timestamp() ON UPDATE current_timestamp(),
  `created_at` timestamp NOT NULL DEFAULT current_timestamp(),
  PRIMARY KEY (`id`)
) ENGINE=MyISAM DEFAULT CHARSET=latin1 COLLATE=latin1_swedish_ci;

INSERT INTO `e_plan_course` (`id`, `plan_id`, `course_id`, `board_id`, `updated_at`, `created_at`) VALUES
(1,	1,	1,	1,	'2024-04-07 16:13:44',	'2024-04-07 16:13:44'),
(2,	1,	2,	1,	'2024-04-07 16:13:51',	'2024-04-07 16:13:51'),
(3,	1,	3,	1,	'2024-04-07 16:13:55',	'2024-04-07 16:13:55'),
(4,	1,	4,	1,	'2024-04-07 16:14:19',	'2024-04-07 16:14:19'),
(5,	1,	1,	2,	'2024-05-11 18:08:48',	'2024-05-11 18:08:48'),
(6,	1,	2,	2,	'2024-05-11 18:08:55',	'2024-05-11 18:08:55'),
(7,	1,	3,	2,	'2024-05-11 18:08:58',	'2024-05-11 18:08:58'),
(8,	1,	4,	2,	'2024-05-11 18:09:00',	'2024-05-11 18:09:00'),
(9,	2,	1,	2,	'2024-08-12 08:20:43',	'2024-08-12 08:20:43'),
(10,	2,	3,	1,	'2024-08-12 08:20:56',	'2024-08-12 08:20:56');

DROP TABLE IF EXISTS `e_students`;
CREATE TABLE `e_students` (
  `id` bigint(20) NOT NULL AUTO_INCREMENT,
  `name` varchar(255) NOT NULL,
  `email` varchar(255) NOT NULL,
  `password` varchar(500) NOT NULL,
  `updated_at` timestamp NOT NULL DEFAULT current_timestamp() ON UPDATE current_timestamp(),
  `created_at` timestamp NOT NULL DEFAULT current_timestamp(),
  PRIMARY KEY (`id`)
) ENGINE=MyISAM DEFAULT CHARSET=latin1 COLLATE=latin1_swedish_ci;

INSERT INTO `e_students` (`id`, `name`, `email`, `password`, `updated_at`, `created_at`) VALUES
(3,	'Faseeh',	'cfaseeh@gmail.com',	'$2y$12$fo6R0nX5jvQrOeFEFEhJuer5hSnydJI1.hzer7cjBho4v2EiZ2rva',	'2024-04-08 08:46:58',	'2024-04-08 08:46:58'),
(4,	'Faseeh',	'faseeh@gmail.com',	'$2y$12$itfbgV8nByLoI9e1Y3X2jOTq7OsqduAERIxxWB8.JSFlsJheHMBZ2',	'2024-04-08 08:50:04',	'2024-04-08 08:50:04'),
(5,	'Faseeh',	'mfaseeh500@gmail.com',	'$2y$12$0X5Rl6dWXAOYWEjy1C8KfeKogQH.yNd9OxFUXWfJOjwde.jE8xUn6',	'2024-05-01 14:00:47',	'2024-05-01 14:00:47'),
(6,	'Faiez2',	'fazufaiez11@gmail.com',	'$2y$12$oLBLiXr1y436tX2U6tB9KeQxNkUzv/p5GsIuRnitjokd01umZ8.U6',	'2024-05-03 16:20:52',	'2024-05-03 16:20:52'),
(7,	'tec',	'tec@gmail.com',	'12345',	'2024-06-20 09:53:58',	'2024-06-20 09:53:58'),
(8,	'faiez',	'faiezwaseem@gmail.com',	'$2y$12$cUquoZxEV9W0xigkX9bXdOnKylvfhOiRItOxyEBiN5PXxEd7/rAsW',	'2024-08-12 08:21:59',	'2024-08-12 08:21:59'),
(9,	'asad',	'asad1@gmail.com',	'$2y$12$wZzdHoMf.utYdQ5UExegIe3m9IaHsf0Qn.MuX4KHIxjji5LmaZR/u',	'2024-08-12 08:32:52',	'2024-08-12 08:32:52');

DROP TABLE IF EXISTS `homework`;
CREATE TABLE `homework` (
  `id` bigint(20) NOT NULL AUTO_INCREMENT,
  `school_id` bigint(20) NOT NULL,
  `class_id` bigint(20) NOT NULL,
  `teacher_id` bigint(20) NOT NULL,
  `image` varchar(500) DEFAULT NULL,
  `content` varchar(500) DEFAULT NULL,
  `updated_at` timestamp NOT NULL DEFAULT current_timestamp() ON UPDATE current_timestamp(),
  `created_at` timestamp NOT NULL DEFAULT current_timestamp(),
  `date` timestamp NOT NULL DEFAULT current_timestamp(),
  PRIMARY KEY (`id`)
) ENGINE=MyISAM DEFAULT CHARSET=latin1 COLLATE=latin1_swedish_ci;

INSERT INTO `homework` (`id`, `school_id`, `class_id`, `teacher_id`, `image`, `content`, `updated_at`, `created_at`, `date`) VALUES
(10,	7,	30,	23,	'web_uploads/school_teacher_content/homework/663ca4ed377e4-Capture.PNG.PNG',	NULL,	'2024-05-09 14:26:53',	'2024-05-09 14:26:53',	'2024-05-09 04:00:00'),
(11,	1,	1,	3,	NULL,	'Complete English Assignment',	'2024-06-13 17:19:38',	'2024-06-13 17:19:38',	'2024-06-13 04:00:00'),
(12,	1,	12,	5,	'web_uploads/school_teacher_content/homework/667409b233552-matter.gif.gif',	'MATTER',	'2024-06-20 14:51:30',	'2024-06-20 14:51:30',	'2024-12-31 05:00:00'),
(13,	9,	47,	40,	'web_uploads/school_teacher_content/homework/66ebf8067f78b-Petty Cash (1).jpeg.jpeg',	'Petty Cash',	'2024-09-19 10:08:06',	'2024-09-19 10:08:06',	'2024-09-19 00:00:00'),
(14,	9,	49,	41,	'web_uploads/school_teacher_content/homework/66f29aebe5ad9-Jazz Blaze (1).jpeg.jpeg',	'Hello World',	'2024-09-24 10:56:43',	'2024-09-24 10:56:43',	'2024-09-24 00:00:00'),
(16,	8,	35,	24,	'web_uploads/school_teacher_content/homework/66fb8632bfa9d-30906.jpg.jpg',	'Testing',	'2024-10-01 05:18:42',	'2024-10-01 05:18:42',	'2024-10-01 00:00:00'),
(17,	8,	37,	36,	'web_uploads/school_teacher_content/homework/66fb884ce9a6c-pngtree-3d-student-maintain-cleanliness-png-image_9943479.png.png',	'Testing',	'2024-10-01 05:27:40',	'2024-10-01 05:27:40',	'2024-10-01 00:00:00'),
(18,	8,	38,	36,	'web_uploads/school_teacher_content/homework/66fb886359037-pngtree-3d-student-maintain-cleanliness-png-image_9943479.png.png',	'testing',	'2024-10-01 05:28:03',	'2024-10-01 05:28:03',	'2024-10-01 00:00:00'),
(19,	8,	39,	36,	'web_uploads/school_teacher_content/homework/66fb888ceb23f-pngtree-3d-student-maintain-cleanliness-png-image_9943479.png.png',	'Testing',	'2024-10-01 05:28:44',	'2024-10-01 05:28:44',	'2024-10-01 00:00:00'),
(20,	8,	40,	36,	'web_uploads/school_teacher_content/homework/66fb88ae5af9d-pngtree-3d-student-maintain-cleanliness-png-image_9943479.png.png',	'Testing',	'2024-10-01 05:29:18',	'2024-10-01 05:29:18',	'2024-10-01 00:00:00'),
(21,	8,	41,	36,	'web_uploads/school_teacher_content/homework/66fb88c243980-pngtree-3d-student-maintain-cleanliness-png-image_9943479.png.png',	'Testing',	'2024-10-01 05:29:38',	'2024-10-01 05:29:38',	'2024-10-01 00:00:00'),
(22,	8,	42,	36,	'web_uploads/school_teacher_content/homework/66fb88d3db99c-pngtree-3d-student-maintain-cleanliness-png-image_9943479.png.png',	'Testing',	'2024-10-01 05:29:55',	'2024-10-01 05:29:55',	'2024-10-01 00:00:00'),
(23,	8,	31,	25,	'web_uploads/school_teacher_content/homework/66fb8ead01b11-30906.jpg.jpg',	'My Testing',	'2024-10-01 05:54:53',	'2024-10-01 05:54:53',	'2024-10-01 00:00:00'),
(24,	8,	37,	24,	'web_uploads/school_teacher_content/homework/66fb995f78bb7-gif.gif.gif',	'Demo',	'2024-10-01 06:40:31',	'2024-10-01 06:40:31',	'2024-10-01 00:00:00'),
(25,	8,	31,	26,	'web_uploads/school_teacher_content/homework/66fb9a1bde667-30906.jpg.jpg',	'My testing',	'2024-10-01 06:43:39',	'2024-10-01 06:43:39',	'2024-10-01 00:00:00'),
(26,	8,	35,	27,	'web_uploads/school_teacher_content/homework/66fb9cc843797-30906.jpg.jpg',	'demo',	'2024-10-01 06:55:04',	'2024-10-01 06:55:04',	'2024-10-01 00:00:00'),
(27,	8,	36,	27,	'web_uploads/school_teacher_content/homework/66fb9cd9766b4-gif.gif.gif',	'demo',	'2024-10-01 06:55:21',	'2024-10-01 06:55:21',	'2024-09-29 00:00:00'),
(28,	8,	37,	36,	'web_uploads/school_teacher_content/homework/66fb9cf062ba2-pngtree-3d-student-maintain-cleanliness-png-image_9943479.png.png',	'Testing',	'2024-10-01 06:55:44',	'2024-10-01 06:55:44',	'2024-10-01 00:00:00'),
(29,	8,	44,	35,	'web_uploads/school_teacher_content/homework/66fb9d60ae645-pngtree-3d-student-maintain-cleanliness-png-image_9943479.png.png',	'Testing',	'2024-10-01 06:57:36',	'2024-10-01 06:57:36',	'2024-10-01 00:00:00'),
(30,	8,	43,	28,	'web_uploads/school_teacher_content/homework/66fcc1baab327-30906.jpg.jpg',	'Demo',	'2024-10-02 03:44:58',	'2024-10-02 03:44:58',	'2024-10-02 00:00:00');

DROP TABLE IF EXISTS `notice_board`;
CREATE TABLE `notice_board` (
  `id` bigint(20) NOT NULL AUTO_INCREMENT,
  `school_id` bigint(20) NOT NULL,
  `message` text NOT NULL,
  `updated_at` timestamp NOT NULL DEFAULT current_timestamp() ON UPDATE current_timestamp(),
  `created_at` timestamp NOT NULL DEFAULT current_timestamp(),
  PRIMARY KEY (`id`)
) ENGINE=InnoDB DEFAULT CHARSET=utf8mb4 COLLATE=utf8mb4_general_ci;

INSERT INTO `notice_board` (`id`, `school_id`, `message`, `updated_at`, `created_at`) VALUES
(2,	1,	'<b>Clear Your Dues</b>',	'2024-08-29 09:00:18',	'2024-08-29 09:00:18');

DROP TABLE IF EXISTS `outline`;
CREATE TABLE `outline` (
  `id` bigint(20) NOT NULL AUTO_INCREMENT,
  `school_id` bigint(20) NOT NULL,
  `class_id` bigint(20) NOT NULL,
  `course_id` bigint(20) NOT NULL,
  `teacher_id` bigint(20) NOT NULL,
  `chapter_id` bigint(20) NOT NULL,
  `title` varchar(255) NOT NULL,
  `is_covered` tinyint(1) NOT NULL,
  `deliver_date` timestamp NOT NULL DEFAULT current_timestamp(),
  `updated_at` timestamp NOT NULL DEFAULT current_timestamp() ON UPDATE current_timestamp(),
  `created_at` timestamp NOT NULL DEFAULT current_timestamp(),
  PRIMARY KEY (`id`),
  KEY `_school_id_school_id` (`school_id`),
  KEY `outline_class_id_sclass_id` (`class_id`),
  KEY `outline_course_id_course_id` (`course_id`),
  KEY `outline_teacher_id_teacher_id` (`teacher_id`),
  CONSTRAINT `_chapter_school_id` FOREIGN KEY (`school_id`) REFERENCES `school` (`id`),
  CONSTRAINT `_school_id_school_id` FOREIGN KEY (`school_id`) REFERENCES `school` (`id`),
  CONSTRAINT `attendance_course_id` FOREIGN KEY (`course_id`) REFERENCES `course` (`id`),
  CONSTRAINT `chapter_class_id_sclass_id` FOREIGN KEY (`class_id`) REFERENCES `classes` (`id`),
  CONSTRAINT `chapter_course_id_course_id` FOREIGN KEY (`course_id`) REFERENCES `course` (`id`),
  CONSTRAINT `chapter_teacher_id_teacher_id` FOREIGN KEY (`teacher_id`) REFERENCES `teachers` (`id`),
  CONSTRAINT `outline_class_id_sclass_id` FOREIGN KEY (`class_id`) REFERENCES `classes` (`id`),
  CONSTRAINT `outline_course_id_course_id` FOREIGN KEY (`course_id`) REFERENCES `course` (`id`),
  CONSTRAINT `outline_teacher_id_teacher_id` FOREIGN KEY (`teacher_id`) REFERENCES `teachers` (`id`)
) ENGINE=InnoDB DEFAULT CHARSET=utf8mb4 COLLATE=utf8mb4_general_ci;

INSERT INTO `outline` (`id`, `school_id`, `class_id`, `course_id`, `teacher_id`, `chapter_id`, `title`, `is_covered`, `deliver_date`, `updated_at`, `created_at`) VALUES
(28,	7,	30,	27,	23,	16,	'Carnot',	0,	'2024-05-13 04:00:00',	'2024-05-09 14:08:37',	'2024-05-09 14:08:37'),
(34,	8,	35,	34,	24,	19,	'demo',	1,	'2024-08-14 00:00:00',	'2024-08-12 08:41:20',	'2024-08-12 08:41:07'),
(38,	8,	35,	31,	32,	25,	'Introduction To Self',	0,	'2024-09-30 00:00:00',	'2024-09-30 11:07:19',	'2024-09-30 11:07:19'),
(39,	8,	35,	31,	32,	25,	'GOOD QUALITIES',	0,	'2024-10-01 00:00:00',	'2024-09-30 11:38:16',	'2024-09-30 11:38:16'),
(40,	8,	35,	31,	32,	25,	'EXERCISE',	0,	'2024-10-02 00:00:00',	'2024-09-30 11:39:03',	'2024-09-30 11:39:03'),
(42,	8,	37,	41,	36,	27,	'topics testing',	1,	'2024-10-01 00:00:00',	'2024-10-01 05:55:37',	'2024-10-01 05:55:17'),
(43,	8,	37,	41,	36,	28,	'topics testing',	1,	'2024-10-01 00:00:00',	'2024-10-01 05:56:15',	'2024-10-01 05:55:24'),
(45,	8,	44,	41,	35,	30,	'topics testing',	0,	'2024-10-01 00:00:00',	'2024-10-01 07:59:27',	'2024-10-01 07:59:27'),
(46,	8,	44,	41,	35,	31,	'topics testing',	0,	'2024-10-02 00:00:00',	'2024-10-01 07:59:38',	'2024-10-01 07:59:38'),
(47,	8,	44,	41,	35,	32,	'topics testing',	0,	'2024-10-03 00:00:00',	'2024-10-01 07:59:47',	'2024-10-01 07:59:47'),
(48,	10,	67,	60,	57,	33,	'topics demo',	0,	'2024-10-04 00:00:00',	'2024-10-04 10:53:34',	'2024-10-04 10:53:34'),
(49,	10,	68,	59,	56,	34,	'Testing',	0,	'2024-10-05 00:00:00',	'2024-10-04 10:56:47',	'2024-10-04 10:56:47'),
(50,	10,	70,	59,	56,	35,	'Demo',	0,	'2024-10-05 00:00:00',	'2024-10-04 11:14:09',	'2024-10-04 11:14:09'),
(51,	10,	68,	60,	57,	36,	'topics demo',	0,	'2024-10-04 00:00:00',	'2024-10-04 11:19:10',	'2024-10-04 11:19:10'),
(52,	10,	69,	60,	57,	37,	'topics demo',	0,	'2024-10-04 00:00:00',	'2024-10-04 11:19:29',	'2024-10-04 11:19:29'),
(53,	10,	70,	60,	57,	38,	'topics demo',	0,	'2024-10-04 00:00:00',	'2024-10-04 11:20:01',	'2024-10-04 11:20:01'),
(54,	10,	67,	59,	56,	39,	'test',	0,	'2024-10-05 00:00:00',	'2024-10-04 11:23:27',	'2024-10-04 11:23:27'),
(55,	10,	69,	59,	56,	40,	'Testing',	0,	'2024-10-05 00:00:00',	'2024-10-04 11:32:11',	'2024-10-04 11:32:11');

DROP TABLE IF EXISTS `questionbank`;
CREATE TABLE `questionbank` (
  `id` bigint(20) NOT NULL AUTO_INCREMENT,
  `school_id` bigint(20) NOT NULL,
  `board_id` bigint(20) NOT NULL,
  `class_id` bigint(20) NOT NULL,
  `course_id` bigint(20) NOT NULL,
  `chapter_id` varchar(255) NOT NULL,
  `updated_at` timestamp NOT NULL DEFAULT current_timestamp() ON UPDATE current_timestamp(),
  `created_at` timestamp NOT NULL DEFAULT '0000-00-00 00:00:00',
  PRIMARY KEY (`id`)
) ENGINE=InnoDB DEFAULT CHARSET=utf8mb4 COLLATE=utf8mb4_general_ci;

INSERT INTO `questionbank` (`id`, `school_id`, `board_id`, `class_id`, `course_id`, `chapter_id`, `updated_at`, `created_at`) VALUES
(89,	2,	2,	1,	4,	'110',	'2024-11-02 07:30:18',	'2024-11-02 07:30:18'),
(93,	1,	3,	1,	1,	'18',	'2024-11-02 10:28:55',	'2024-11-02 10:28:55');

DROP TABLE IF EXISTS `school`;
CREATE TABLE `school` (
  `id` bigint(20) NOT NULL AUTO_INCREMENT,
  `school_name` varchar(255) NOT NULL,
  `updated_at` timestamp NOT NULL DEFAULT current_timestamp() ON UPDATE current_timestamp(),
  `created_at` timestamp NOT NULL DEFAULT current_timestamp(),
  `logo` varchar(255) DEFAULT NULL,
  `banner` varchar(255) DEFAULT NULL,
  `prefix` varchar(255) NOT NULL,
  PRIMARY KEY (`id`),
  UNIQUE KEY `unique_school_name` (`school_name`),
  UNIQUE KEY `prefix` (`prefix`)
) ENGINE=InnoDB DEFAULT CHARSET=latin1 COLLATE=latin1_swedish_ci;

INSERT INTO `school` (`id`, `school_name`, `updated_at`, `created_at`, `logo`, `banner`, `prefix`) VALUES
(1,	'Tec (Testing)',	'2024-09-23 08:24:53',	'2023-12-27 08:01:40',	NULL,	NULL,	'prefix_1'),
(2,	'FC',	'2024-09-23 08:24:53',	'2023-12-27 08:01:40',	NULL,	NULL,	'prefix_2'),
(5,	'Tec Schooling System Campus II',	'2024-09-23 08:24:53',	'2024-01-15 16:51:53',	NULL,	NULL,	'prefix_5'),
(6,	'FC e-learning',	'2024-09-23 08:24:53',	'2024-03-19 09:18:20',	NULL,	NULL,	'prefix_6'),
(7,	'ABC',	'2024-09-23 08:24:53',	'2024-05-09 13:30:41',	NULL,	NULL,	'prefix_7'),
(8,	'Tec - Schooling System Campus I',	'2024-09-23 10:56:59',	'2024-07-27 11:04:13',	'web_uploads/school/logo/66ebefc272047-tec.png.png',	'web_uploads/school/banner/66ebefc27823d-bg.jpg.jpg',	'TSS'),
(9,	'Leader\'s Harbour Schooling System',	'2024-09-23 10:56:49',	'2024-09-19 09:55:12',	'web_uploads/school/logo/66ebf5009ea5a-logo alpha-01.png.png',	'web_uploads/school/banner/66ed388aae865-Banner Leader Harbour.jpeg.jpeg',	'LHS'),
(10,	'Demo Public School',	'2024-10-04 10:10:05',	'2024-10-04 10:10:05',	'web_uploads/school/logo/66ffbefd4b0dd-Demo Logo.png.png',	'web_uploads/school/banner/66ffbefd4b2fa-Logo Banner.png.png',	'dps');

DROP TABLE IF EXISTS `schools_admin`;
CREATE TABLE `schools_admin` (
  `id` bigint(20) NOT NULL AUTO_INCREMENT,
  `school_id` bigint(20) NOT NULL,
  `admin_id` bigint(20) NOT NULL,
  `updated_at` timestamp NOT NULL DEFAULT current_timestamp() ON UPDATE current_timestamp(),
  `created_at` timestamp NOT NULL DEFAULT current_timestamp(),
  PRIMARY KEY (`id`),
  KEY `_schools_admin_school_id_school_id` (`school_id`),
  KEY `schools_admin_admin_id` (`admin_id`)
) ENGINE=MyISAM DEFAULT CHARSET=latin1 COLLATE=latin1_swedish_ci;

INSERT INTO `schools_admin` (`id`, `school_id`, `admin_id`, `updated_at`, `created_at`) VALUES
(1,	1,	8,	'2024-03-04 06:45:13',	'2024-03-04 06:45:13'),
(2,	2,	8,	'2024-03-04 12:39:49',	'2024-03-04 12:39:49'),
(3,	5,	8,	'2024-03-04 12:39:57',	'2024-03-04 12:39:57'),
(4,	1,	16,	'2024-03-05 11:09:09',	'2024-03-05 11:09:09'),
(5,	2,	16,	'2024-03-05 11:09:29',	'2024-03-05 11:09:29'),
(6,	5,	16,	'2024-03-05 11:09:44',	'2024-03-05 11:09:44'),
(7,	6,	8,	'2024-03-19 09:18:41',	'2024-03-19 09:18:41'),
(10,	6,	16,	'2024-03-27 17:42:22',	'2024-03-27 17:42:22'),
(9,	6,	20,	'2024-03-19 09:19:26',	'2024-03-19 09:19:26'),
(11,	7,	24,	'2024-05-09 13:31:49',	'2024-05-09 13:31:49'),
(12,	1,	25,	'2024-06-13 16:58:05',	'2024-06-13 16:58:05'),
(13,	2,	25,	'2024-06-13 16:58:28',	'2024-06-13 16:58:28'),
(14,	5,	25,	'2024-06-13 16:58:49',	'2024-06-13 16:58:49'),
(15,	8,	16,	'2024-07-27 11:05:00',	'2024-07-27 11:05:00'),
(16,	8,	26,	'2024-07-27 11:06:52',	'2024-07-27 11:06:52'),
(17,	9,	27,	'2024-09-19 09:56:11',	'2024-09-19 09:56:11'),
(18,	10,	28,	'2024-10-04 10:10:58',	'2024-10-04 10:10:58'),
(19,	1,	29,	'2024-10-16 11:04:01',	'2024-10-16 11:04:01'),
(20,	8,	29,	'2024-10-16 11:07:56',	'2024-10-16 11:07:56');

DROP TABLE IF EXISTS `school_content_permission`;
CREATE TABLE `school_content_permission` (
  `id` bigint(20) NOT NULL AUTO_INCREMENT,
  `school_id` bigint(20) NOT NULL,
  `board_id` bigint(20) NOT NULL,
  `updated_at` timestamp NOT NULL DEFAULT current_timestamp() ON UPDATE current_timestamp(),
  `created_at` timestamp NOT NULL DEFAULT current_timestamp(),
  PRIMARY KEY (`id`)
) ENGINE=MyISAM DEFAULT CHARSET=latin1 COLLATE=latin1_swedish_ci;

INSERT INTO `school_content_permission` (`id`, `school_id`, `board_id`, `updated_at`, `created_at`) VALUES
(1,	6,	2,	'2024-03-22 09:40:39',	'2024-03-22 09:40:39'),
(8,	1,	1,	'2024-03-24 16:06:23',	'2024-03-24 16:06:23'),
(3,	6,	1,	'2024-03-22 09:40:44',	'2024-03-22 09:40:44'),
(9,	1,	2,	'2024-03-25 08:55:14',	'2024-03-25 08:55:14'),
(10,	7,	2,	'2024-05-09 13:31:01',	'2024-05-09 13:31:01'),
(11,	1,	3,	'2024-06-13 17:00:45',	'2024-06-13 17:00:45'),
(12,	8,	1,	'2024-07-27 11:04:18',	'2024-07-27 11:04:18'),
(13,	8,	2,	'2024-07-27 11:04:19',	'2024-07-27 11:04:19'),
(14,	8,	3,	'2024-07-27 11:04:19',	'2024-07-27 11:04:19'),
(15,	8,	4,	'2024-07-27 11:04:19',	'2024-07-27 11:04:19');

DROP TABLE IF EXISTS `section`;
CREATE TABLE `section` (
  `id` bigint(20) NOT NULL AUTO_INCREMENT,
  `section_name` varchar(255) NOT NULL,
  `class_id` bigint(20) NOT NULL,
  `school_id` bigint(20) NOT NULL,
  `updated_at` timestamp NOT NULL DEFAULT current_timestamp() ON UPDATE current_timestamp(),
  `created_at` timestamp NOT NULL DEFAULT current_timestamp(),
  PRIMARY KEY (`id`),
  UNIQUE KEY `section_name` (`section_name`)
) ENGINE=InnoDB DEFAULT CHARSET=latin1 COLLATE=latin1_swedish_ci;


DROP TABLE IF EXISTS `students`;
CREATE TABLE `students` (
  `id` bigint(20) NOT NULL AUTO_INCREMENT,
  `photo` varchar(255) DEFAULT NULL,
  `name` varchar(255) NOT NULL,
  `father_name` varchar(255) DEFAULT NULL,
  `admission_no` int(11) DEFAULT NULL,
  `type` varchar(255) DEFAULT NULL,
  `group` varchar(255) DEFAULT NULL,
  `class` varchar(255) DEFAULT NULL,
  `section` varchar(5) NOT NULL,
  `dob` varchar(255) NOT NULL,
  `contact` varchar(255) NOT NULL,
  `gender` varchar(255) NOT NULL,
  `email` varchar(255) NOT NULL,
  `school` bigint(20) NOT NULL,
  `password` varchar(255) NOT NULL,
  `token` varchar(255) DEFAULT '',
  `updated_at` timestamp NOT NULL DEFAULT current_timestamp() ON UPDATE current_timestamp(),
  `created_at` timestamp NOT NULL DEFAULT current_timestamp(),
  PRIMARY KEY (`id`),
  KEY `students_school_school_id` (`school`),
  CONSTRAINT `students_school_school_id` FOREIGN KEY (`school`) REFERENCES `school` (`id`)
) ENGINE=InnoDB DEFAULT CHARSET=latin1 COLLATE=latin1_swedish_ci;

INSERT INTO `students` (`id`, `photo`, `name`, `father_name`, `admission_no`, `type`, `group`, `class`, `section`, `dob`, `contact`, `gender`, `email`, `school`, `password`, `token`, `updated_at`, `created_at`) VALUES
(149,	'web_uploads/students/profile/66ea7f7120675-Mahnoor.jpeg.jpeg',	'Mahnoor',	'zakir Hussain',	541,	NULL,	'Pre-Primary',	'Montessori',	'A',	'2020-07-21',	'03132209117',	'male',	'mahnoor@tss.com',	8,	'$2y$12$r7aO9kl5VSPVbTEtf1jdq..2SuQNPWYERNftiRABlD7L0j.MqKz1G',	'',	'2024-10-16 09:52:39',	'2024-08-01 08:28:51'),
(150,	'web_uploads/students/profile/66ea7fb0d1370-Mateeh.jpeg.jpeg',	'Muhammad Mateeh',	'Muhmmad Umair',	411,	NULL,	'Pre-Primary',	'Montessori',	'A',	'2020-09-23',	'03362050189',	'male',	'mateeh1@tss.com',	8,	'$2y$12$Chvq8R3kcsVQBtKLCkC8buHys7l0ArvbAn8ZulvF8MAYSqhpSCMtK',	'',	'2024-09-28 09:48:31',	'2024-08-01 08:31:25'),
(151,	'web_uploads/students/profile/66ea7f0f2c00c-Hawa.jpeg.jpeg',	'Hauva Sikander',	'Sikander Hanif',	412,	NULL,	'Pre-Primary',	'Montessori',	'A',	'2020-05-21',	'03332822650',	'male',	'hauva@tss.com',	8,	'$2y$12$9VOKRgLfE.eU7QXxELyDEe3jlgArvL2J3li6iFbQ1Fq4/wywhsND6',	'',	'2024-09-18 07:19:43',	'2024-08-01 08:32:20'),
(152,	NULL,	'Umaima',	'Asad Aftab',	413,	NULL,	'Pre-Primary',	'Montessori',	'A',	'2020-07-25',	'03452533225',	'female',	'umaima@tss.com',	8,	'$2y$12$xrireVGKS1eZMUem7wh5yOmTR9uWMlmyIGyrrbA.Sn53jfjOTB9by',	'',	'2024-08-01 08:33:03',	'2024-08-01 08:33:03'),
(153,	'web_uploads/students/profile/66ea800954b7a-Arham.jpeg.jpeg',	'M Arham Babar',	'Babar Khan',	202,	NULL,	NULL,	'E.C.D One',	'A',	'2020-11-07',	'031000000',	'male',	'marham.202tss@gmail.com',	8,	'$2y$12$4HKgRmB6KfsgcFPmpeJQweOQ1Z16h.sSczJwd7yQT046W0NPiOlt.',	'',	'2024-09-18 07:23:53',	'2024-08-01 08:47:14'),
(154,	NULL,	'Huzaifa',	'xyz',	5888,	NULL,	NULL,	'E.C.D One',	'A',	'2022-03-27',	'03100000000',	'male',	'huzaifa.5888@tss.com',	8,	'$2y$12$ln26BqrTaMCEOPwpTzoML.v9lrROzV8e1cUaLF80f31nyKNHs31Hi',	'',	'2024-08-01 08:48:39',	'2024-08-01 08:48:39'),
(155,	'web_uploads/students/profile/66ea804c56c48-A.Bari.jpeg.jpeg',	'Abdul Bari',	'Ajmal Khan',	5999,	NULL,	NULL,	'E.C.D One',	'A',	'2019-06-13',	'03112662239',	'male',	'bari.5999@tss.com',	8,	'$2y$12$5svrckje2RrX5xcuBcUCQO./0fB2LAnKVnQyFLOc0z6MzwOAsbrLG',	'',	'2024-09-18 07:25:00',	'2024-08-01 08:49:28'),
(156,	'web_uploads/students/profile/66ea7ebcb0797-Anaya.jpeg.jpeg',	'Anaya',	'shehzad',	62,	NULL,	NULL,	'E.C.D One',	'A',	'2019-06-23',	'036101100109',	'male',	'anaya22tss@gmail.com',	8,	'$2y$12$DCWEkR.h4xk1H.qUN6xA4.cFeITIhUkz4Jj3MPv2LhQoWG715PZa2',	'',	'2024-09-18 07:18:20',	'2024-08-01 08:50:22'),
(157,	'web_uploads/students/profile/66ea806250d29-Dawood.jpeg.jpeg',	'Dawood',	'Muhammad',	1256,	NULL,	NULL,	'E.C.D One',	'A',	'2020-08-07',	'02321234567',	'male',	'dawood.1256@tss.com',	8,	'$2y$12$lvqlnkLV.2GIyNT7HQs3OefI1S13SWLDfHxdF8aNf7VNEsLACo3mG',	'',	'2024-09-18 07:25:22',	'2024-08-01 08:51:31'),
(159,	NULL,	'Muhammad Raheel',	'Muhammad Nazeer',	414,	NULL,	'Pre-Primary',	'E.C.D One',	'A',	'2019-03-08',	'03153961319',	'male',	'raheel@tss.com',	8,	'$2y$12$TmwQojImsFKiciSYxow/nefhiRpAt7BfBrrNRNAOyOd7x5wymKfei',	'',	'2024-08-01 08:52:17',	'2024-08-01 08:52:17'),
(160,	'web_uploads/students/profile/66ea80c991146-Rehmat Hussain.jpeg.jpeg',	'Muhammad Rehmat Hussain',	'Nadeem',	185,	NULL,	'Primary',	'E.C.D Two',	'A',	'2019-05-06',	'03233048272',	'male',	'rehmat.185@tss.com',	8,	'$2y$12$wY64eVsURxgiUPY7i9jYeuGLrmxlXuluMpPmL6hPIjGd3Zzfh8RUa',	'',	'2024-09-18 07:27:05',	'2024-08-01 08:54:02'),
(161,	'web_uploads/students/profile/66ea80f2c70df-Zayan.jpeg.jpeg',	'Zayan Rehan',	'Rehan',	190,	NULL,	'Primary',	'E.C.D Two',	'A',	'2018-05-18',	'03042535887',	'male',	'zayan.190@tss.com',	8,	'$2y$12$FRdClO09myxmkqrSAaSRPOU6wUzfLORPeWsFnhn9Hru9uB0gcUnee',	'',	'2024-09-18 07:27:46',	'2024-08-01 08:54:55'),
(163,	'web_uploads/students/profile/66ea8129a9ab1-Affan.jpeg.jpeg',	'Affan',	'Israr Ahmed',	444,	NULL,	'Primary',	'E.C.D Two',	'A',	'2016-10-29',	'03322221666',	'male',	'affan.444@tss.com',	8,	'$2y$12$rNBAIOxLlVDISgTqzL8G4.aYA7FMa0pp/VW57kSCgM9v.Zo6iGKfG',	'',	'2024-09-18 07:28:41',	'2024-08-01 08:56:20'),
(164,	'web_uploads/students/profile/66ea814dc7fb7-Anabia.jpeg.jpeg',	'ANABIYA',	'MUHAMMAD HAMID',	50,	NULL,	'Primary',	'E.C.D Two',	'A',	'2023-09-11',	'031000000',	'male',	'anabia50tss@gmail.com',	8,	'$2y$12$eSAFaZIvmAnFTlmdcyYCW.d2Jnvm0JOGs/Fd1wcRf/x3uGO7eJKGu',	'',	'2024-09-18 07:29:17',	'2024-08-01 09:04:16'),
(165,	'web_uploads/students/profile/66ea815aea020-Ammar.jpeg.jpeg',	'Ammar',	'Adnan Shah',	20,	NULL,	'Primary',	'E.C.D Two',	'A',	'2017-12-21',	'03332389565',	'male',	'rehmat20tss@gmail.com',	8,	'$2y$12$hPZuQzQKHZTIKE1XQGhN8OD4Re4nuJFqwf0d1O2lI0.psQCx6Z3l.',	'',	'2024-09-18 07:29:30',	'2024-08-01 09:07:20'),
(166,	'web_uploads/students/profile/66ea81858d64a-Mohamid.jpeg.jpeg',	'Muhammad Muhamid',	'Muhammad Haris Shafi',	416,	NULL,	'Primary',	'E.C.D Two',	'A',	'2018-12-11',	'03311324194',	'male',	'muhamid@tss.com',	8,	'$2y$12$45o1loLrAnPMHUMXZOeut.xr5b8MCDE..qxw26H6cnLRQh5SmQpYy',	'',	'2024-09-18 07:30:13',	'2024-08-01 09:09:34'),
(167,	'web_uploads/students/profile/66ea822e29c37-Anabia.jpeg.jpeg',	'Anabiyah Tabassum',	'Ikram hussain',	290,	NULL,	'Primary',	'One',	'A',	'2017-02-11',	'03312623242',	'male',	'anabiyah.290@tss.com',	8,	'$2y$12$bBsPowy.5.NTKCzxxzBpVuKqz4sFCjAMPEs8V.UpIpSfbKwFl1KkC',	'',	'2024-10-22 10:05:02',	'2024-08-01 09:11:05'),
(168,	'web_uploads/students/profile/66ea81ed57a38-Aman.jpeg.jpeg',	'Aman Shah',	'Adnan Shah',	291,	NULL,	'Primary',	'One',	'A',	'2017-01-01',	'03332389565',	'male',	'adnan.291@tss.com',	8,	'$2y$12$O6mQR5vEiyODXPte3EkX6uq7Y9elmbXl8/SxDN9UpVIOTnsr.ztLW',	'',	'2024-10-01 06:41:13',	'2024-08-01 09:13:17'),
(170,	'web_uploads/students/profile/66ea827d83eb6-Hammad.jpeg.jpeg',	'Hammad Arshad',	'Arshad Farooq',	293,	NULL,	'Primary',	'One',	'A',	'2018-12-24',	'03343800691',	'male',	'hammad.293@tss.com',	8,	'$2y$12$B32/K706ZcPv0a6ab9fWqOAFp48Z2Mv./ayOglsbRGHSx7YkbspjW',	'',	'2024-09-18 07:34:21',	'2024-08-01 09:27:39'),
(172,	'web_uploads/students/profile/66ea82af54013-Fatima.jpeg.jpeg',	'Syeda Fatima Yaseen',	'Syed Yaseen',	295,	NULL,	'primary',	'One',	'A',	'2017-07-03',	'03091217803',	'male',	'fatima.294@tss.com',	8,	'$2y$12$akeaxQ0vjrt0TlXnYJPHhuuHZfJNQmi8DYJHMUh9TCaBr9YpZPX.K',	'',	'2024-09-18 07:35:11',	'2024-08-01 09:29:59'),
(174,	'web_uploads/students/profile/66ea82c563f74-Bushra.jpeg.jpeg',	'Bushra Farhan',	'Farhan',	298,	NULL,	'Primary',	'One',	'A',	'2015-11-12',	'03147315794',	'male',	'bushra.297@tss.com',	8,	'$2y$12$J.ym0OZm.LOiL0LxXNW5Kucyiuk5ftHhshylgSE12GD6QyWJC3A.u',	'',	'2024-09-18 07:35:33',	'2024-08-01 09:38:07'),
(175,	'web_uploads/students/profile/66ea82d7d9fd5-Ahan.jpeg.jpeg',	'Ahaan',	'Muhammad Faizan',	301,	NULL,	'Primary',	'One',	'A',	'102018-02-06',	'03002651667',	'male',	'ahaan.301@tss.com',	8,	'$2y$12$/Gw3BXP9yeM3lLUIDE.gxu1QGsE4mYpcgThf71w0g4PhEiEwtQ/Ma',	'',	'2024-09-18 07:35:51',	'2024-08-01 09:40:21'),
(176,	'web_uploads/students/profile/66ea82e6bfa56-Eshal.jpeg.jpeg',	'Eshal Khatri',	'Salman Khatri',	570,	NULL,	'Primary',	'One',	'A',	'2018-12-05',	'03322537586',	'male',	'eshal.570@tss.com',	8,	'$2y$12$qANZp5jZWtPAjZMXEk9VU.9floctqZ9s8m.vHbBxnde0ykEnBOUO6',	'',	'2024-09-18 07:36:06',	'2024-08-01 09:41:02'),
(177,	'web_uploads/students/profile/66ea835d54bc0-Sufiyan.jpeg.jpeg',	'Sufyan',	'Israr Ahmed',	555,	NULL,	'Primary',	'One',	'A',	'2014-09-05',	'03222221666',	'male',	'sufyan.555tss@tec.com',	8,	'$2y$12$fKf0wxmEF/W1LL239xh4teEM7NWpGfv4U6sAqzCzTyN8.N.9wlo.y',	'',	'2024-09-18 07:38:05',	'2024-08-01 09:42:20'),
(178,	'web_uploads/students/profile/66ea836e6478f-Jannat.jpeg.jpeg',	'Jannat',	'Khurram Shahzad',	345,	NULL,	'primary',	'One',	'A',	'2023-10-16',	'03331433775',	'male',	'jannat.345@tss.com',	8,	'$2y$12$MkE6EavA3lOFDObnUyCFPu6q9l7prZGnJrJZyqZ3BYbyKPe3QUu7C',	'',	'2024-09-18 07:38:22',	'2024-08-01 09:43:15'),
(179,	'web_uploads/students/profile/66ea838476307-Muhammad Khan.jpeg.jpeg',	'Muhammad Khan',	'Nazeer Khan',	417,	NULL,	'Primary',	'One',	'A',	'2017-02-05',	'03153961319',	'male',	'khan@tss.com',	8,	'$2y$12$wUi7Xol.WXjbJSk6/WCy9OeHyrxf9kBncguk8C2xbmSLIU2JlMweC',	'',	'2024-09-18 07:38:44',	'2024-08-01 09:45:07'),
(180,	'web_uploads/students/profile/66ea8396ad9a4-Hira Fatima.jpeg.jpeg',	'Hira Fatima',	'Muhammad Sabir',	418,	NULL,	'Primary',	'One',	'A',	'2019-05-10',	'03450207481',	'male',	'hira@tss.com',	8,	'$2y$12$Sl3U/59fVzlsIHjG99/iOuvN2Zv5K6kaStdAyFTOClqAQSQYm5XCC',	'',	'2024-09-18 07:39:02',	'2024-08-01 09:46:02'),
(181,	'web_uploads/students/profile/66ea83b2682ff-Mustafa.jpeg.jpeg',	'Muhammad Mustafa Haris',	'Muhammad Haris Shafi',	420,	NULL,	'Primary',	'One',	'A',	'2017-04-08',	'03311324194',	'male',	'mustafa@tss.com',	8,	'$2y$12$G/KuHgYSWXFbpUBXLTdIGO09eNmLE1Kj5QPKkG3xogjxvfKciR4GC',	'',	'2024-09-18 07:39:30',	'2024-08-01 09:46:43'),
(182,	'web_uploads/students/profile/66ea83e77a501-Lubaba.jpeg.jpeg',	'Lubaba Imran',	'Muhammad Imran',	303,	NULL,	'Primary',	'Two',	'A',	'2017-01-01',	'03113135963',	'male',	'lubaba191@tss.com',	8,	'$2y$12$T/TrVZb2WPHz8HyJY7H4AO0YukG2tFfMjpDL43TlQfKGjWtmedhnG',	'',	'2024-10-01 06:59:17',	'2024-08-01 09:47:46'),
(185,	'web_uploads/students/profile/66ea84303f991-Hooria.jpeg.jpeg',	'Hooria Khan',	'Nasir Khan',	569,	NULL,	'Primary',	'Two',	'A',	'2016-04-06',	'03432566955',	'male',	'hooria.568@tss.com',	8,	'$2y$12$WSXkkabR8zK8LRfZosCfneZZghFIuJCOClcfMW/vbGRjvXo5ivnIO',	'',	'2024-09-18 07:41:36',	'2024-08-01 09:56:19'),
(186,	NULL,	'Fatima Zehra',	'Muhammad',	10,	NULL,	'Primary',	'Two',	'A',	'2015-10-05',	'03110227347',	'male',	'fatimazehra.10tss@gmail.com',	8,	'$2y$12$f2dW4Xm2vw4i5rtjEfEFwu0T1KKZx5HkJIJhQNCxNDLxVm3KBNZY6',	'',	'2024-08-01 09:57:00',	'2024-08-01 09:57:00'),
(188,	'web_uploads/students/profile/66ea84a0494be-Shahmeer Haris.jpeg.jpeg',	'Shahmeer',	'OMN',	1256,	NULL,	'Primary',	'Two',	'A',	'0024-04-17',	'031400000',	'male',	'shahmeer.1256@tss.com',	8,	'$2y$12$jJDpvhHtj0iCR0H7Y40INe.FT/u7hNAZD8LSEhFqgemUUsoziVbDS',	'',	'2024-09-18 07:43:28',	'2024-08-01 09:58:41'),
(189,	'web_uploads/students/profile/66ea848a67e7c-M. Ashar.jpeg.jpeg',	'Muhammad Ashar',	'Asad Aftab',	421,	NULL,	'Primary',	'Two',	'A',	'2015-08-10',	'03452533225',	'male',	'ashar@tss.com',	8,	'$2y$12$MyWhTb.O7BHmVdGhByjk..y4lxFDKzR3IjkhidVKxbutHio6zMtNG',	'',	'2024-09-18 07:43:06',	'2024-08-01 09:59:28'),
(190,	'web_uploads/students/profile/66ea846a07bb8-M. Ibrahim.jpeg.jpeg',	'Ibrahim Khan',	'Sadia Khan',	422,	NULL,	'Primary',	'Two',	'A',	'2013-04-17',	'03197519022',	'male',	'ibrahim@tss.com',	8,	'$2y$12$nH3ztAMv.pweIOq.tdUDieTmQBZld.S/pGOHKA7JtQfJ97mpQOUzC',	'',	'2024-09-18 07:42:34',	'2024-08-01 10:00:15'),
(191,	'web_uploads/students/profile/66ea877c78565-Muskan.jpeg.jpeg',	'Muskan Amir',	'Muhammad Amir',	207,	NULL,	'Primary',	'Three',	'A',	'2015-08-18',	'03410292199',	'male',	'muskan.109@tss.com',	8,	'$2y$12$/zAkxLUVca3HBcVhw1IK0uE0vMstNJDZ0lbHkP5LXSHx78pDrtv5C',	'',	'2024-10-01 06:40:36',	'2024-08-01 10:02:08'),
(192,	'web_uploads/students/profile/66ea87934fab6-Alisha.jpeg.jpeg',	'Alisha Ajmal',	'Ajmal Khan',	211,	NULL,	'Primary',	'Three',	'A',	'2014-11-23',	'03432985440',	'male',	'alisha.193@tss.com',	8,	'$2y$12$GwdG168Irbp9.tXFAWQ4OOheaJWSoXhzjt8uCW9m4NCpEeVKLFVN.',	'',	'2024-10-01 06:38:33',	'2024-08-01 10:02:48'),
(193,	'web_uploads/students/profile/66ea87acead62-Dua Farhan.jpeg.jpeg',	'Dua Farhan',	'Farhan',	212,	NULL,	'Primary',	'Three',	'A',	'2014-12-04',	'03147315794',	'male',	'dua.194@tss.com',	8,	'$2y$12$lU6tgYWmWDp8PuWWXjLVW.84o21lq53OA6L8SYYpIIJEBJaDt62zi',	'',	'2024-09-18 07:56:28',	'2024-08-01 10:04:23'),
(194,	'web_uploads/students/profile/66ea87cb3c14a-Abdul Hadi.jpeg.jpeg',	'Hadi',	'Muhammad rafiq',	213,	NULL,	'Primary',	'Three',	'A',	'2016-03-19',	'03009260316',	'male',	'hadi.195@tss.com',	8,	'$2y$12$fe4VdtKuILnqLgKB1nKhiuuS39mTt16sOpIPuq6OP5g.yXn1HOC8S',	'',	'2024-09-18 07:56:59',	'2024-08-01 10:05:07'),
(195,	'web_uploads/students/profile/66ea87e3465a7-Muskan kamil.jpeg.jpeg',	'Muskan Kamil',	'Kamil',	214,	NULL,	'Primary',	'Three',	'A',	'2014-03-03',	'03042754995',	'male',	'muskan.195@tss.com',	8,	'$2y$12$/518Glt3pb9ltGsLLa0g4uaCyQV6/.xIzjaCb36eGTQwHaHpvHEuK',	'',	'2024-09-18 07:57:23',	'2024-08-01 10:05:57'),
(196,	'web_uploads/students/profile/66ea881514c59-Sufiyan.jpeg.jpeg',	'Muhammad Sufiyan',	'Abid ud din',	216,	NULL,	'Primary',	'Three',	'A',	'2014-02-19',	'03223960160',	'male',	'sufiyan.109@tec.com',	8,	'$2y$12$oOHnBOKmU7pfww6fovcHa.4Vnmpqek..0eqgvgEQ9B2ygNspIzroO',	'',	'2024-09-18 07:58:13',	'2024-08-01 10:06:33'),
(197,	'web_uploads/students/profile/66ea8839b8242-Ahmed.jpeg.jpeg',	'Ahmed Anwar',	'Anwar -ul-haq',	572,	NULL,	'Primary',	'Three',	'A',	'2016-01-01',	'03412573770',	'male',	'ahmed.572@tss.com',	8,	'$2y$12$0ndsgucSryarweYAIXle9ebDvcE5Bc.NYLUBReAhSCqhny3UgoSv.',	'',	'2024-09-18 07:58:49',	'2024-08-01 10:07:07'),
(198,	'web_uploads/students/profile/66ea88552e83e-khadija.jpeg.jpeg',	'Khadija Arshad',	'Arshad',	NULL,	NULL,	'Primary',	'Four',	'A',	'2018-01-01',	'0000000000000',	'male',	'khadija.196@tss.com',	8,	'$2y$12$gdpAIRyGwChqQcksdFMBzeHs25F01f3CSf2PBFvbIbUDffmUNjrSa',	'',	'2024-09-18 07:59:17',	'2024-08-01 10:08:42'),
(199,	'web_uploads/students/profile/66ea88686add5-Rudaba.jpeg.jpeg',	'Rudaba',	'Muzzamil',	202,	NULL,	'Primary',	'Four',	'A',	'2014-10-19',	'03158890290',	'male',	'rudaba.66@tss.com',	8,	'$2y$12$ezb6TWIQ0ipVc2D0zkLDRO2KoE5ahdIWNMAeHTO4a7T9Gu2FkhtDe',	'',	'2024-09-18 07:59:36',	'2024-08-01 10:09:41'),
(200,	'web_uploads/students/profile/66ea88857ac5c-Hammad Khurram.jpeg.jpeg',	'Hammad Ali',	'Khurram Shaizad',	200,	NULL,	'Primary',	'Four',	'A',	'2015-12-31',	'03331433775',	'male',	'hammad.118@tss.com',	8,	'$2y$12$vKGRhvH4pyzjgN4hV/s9EO5.xxeYHM29E93unitHzU6GsW1ztQ4fK',	'',	'2024-09-18 08:00:05',	'2024-08-01 10:10:27'),
(201,	'web_uploads/students/profile/66ea889c44da9-Husnain.jpeg.jpeg',	'Muhammad Hasnain',	'Muhammad Amir',	201,	NULL,	'Primary',	'Four',	'A',	'2013-11-29',	'03410292199',	'male',	'hasnain.107@tss.com',	8,	'$2y$12$M/9Eu7bhP6.EnT17BQ5TduI/kPfObM9P16pMUuCQWPEvD67WFIHnW',	'',	'2024-09-18 08:00:28',	'2024-08-01 10:11:23'),
(202,	'web_uploads/students/profile/66ea88ab8a810-Hashir.jpeg.jpeg',	'Hashir',	'Muhammad',	1254,	NULL,	'Primary',	'Four',	'A',	'2016-04-18',	'021367700',	'male',	'hashir.1254@tss.com',	8,	'$2y$12$z48KLXD2zYNAUB3jULk8H.qVlVnKNcpQtgFLhWWap.LyLzjn0C1Vy',	'',	'2024-09-18 08:00:43',	'2024-08-01 10:12:18'),
(203,	'web_uploads/students/profile/66ea88bceb260-Hammad Nasir.jpeg.jpeg',	'Hammad Khan',	'Nasir Khan',	568,	NULL,	'Primary',	'Four',	'A',	'2013-08-14',	'03432566955',	'male',	'hammad.568@tss.com',	8,	'$2y$12$h/MaBoYOwJYuiOlbf5NlRe0sY9.ZlFegpZCooaPasGwLivellBn.2',	'',	'2024-09-18 08:01:00',	'2024-08-01 10:13:03'),
(204,	'web_uploads/students/profile/66ea88c9b8ae9-Hurain.jpeg.jpeg',	'Horain Javed',	'Javed',	1253,	NULL,	'Primary',	'Four',	'A',	'2014-06-05',	'03062715170',	'male',	'horain.1253@tss.com',	8,	'$2y$12$Rqw9nAyQ7efKQkBKDrazxOMYvh/fhgQwdBofbqDRNbjgSjAJaarXG',	'',	'2024-09-18 08:01:13',	'2024-08-01 10:13:36'),
(205,	'web_uploads/students/profile/66ea88efae1cc-Sayyam.jpeg.jpeg',	'Sayyam',	'Adnan',	124,	NULL,	'Primary',	'Five',	'A',	'122009-02-07',	'030121048795',	'male',	'Sayyam124@gmail.com',	8,	'$2y$12$DPr9u4AwzmDtzP37JUPyGuPgin/B1dWnmzlVSN28yDhVrjsDBo49q',	'',	'2024-09-18 08:01:51',	'2024-08-01 10:14:20'),
(207,	'web_uploads/students/profile/66ea891373b70-M. Mujtaba.jpeg.jpeg',	'Muhammad Mujtaba',	'Muhammad Rafique',	220,	NULL,	'Primary',	'Five',	'A',	'2014-04-17',	'03139260316',	'male',	'mujtaba.67@tss.com',	8,	'$2y$12$C6SWs9wsuK7hoDCSiKgm9O.f82ri51K5OVjDz/quKgo7HGISyPoYm',	'',	'2024-09-18 08:02:27',	'2024-08-01 10:16:24'),
(208,	'web_uploads/students/profile/66ea89209d2f4-Muhammad.jpeg.jpeg',	'Muhammad Anwar',	'Anwar -ul-haq',	571,	NULL,	'Primary',	'Five',	'A',	'2013-04-03',	'03412573770',	'male',	'muhammad.571@tss.com',	8,	'$2y$12$5Ds8gWlmcJeqH5tHb7Th5.lp9JK0DSc9pzIzot9kMnvUEPu3vSyTq',	'',	'2024-09-18 08:02:40',	'2024-08-01 10:17:02'),
(209,	'web_uploads/students/profile/66ea89319c988-A.Samad.jpeg.jpeg',	'Abdul Samad',	'Muhammad Saleem',	308,	NULL,	'Primary',	'Five',	'A',	'2012-07-07',	'03352150460',	'male',	'samad308@gmail.com',	8,	'$2y$12$TndaHgaq4x5KdHSmAQ1aguJ.BnV8a1Op1FMyoNfRJ2EzS514OR3am',	'',	'2024-09-18 08:02:57',	'2024-08-01 10:17:42'),
(211,	'web_uploads/students/profile/66ea8bfe8307f-Azan.jpeg.jpeg',	'Muhammad Azan Sadat',	'Muhammad Sadat',	230,	NULL,	'Primary',	'Six',	'A',	'2011-10-27',	'03452714981',	'male',	'azan.118@tss.com',	8,	'$2y$12$YOABp/KL2BJXwonWZcZ4HuocUWOLFmdaQxofuQl1L4Ksyw6ihCO2O',	'',	'2024-09-18 08:14:54',	'2024-08-02 04:09:41'),
(212,	'web_uploads/students/profile/66ea8c0e42560-Nabeel.jpeg.jpeg',	'Muhammad Nabeel',	'Muhammad Irfan',	233,	NULL,	'middle',	'Six',	'A',	'2012-03-23',	'03218971695',	'male',	'nabeel.115@tss.com',	8,	'$2y$12$sdRhXuQzV8LD1Oq4AzGZJeWA8yZi/bZWl/0sAPv6iO4zQhaXagLf.',	'',	'2024-09-18 08:15:10',	'2024-08-02 04:12:56'),
(213,	'web_uploads/students/profile/66ea8c24cdb34-Hassan.jpeg.jpeg',	'Hassan Mansoori',	'Uzma Parven',	234,	NULL,	'Middle',	'Six',	'A',	'2012-08-13',	'03162328875',	'male',	'hassan.114@tss.com',	8,	'$2y$12$NDTF7Cjlku6MiZWmKUN5ZOG4FPwmJ44DN0VagZhjCSAWHJGDy3K5y',	'',	'2024-09-18 08:15:32',	'2024-08-02 04:14:01'),
(214,	'web_uploads/students/profile/66ea8c37cc03c-Anabia.jpeg.jpeg',	'Anabiya Naveed',	'Naveed Habib',	235,	NULL,	'Middle',	'Six',	'A',	'2013-05-06',	'03110873233',	'male',	'anabiya.113@tss.com',	8,	'$2y$12$saP1tCU078nQu4372BoYkeKpL68yLzauBwHpmZaQf/ApcnURTk81S',	'',	'2024-09-18 08:15:51',	'2024-08-02 04:14:50'),
(215,	'web_uploads/students/profile/66ea8c4603ea9-Iqra.jpeg.jpeg',	'Iqra Mansoor',	'Mansoor Ali Mughal',	236,	NULL,	'middle',	'Six',	'A',	'2012-11-06',	'03128796620',	'male',	'iqra.111@tss.com',	8,	'$2y$12$uHMQ3NwdwbC0Xp.F14aVy.7Z7eV5Iut5EH7cQZcm3B3mfWlGVZ3Ya',	'',	'2024-09-18 08:16:06',	'2024-08-02 04:15:40'),
(216,	'web_uploads/students/profile/66ea8c9b6002e-Marwa.jpeg.jpeg',	'Marwa Adnan',	'Adnan Shah',	237,	NULL,	'Middle',	'Six',	'A',	'2013-01-01',	'03332389565',	'male',	'marwa.110@tss.com',	8,	'$2y$12$PmsxQsEKW/V91TFxOKqX5OEmxt5h1kX6ZJxdt29FYtAEMNnPdDsIi',	'',	'2024-09-18 08:17:31',	'2024-08-02 04:16:21'),
(217,	'web_uploads/students/profile/66ea8ccb5d1d9-Yousra.jpeg.jpeg',	'Yusra Arshad',	'Arshad Farooq',	241,	NULL,	'Middle',	'Six',	'A',	'2013-08-07',	'03343800691',	'male',	'yusra.104@tss.com',	8,	'$2y$12$boEh8DEoFEjAeM4JfehcIOnpwW.6qu66Q8R9tqx5G8RZy3qLLN47S',	'',	'2024-09-18 08:18:19',	'2024-08-02 04:17:07'),
(218,	'web_uploads/students/profile/66ea8cd913ae6-Ubaid.jpeg.jpeg',	'Ubaid Raza',	'Muhammad Zeeshan',	242,	NULL,	'middle',	'Six',	'A',	'2012-05-10',	'03002782440',	'male',	'ubaidraza.112@tss.com',	8,	'$2y$12$.vWtEozY19w9OL9mW5oolOKLw/b1ctllXp.u5O2paHAGsbw4g7cUK',	'',	'2024-09-18 08:18:33',	'2024-08-02 04:17:49'),
(219,	'web_uploads/students/profile/66ea8ce3a4994-A.Rafay.jpeg.jpeg',	'Abdul Rafay',	'Rizwan',	3,	NULL,	'Middle',	'Six',	'A',	'2012-11-28',	'03112995061',	'male',	'rafay.3@tss.com',	8,	'$2y$12$mY5GxGpnhsXaZlFcCKEmDuEAQe6CwNBZR7tRR/548mbbrSSQRG8cS',	'',	'2024-09-18 08:18:43',	'2024-08-02 04:18:24'),
(220,	NULL,	'Muhammad Tihami',	'Muhammad Sabir',	10,	NULL,	'middle',	'Six',	'A',	'2013-10-09',	'03450207481',	'male',	'mtihami10@gmail.com',	8,	'$2y$12$Ycn6qLStKWxHEwiOCm426ets553FpDORVugJITrBAN.TAWmCGBKLC',	'',	'2024-08-02 04:19:08',	'2024-08-02 04:19:08'),
(221,	NULL,	'Ali Asad',	'Asad Aftab',	51,	NULL,	'Middle',	'Six',	'A',	'2012-05-21',	'03452599225',	'male',	'asad.511@GMAIL.COM',	8,	'$2y$12$rV452kxmV3WUwU3Cm1DwbOgaCzV0QC0tX2nt0tVqFCIugI/Tb4c0C',	'',	'2024-09-28 08:13:01',	'2024-08-02 04:19:43'),
(222,	'web_uploads/students/profile/66ea8d215d76a-Hamza.jpeg.jpeg',	'Muhammad Hamza',	'Khurram Shaizad',	314,	NULL,	'Midle',	'Seven',	'A',	'2011-12-02',	'03331433775',	'male',	'muhammadhamza.314@tss.com',	8,	'$2y$12$qu5ukk2jFxZ26sXNHZu56emzcwX4gNkkEXJxNP1QbDx9b4JlJI4RO',	'',	'2024-09-18 08:19:45',	'2024-08-02 04:20:35'),
(223,	'web_uploads/students/profile/66ea8d8b86b82-Huraira.jpeg.jpeg',	'Abu Huraira',	'Muhammad Zubair',	315,	NULL,	'Middle',	'Seven',	'A',	'2010-01-01',	'03002625157',	'male',	'abuhuraira.315@tss',	8,	'$2y$12$BcbW/.NXiLw7wWAzgYtuAOh3dFMKcmaAglvknU9U17XpKYC7MYzEO',	'',	'2024-09-18 08:21:31',	'2024-08-02 04:21:10'),
(224,	'web_uploads/students/profile/66ea8d9f31d22-Bashar.jpeg.jpeg',	'Bashar Khan',	'Adnan Khan',	316,	NULL,	'middle',	'Seven',	'A',	'2011-11-01',	'03168658230',	'male',	'basharkhan.316@tss',	8,	'$2y$12$KpQPdg6EaxvxD6GUk9mBzOyi4c9VnSYv9WnF2hLsWCw2aCTSQzlPG',	'',	'2024-09-18 08:21:51',	'2024-08-02 04:21:43'),
(225,	'web_uploads/students/profile/66ea8dbdc7eb6-Nabiha.jpeg.jpeg',	'Nabiha Tabassum',	'Ikram Hussain',	319,	NULL,	'Middle',	'Seven',	'A',	'2012-02-03',	'03312623242',	'male',	'nabihatabassum.319@tss',	8,	'$2y$12$4GhmaKd0CcQsKmHtVo1mC.qW1erBEtpMhnklLJNP7Kp/BCkoczl66',	'',	'2024-09-18 08:22:21',	'2024-08-02 04:22:32'),
(226,	'web_uploads/students/profile/66ea8df5ebff0-Umaima.jpeg.jpeg',	'Umaima Naveed',	'Muhammad Naveed',	320,	NULL,	'Middle',	'Seven',	'A',	'2011-02-06',	'03132155442',	'male',	'umaimanaveed.320@tss',	8,	'$2y$12$SMD6qxVxl0XmGCEVsbeIoeyooWiHRWLs7HpRjwzqhCS74094K3VhK',	'',	'2024-09-18 08:23:17',	'2024-08-02 04:28:41'),
(228,	NULL,	'Hamza Khan',	'Nasir Khan',	569,	NULL,	'primary',	'Seven',	'A',	'2010-06-12',	'03432566955',	'male',	'nasirkhan.568@tss.com',	8,	'$2y$12$uYSFoJ6NhSctLCNmCDK7..khz9KIx844Ngouv6CXbAdtBuMQjiBH2',	'',	'2024-08-02 04:30:25',	'2024-08-02 04:30:25'),
(229,	'web_uploads/students/profile/66ea8edf98607-Maroosha.jpeg.jpeg',	'Maroosha Iqbal',	'Muhammad Iqbal',	322,	NULL,	'Middle',	'Eight',	'A',	'2012-01-04',	'03142551975',	'male',	'marooshaiqbal.322@tss',	8,	'$2y$12$39AWt2PfZmPmYwPUkZcI5OeE2IPSneuh7VWndJ1gTaxjFMTCReH/2',	'',	'2024-10-02 03:45:42',	'2024-08-02 04:32:06'),
(230,	'web_uploads/students/profile/66ea8e5898774-Faria.jpeg.jpeg',	'Fariha Rafiq',	'Muhammad rafiq',	257,	NULL,	'257',	'Eight',	'A',	'2011-06-20',	'03009260316',	'male',	'fariha.129@tss.com',	8,	'$2y$12$Y9IVwcy5HmV5SQ2PSTR8VeX1eJVoa13XhbVOh35Hl6tIhPMBrQXA2',	'',	'2024-09-18 08:24:56',	'2024-08-02 04:32:54'),
(231,	'web_uploads/students/profile/66ea8e630be95-A.Basit.jpeg.jpeg',	'Abdul Basit',	'Ajmal Khan',	260,	NULL,	'Middle',	'Eight',	'A',	'2009-01-01',	'03112662239',	'male',	'basit.126@tss.com',	8,	'$2y$12$varutZvIKTd3hCJwqjubHOL9nR1PzaIhNcYNMgpElNRoMf/DXsU/.',	'',	'2024-09-18 08:25:07',	'2024-08-02 04:33:35'),
(232,	'web_uploads/students/profile/66ea8eef0fe00-Tareer.jpeg.jpeg',	'Muhammad tareer',	'Hassan Arman',	261,	NULL,	'261',	'Eight',	'A',	'2010-10-20',	'03218532423',	'male',	'tareen.125@tss.com',	8,	'$2y$12$h7XoDltOlmgdCsJ7mOYMqOYIlAM9GZlY84CiQH8jQYSW7tEv0DP36',	'',	'2024-09-18 08:27:27',	'2024-08-02 04:34:38'),
(233,	'web_uploads/students/profile/66ea8eff855ba-Ahsan.jpeg.jpeg',	'Muhammad Ahsan Anwar',	'Muhammad Anwar Sarfaraz Khan',	262,	NULL,	'Middle',	'Eight',	'A',	'2008-07-29',	'03152882685',	'male',	'ahsan.124@tss.com',	8,	'$2y$12$YCeJTqT0C27TPZncj4Uj5uB6CmCvsbOmOO3.dM63Ir8/bjF8YcnJm',	'',	'2024-09-18 08:27:43',	'2024-08-02 04:35:35'),
(234,	NULL,	'Muhammad Huzaifa',	'Muhammad Shakeel',	263,	NULL,	'Middle',	'Eight',	'A',	'2010-03-14',	'031285555',	'male',	'huzaifa.123@tss.com',	8,	'$2y$12$kHeWyHvylvU1spYOM9orr.pfwt.ORpOEu44XB2uMYZDf.rYksb7d2',	'',	'2024-09-18 08:27:59',	'2024-08-02 04:36:41'),
(235,	'web_uploads/students/profile/66ea8f1cd6a9a-Faizan.jpeg.jpeg',	'Muhammad Faizan',	'Muhammad Imran',	265,	NULL,	'Middle',	'Eight',	'A',	'2010-01-01',	'03113135963',	'male',	'faizan.120@tss.com',	8,	'$2y$12$j6JV6okERcp6eq//Bm/TfOuT7dxULgzT/9zRjiramoD8UwVuH5R2m',	'',	'2024-09-18 08:28:12',	'2024-08-02 04:37:26'),
(236,	'web_uploads/students/profile/66ea8f292c8b4-A. Sami.jpeg.jpeg',	'Abdul Sami',	'xyz',	12,	NULL,	'Middle',	'Eight',	'A',	'2009-10-25',	'03472978621',	'male',	'abdulsami.12tss@gmail.com',	8,	'$2y$12$9xx8D9NlUisK6T.vRoCr4.SqjElxSlEV4us4S3uR3zAXhj1WuapHu',	'',	'2024-09-18 08:28:25',	'2024-08-02 04:38:24'),
(238,	'web_uploads/students/profile/66ea8f541b359-Araiz.jpeg.jpeg',	'Syed Aariz Hussain',	'Hafiz Imtiaz Hussain',	309,	NULL,	'Middle',	'Eight',	'A',	'2009-07-26',	'03100000000',	'male',	'aarbiz309@gmail.com',	8,	'$2y$12$khtzqeDiYaq9wW9WJdvmruGdSOAg7JX.jrbQMGWBZw0MDUMlOxO1e',	'',	'2024-09-19 07:24:25',	'2024-08-02 04:39:52'),
(239,	NULL,	'Abdul Basit',	'Naeem Babar',	334,	NULL,	'Secondary',	'Nine',	'A',	'2009-11-08',	'0311114444444',	'male',	'AbdulBasit.334@tss.com',	8,	'$2y$12$PlwCXP/sSCsZJZVfvfKtzOmS8Th701v1QnuRye/ak5VgJN0DZlpfe',	'',	'2024-09-18 07:44:53',	'2024-08-02 04:40:52'),
(240,	'web_uploads/students/profile/66ea85ed8c55d-Umer Shahid.jpeg.jpeg',	'Muhammad Umer',	'Muhammad Shahid',	333,	NULL,	'Secondary',	'Nine',	'A',	'2009-09-04',	'03121242555555',	'male',	'MuhammadUmer.333@tss.com',	8,	'$2y$12$HyOA7erQ.Lv3/KqISxvBnuK4i7fk30A1ZHLYvx5ZJb1OrmDK0/0YS',	'',	'2024-10-04 10:18:59',	'2024-08-02 04:41:44'),
(241,	'web_uploads/students/profile/66ea8612d6414-Zainab.jpeg.jpeg',	'Zainab Mansoori',	'Sabir Mansoori',	329,	NULL,	'329',	'Nine',	'A',	'2010-01-24',	'0311122121211',	'male',	'ZainabMansoori329@tss.com',	8,	'$2y$12$eI3ex0Yx4eY/UyHHvE5lSe6KP70Pq7Es2F6NCCbzMDdjxzex0zM2u',	'',	'2024-09-18 07:49:38',	'2024-08-02 04:42:28'),
(242,	'web_uploads/students/profile/66ea858f317b8-Amima.jpeg.jpeg',	'Amima Aqeel',	'Aqeel',	335,	NULL,	'Secondary',	'Nine',	'A',	'2010-03-03',	'031121221223',	'male',	'AmimaAqeel.335@tss.com',	8,	'$2y$12$pczy61hny4iNVyiE4qaMKeH8VKQKghTq9UbzPhGE7m6ReSE1lqAZe',	'',	'2024-09-18 07:47:27',	'2024-08-02 04:43:10'),
(243,	'web_uploads/students/profile/66ea859fb9286-Anus.jpeg.jpeg',	'Anas Imran',	'Imran Ul Haq',	331,	NULL,	'Secondary',	'Nine',	'A',	'2008-08-12',	'03112212112212',	'male',	'AnasImran.331@tss.com',	8,	'$2y$12$1r4A97h0naNdixIv0EIJ6ucTEYsVxi.h2DBJ1g4eIiSlbvbbysDjq',	'',	'2024-09-18 07:47:43',	'2024-08-02 04:44:00'),
(244,	'web_uploads/students/profile/66ea85ce7a01c-Faizan.jpeg.jpeg',	'Faizan',	'Shareef Khan',	400,	NULL,	'Secondary',	'Nine',	'A',	'2008-04-11',	'03452760672',	'male',	'faizan.400@tss.com',	8,	'$2y$12$ymSbTt70MfdAj5rcpaT/FO.CbTnUnOJIt15RFKrV7J3zAXKVhxOcy',	'',	'2024-09-18 07:48:30',	'2024-08-02 04:44:54'),
(245,	NULL,	'Abdul Haseeb',	'Muhammad Sabir',	401,	NULL,	'Secondary',	'Nine',	'A',	'2010-07-20',	'03450207481',	'male',	'AbdulHaseeb.401@tss.com',	8,	'$2y$12$O/TSfcJcLWCYo39t9pkLsuCoI4QzerjSqysnFyQzK8qNwp9nQ4y9e',	'',	'2024-08-02 04:45:49',	'2024-08-02 04:45:49'),
(246,	NULL,	'Samreen Anwer',	'abc',	573,	NULL,	'secondary',	'Ten',	'A',	'2009-01-01',	'3412573770',	'male',	'samreen.57311@tss.com',	8,	'$2y$12$ccvuIDWgUIdLK/3fEF7WbOcCcF4UnwY/.nGGHBdt66nA/AyNTthfa',	'',	'2024-09-27 06:58:21',	'2024-08-02 04:46:49'),
(247,	NULL,	'Abeesh',	'Mateen',	101,	NULL,	'Secondary',	'Ten',	'A',	'2024-04-07',	'0310000000',	'male',	'abeesh@gmail.com',	8,	'$2y$12$Z7f98EWvirvKWg7Q14HDGOsmB0Ll3aM0qBsKCBL6nB4kZutSz/6Qy',	'',	'2024-08-02 04:47:35',	'2024-08-02 04:47:35'),
(248,	NULL,	'Emaan',	'Nasir rafiq',	100,	NULL,	'Secondary',	'Ten',	'A',	'2009-11-03',	'031000000',	'male',	'emaan@gmail.com',	8,	'$2y$12$dnlsVkVPQh2QnzlpfXVjB.4NLw3VfZno7eiRWrkRW7YYLHBarhsWy',	'',	'2024-08-02 04:48:40',	'2024-08-02 04:48:40'),
(249,	NULL,	'Dania Ghori',	'Muhammad Amjad',	11,	NULL,	'Secondary',	'Ten',	'A',	'2010-11-15',	'03002917648',	'male',	'dania@gmail.com',	8,	'$2y$12$XbQUkJmR/lxhw9A5CU7Ehuxx743NjDcP9B/1Nat5TuV/knkuiyiBO',	'',	'2024-08-02 05:01:41',	'2024-08-02 05:01:41'),
(250,	NULL,	'Muhammad Ibrahim',	'Muhammad Asif',	567,	NULL,	'Secondary',	'Ten',	'A',	'2009-04-29',	'03450122477',	'male',	'mibrahim.567@gmail.com',	8,	'$2y$12$0g85PiYvi0T85sQLcH7IbesHI9Wm4.E9lTvX/foGs5iA/bYheYSwq',	'',	'2024-08-02 05:07:46',	'2024-08-02 05:07:46'),
(251,	NULL,	'Sameer ul hassan',	'abd',	5555,	NULL,	'Secondary',	'Ten',	'A',	'2023-08-28',	'031000000',	'male',	'sameeer@gmail.com',	8,	'$2y$12$WGtjFCyie6lIXY47V6NpSuaMgSCzOF.2GyWd1PfMx8l6u1qEQZg7O',	'',	'2024-08-02 05:09:19',	'2024-08-02 05:09:19'),
(252,	NULL,	'Muhammad Sufyan Ghori',	'Muhammad AMjad',	10,	NULL,	'Secondary',	'Ten',	'A',	'2008-08-05',	'03002917650',	'male',	'sufiyan@gmail.com',	8,	'$2y$12$ES2YOHF9AD8RgF1v/srev.soQfCIZ.LM8Nrqg4wZ9KsgAF8svzcNa',	'',	'2024-08-02 05:10:16',	'2024-08-02 05:10:16'),
(253,	NULL,	'Abdul Wahab',	'Faisal Ahmed',	50,	NULL,	'Secondary',	'Ten',	'A',	'2009-07-15',	'03100000000',	'male',	'wahab@gmail.com',	8,	'$2y$12$yWLLtsD9wynKoiNWuzrlWerX4tknxv0mbEwglr6p/HQ4hlzK5gdVC',	'',	'2024-08-02 05:11:39',	'2024-08-02 05:11:39'),
(254,	NULL,	'Ubaid Alam',	'Sher Alam',	101,	NULL,	'Secondary',	'Ten',	'A',	'2009-02-12',	'03313599564',	'male',	'ubaid@gmail.com',	8,	'$2y$12$0I7GPbkI30uCppfnRwhnvOniCB92mUKePvzsdwEuSAkg34cwBPb8y',	'',	'2024-08-02 05:12:34',	'2024-08-02 05:12:34'),
(255,	NULL,	'Fawad Asif',	'Asif Mehmood Sheikh',	15,	NULL,	'secondary',	'Ten',	'A',	'2007-06-02',	'03422265187',	'male',	'fawad11111@gmail.com',	8,	'$2y$12$1KepJhb3CYeNf7uKtushDe8C399kRsAdxT4Zki41Q9pOK94WOccyq',	'',	'2024-09-24 06:18:57',	'2024-08-02 05:14:32'),
(256,	'web_uploads/students/profile/66ea91a54efd3-Qirat.jpeg.jpeg',	'Qirat Khan',	'Imran Khan',	10,	NULL,	NULL,	'Montessori',	'A',	'2021-06-07',	'03175903607',	'male',	'qiratkhan@gmail.com',	8,	'$2y$12$ZBHSkJLePykcaFXVKlWoL.l.g8V36864urPAxjW4YRVNv67.zw/2q',	'',	'2024-09-18 08:39:01',	'2024-09-18 08:22:57'),
(257,	NULL,	'Ghufran',	'xyz',	0,	NULL,	NULL,	'Montessori',	'A',	'2021-06-05',	'0310000000',	'male',	'ghufran@gmail.com',	8,	'$2y$12$SnM.w3KPSVpA0D.8JF75.unnzwq3G7FirbFzkVZ/PZFk6MdR5xT72',	'',	'2024-09-18 08:37:54',	'2024-09-18 08:27:32'),
(258,	'web_uploads/students/profile/66ea91039a24e-Zunaira.jpeg.jpeg',	'Syeda Zunaira Ali',	'Syed Waqar Ali',	11,	NULL,	NULL,	'Montessori',	'A',	'2021-08-12',	'03412158994',	'male',	'Zunaira@gmail.com',	8,	'$2y$12$axRwHsPPQmJSO2O2ocvmGe3yHixWaPONvEtu.do8de8w6ZdOZmWly',	'',	'2024-09-18 08:36:19',	'2024-09-18 08:29:48'),
(259,	'web_uploads/students/profile/66ea97c77b113-Muhammad.jpeg.jpeg',	'Muhammad',	'xyz',	0,	NULL,	'0',	'E.C.D Two',	'A',	'2021-01-01',	'00000000',	'male',	'muhammad@gmail.com',	8,	'$2y$12$fevDHPsQJs7rSX3bfz9sp.2jfpNlstzNrxP/pQwdP9z2JkJD6lGd.',	'',	'2024-09-28 09:52:18',	'2024-09-18 08:52:22'),
(260,	'web_uploads/students/profile/66ea97d625ddb-Anabia.jpeg.jpeg',	'Anabia',	'xyz',	0,	NULL,	'0',	'Montessori',	'A',	'2021-01-01',	'00000000000',	'male',	'anabia@gmail.com',	8,	'$2y$12$r3u3c0z.bWZ6E6bt.uwlq..CkY45d5D1qnt25fEXqXvT5eEagTue.',	'',	'2024-09-18 09:05:26',	'2024-09-18 09:04:06'),
(261,	'web_uploads/students/profile/66ea99a57a6d9-Jannat.jpeg.jpeg',	'Jannat Gul',	'Gul Zaib',	13,	NULL,	NULL,	'Montessori',	'A',	'2019-05-10',	'03149356527',	'male',	'jannat@gmail.com',	8,	'$2y$12$okcESW1B.B90LKv4ZrjZWu4/AqWeC2aF.PXGQaY9JTbqW7g2hNUDa',	'',	'2024-09-18 09:13:09',	'2024-09-18 09:08:31'),
(263,	NULL,	'Mahnoor',	'Zakir Hussain',	14,	NULL,	NULL,	'E.C.D One',	'A',	'72020-02-10',	'03132209117',	'male',	'mahnoor@gmail.com',	8,	'$2y$12$p933olOcdm4f9vAbYcKkK..9mfHMcY9xif3S2Eayn12dBtNTbdgWW',	'',	'2024-09-18 09:46:50',	'2024-09-18 09:44:00'),
(264,	NULL,	'Zarnish',	'M. ALi',	15,	NULL,	NULL,	'Montessori',	'A',	'2020-10-01',	'03172208792',	'male',	'zarnish@gmail.com',	8,	'$2y$12$GUHFaJ.yc13SG.EK2SuT/Oe73zyu5yEOMMCy5HSevoo1BYZR4K/gi',	'',	'2024-09-19 04:04:25',	'2024-09-19 04:04:25'),
(265,	NULL,	'Zainab',	'M. ALi',	16,	NULL,	NULL,	'Two',	'A',	'2016-08-10',	'03321132866',	'male',	'zainab@gmail.com',	8,	'$2y$12$BgzMezGQGv5rRivkmlG9neyTAMj0O6ZazS02jAMLyXsNRqMY/NX6S',	'',	'2024-09-19 04:05:25',	'2024-09-19 04:05:25'),
(267,	NULL,	'Minha Fatima Qureshi',	'Bilal Qureshi',	18,	NULL,	NULL,	'E.C.D One',	'A',	'2020-10-07',	'02134520464',	'male',	'minha@gmail.com',	8,	'$2y$12$rtDRH7ysmuert1lKdPiNyu7anLrZFX4WD.tZOQ.VauDd1oRuX5Y2i',	'',	'2024-09-19 05:44:59',	'2024-09-19 05:44:59'),
(268,	NULL,	'Azan',	'xyz',	19,	NULL,	NULL,	'E.C.D One',	'A',	'2018-02-09',	'0310000000',	'male',	'azan@gmail.com',	8,	'$2y$12$tK1e57TLi3wI4yyuAWfAxOagvl138yb8IeXMAZ3aPrfk2c.LcZSNy',	'',	'2024-09-19 05:47:05',	'2024-09-19 05:47:05'),
(270,	NULL,	'Ayeza Umair',	'Umair Wahid',	5,	NULL,	NULL,	'playgroup',	'A',	'2020-02-04',	'032102132',	'male',	'ayeza0005@gmail.com',	9,	'$2y$12$6JdBBVUbC.CRUjghtgCyRenLyM0MeCnd6.gfMpQx5aXvigXy6g1pq',	'',	'2024-09-24 10:59:45',	'2024-09-23 09:14:36'),
(271,	NULL,	'Humaid Aqib',	'Aqib Iqbal',	6,	NULL,	NULL,	'playgroup',	'A',	'2020-06-10',	'+9231110589',	'male',	'humaidiqbal.006@gmail.com',	9,	'$2y$12$lCgRS3wxB9VAlGGsYF6q/e1DhCi238KARWjcXy3XZd0aMOXJlba5u',	'',	'2024-09-23 09:33:09',	'2024-09-23 09:33:09'),
(272,	NULL,	'Mohammad Ali',	'Mohammad Farrukh',	8,	NULL,	NULL,	'playgroup',	'A',	'2019-12-31',	'+9231110589',	'male',	'muhammadali0008@gmail.com',	9,	'$2y$12$sodLXo9yRVccb.BbXdPXsejq05fYW6s0wDdId//5InPHKsb3ziPCK',	'',	'2024-09-23 09:35:32',	'2024-09-23 09:35:32'),
(273,	NULL,	'Ayeza Salman Rind',	'Salman',	4,	NULL,	NULL,	'playgroup',	'A',	'2020-01-30',	'+9231110589',	'female',	'ayeza.0004@gmail.com',	9,	'$2y$12$8UUMy2fF7HiC3fAQqI10WubvusEN42Ei3EzQ5bYJd79ShXWAATE0i',	'',	'2024-09-23 09:36:43',	'2024-09-23 09:36:43'),
(274,	NULL,	'Amal Raheel',	'Ursila Iqbal',	2,	NULL,	NULL,	'playgroup',	'A',	'2020-05-23',	'+9231110589',	'female',	'anam.0002@gmail.com',	9,	'$2y$12$5hXfbHpaf5nwkQUO8B7we.tJC.by7T0QFteeXHRfFm.mNqC31Y/x2',	'',	'2024-09-23 09:44:40',	'2024-09-23 09:44:40'),
(275,	NULL,	'Zaviyan Hashim',	'Hashim',	11,	NULL,	NULL,	'playgroup',	'A',	'2021-07-15',	'+9231110589',	'female',	'zaviyan.0011@gmail.com',	9,	'$2y$12$HqyAxjp6o3UVcUPsxyJcpuEmGiYMvzpgBCWmjZciPNq/ujddxeS7O',	'',	'2024-09-23 09:51:17',	'2024-09-23 09:51:17'),
(276,	NULL,	'Umme Aiman',	'Faheem',	10,	NULL,	NULL,	'playgroup',	'A',	'2020-06-09',	'+9231110589',	'female',	'ummeaiman.0010@gmail.com',	9,	'$2y$12$eAOwCo1KMsGDqOFfs9.OWOQImH7Z.nSezpSIJqGc0MhdG4JhnSEDS',	'',	'2024-09-23 09:52:23',	'2024-09-23 09:52:23'),
(277,	NULL,	'Muhammad Mujtaba',	'Adnan',	7,	NULL,	NULL,	'playgroup',	'A',	'2020-01-02',	'+9231110589',	'male',	'mujtaba.0007@gmail.com',	9,	'$2y$12$pa1exuUrRJIK3I3yci4vPOXACr9p4wXnvOTMpukKUpZnoLcDtMI/a',	'',	'2024-09-23 09:53:32',	'2024-09-23 09:53:32'),
(278,	NULL,	'Muhammad Shahzail',	'Sufiyan Ali',	14,	NULL,	NULL,	'playgroup',	'A',	'2020-06-09',	'+9231110589',	'male',	'shahzail.0014@gmail.com',	9,	'$2y$12$ssM.CBkk7xNKtRVYegi1pOmE2Tx7ABWi9cd.yQn44iWdonLwqev1C',	'',	'2024-09-23 09:54:57',	'2024-09-23 09:54:57'),
(279,	NULL,	'Muhammad Azhan',	'Faisal Kaleem',	124,	NULL,	NULL,	'playgroup',	'A',	'2020-01-22',	'+9231110589',	'male',	'azhan.0124@gmail.com',	9,	'$2y$12$V5XsbXOfXmNyNZGA/7ms0O1f9BQHjxii2Vv82h.ftNTuY7tgVgcMK',	'',	'2024-09-23 09:56:18',	'2024-09-23 09:56:18'),
(280,	NULL,	'Salma Khan',	'syed Muhammad Khan',	123,	NULL,	NULL,	'playgroup',	'A',	'2021-05-23',	'+9231110589',	'female',	'salma.0123@gmail.com',	9,	'$2y$12$C5mHmkKL0h/nhNefra8/XOExV9D3kVMWHxfUry9b4/SYKKJWbCSqW',	'',	'2024-09-23 09:57:25',	'2024-09-23 09:57:25'),
(281,	NULL,	'Arham Mujeeb Khan',	'Mujeeb Alam',	3,	NULL,	NULL,	'playgroup',	'A',	'2020-06-09',	'+9231110589',	'male',	'arham.0003@gmail.com',	9,	'$2y$12$u6RkL2KBvPZBHfXb8.QiY.Pr1JsiNnQAqgGjGjZBFk7uMAJxR7Hma',	'',	'2024-09-23 09:58:47',	'2024-09-23 09:58:47'),
(282,	NULL,	'Aliza Kashif',	'Kashif Hussain',	19,	NULL,	NULL,	'Nursery',	'A',	'2020-01-23',	'+9231110589',	'female',	'aliza.0019@gmail.com',	9,	'$2y$12$rzRl0W92K1FaynTGviu//ezGtRkK6AAFvoaVgN30v1UscmNGBhgsq',	'',	'2024-09-23 10:00:45',	'2024-09-23 10:00:45'),
(283,	NULL,	'Falah Sami',	'Sami Javed',	21,	NULL,	NULL,	'Nursery',	'A',	'2020-03-19',	'+9231110589',	'female',	'falah.0021@gmail.com',	9,	'$2y$12$.4X0K13F0u1Afkbsff.qG.34Aiv1/R.kH.sS5Eu61ZjUw4RLRhN5S',	'',	'2024-09-23 10:01:52',	'2024-09-23 10:01:52'),
(284,	NULL,	'Ahad Ali',	'Muhammad Ajmal',	15,	NULL,	NULL,	'Nursery',	'A',	'2020-02-23',	'+9231110589',	'male',	'ahas.0015@gmail.com',	9,	'$2y$12$P5PW0NoB3VSPz.UkeW.rVeJItJhi93QzT.g6/XRHLfL0o3Mqrjvpe',	'',	'2024-09-23 10:02:49',	'2024-09-23 10:02:49'),
(285,	NULL,	'Aban Azhar',	'Azhar Sultan',	13,	NULL,	NULL,	'playgroup',	'A',	'2020-01-15',	'+9231110589',	'male',	'aban.0013@gmail.com',	9,	'$2y$12$ww93DM9l81Vjn/rWjG5Pzum3sU54JjPBzaJe6LP9w1LukE.CfRjiS',	'',	'2024-09-23 10:03:52',	'2024-09-23 10:03:52'),
(286,	NULL,	'Sarah Rouhan',	'M. Rouhan Fareed',	28,	NULL,	NULL,	'Nursery',	'A',	'2020-02-06',	'+9231110589',	'female',	'sarah.0028@gmail.com',	9,	'$2y$12$XZBgO4wH1rWtnHMxpnK41eBpXzq5KfxrIYE1mrLjZKOXztTBI.xHC',	'',	'2024-09-23 10:07:29',	'2024-09-23 10:07:29'),
(287,	NULL,	'Maryam Faraz',	'Faraz Abdul Razzak',	26,	NULL,	NULL,	'Nursery',	'A',	'2020-05-15',	'+9231110589',	'female',	'maryamfaraz.0026@gmail.com',	9,	'$2y$12$GHUCk1gFK4ZM3SvJKIFkrun7r/31Cs8hMJs798lOfZyrJcmfLoO7G',	'',	'2024-09-23 10:10:12',	'2024-09-23 10:10:12'),
(288,	NULL,	'Muhammad Ayan Ahmed',	'Ibad Ahmed',	25,	NULL,	NULL,	'Nursery',	'A',	'2020-06-16',	'+9231110589',	'male',	'ayan.0025@gmail.com',	9,	'$2y$12$DCDLD9P5EWYKa4Zv.m9/e.kPB0ov7ut4oPi4m9w4Q9e/TGhCkD6pm',	'',	'2024-09-23 10:11:20',	'2024-09-23 10:11:20'),
(289,	NULL,	'Ibrahim',	'Ikram Khan',	24,	NULL,	NULL,	'Nursery',	'A',	'2020-01-23',	'+9231110589',	'male',	'ibrahim.0024@gmail.com',	9,	'$2y$12$q1/aDsdFHVTrTLztGxt15.uAmgFTZWC7Cus7JaT9XtZy3bCuhCNZu',	'',	'2024-09-23 10:12:21',	'2024-09-23 10:12:21'),
(290,	NULL,	'Haya',	'Nadeem Khan',	23,	NULL,	NULL,	'Nursery',	'A',	'2020-06-23',	'+9231110589',	'female',	'haya.0023@gmail.com',	9,	'$2y$12$2n1TREoji7mRZV3lSkNwVekUAKF2xU0R0vEp7iepoMdnYCbEtet/6',	'',	'2024-09-23 10:14:13',	'2024-09-23 10:14:13'),
(291,	NULL,	'Mishkat',	'M. Shoaib',	27,	NULL,	NULL,	'Nursery',	'A',	'2021-02-25',	'+9231110589',	'male',	'mishkat.0027@gmail.com',	9,	'$2y$12$.C/g.I2fnJpPRxdlMkeu5ue19mFacSlE1BWaTa65r0AtDyyBxpYCq',	'',	'2024-09-23 10:15:28',	'2024-09-23 10:15:28'),
(292,	NULL,	'Mishkat',	'M. Shoaib',	27,	NULL,	NULL,	'Nursery',	'A',	'2021-02-25',	'+9231110589',	'male',	'mishkat.0027@gmail.com',	9,	'$2y$12$Z3FDN/ZnJL/033Ss1cWeEeOmxefSkSWvTEza8IL3nOyXuq1irw/mu',	'',	'2024-09-23 10:15:29',	'2024-09-23 10:15:29'),
(293,	NULL,	'Amna Arsalan',	'M. Arsalan',	20,	NULL,	NULL,	'Nursery',	'A',	'2021-07-15',	'+9231110589',	'female',	'amna.0020@gmail.com',	9,	'$2y$12$bOnLIAU9lcj/Vt5YAwJJ/u4jrQjlnKd71aeBEeYkNK71vCuF0ko4q',	'',	'2024-09-23 10:20:01',	'2024-09-23 10:20:01'),
(294,	NULL,	'Ali Ibrahim',	'Syed Zaheer Abbas Zaidi',	18,	NULL,	NULL,	'Nursery',	'A',	'2020-06-09',	'+9231110589',	'male',	'ali.0018@gmail.com',	9,	'$2y$12$xRktrVbZHYeWfuceDIADz.3ayHpZfnuDAynI1U0OLjCHQ3eMzH8re',	'',	'2024-09-23 10:22:32',	'2024-09-23 10:22:32'),
(295,	NULL,	'Ali Akber',	'M. Adnan',	17,	NULL,	NULL,	'Nursery',	'A',	'2019-06-12',	'+9231110589',	'male',	'ali.0017@gmail.com',	9,	'$2y$12$HmxNHdjD5NK.P9Tjd3duxur8SxC63Xos/d2zl8BoKRVID.GQADwka',	'',	'2024-09-23 10:24:20',	'2024-09-23 10:24:20'),
(296,	NULL,	'M. Subhan Ahmed',	'Aftab Ahmed Khan',	29,	NULL,	NULL,	'Nursery',	'A',	'2020-06-10',	'+9231110589',	'male',	'subhanahmed.0029@gmail.com',	9,	'$2y$12$qyyjuKYR93sSHxKTO.loluei5mD6xoTBd6KBXQr3l9wod10DvrHmW',	'',	'2024-09-23 10:32:56',	'2024-09-23 10:32:56'),
(297,	NULL,	'Safa Aneeq',	'Aneeq',	9,	NULL,	NULL,	'Nursery',	'A',	'2019-01-09',	'+9231110589',	'male',	'safaaneeq.0009@gmail.com',	9,	'$2y$12$7R8rowTGg/gQCNDfD.8sCeywccqKhpvBxRr1hQmy9YOtitR1Pdg3.',	'',	'2024-09-23 10:34:05',	'2024-09-23 10:34:05'),
(298,	NULL,	'Muhammad Arham Zain',	'Zain Iqbal',	12,	NULL,	NULL,	'Nursery',	'A',	'2019-05-23',	'+9231110589',	'male',	'arhamzain.0012@gmail.com',	9,	'$2y$12$QULgGd9fCyW./NnbD16g3uVcLc/XuuTlrnNamSho8wqcB.FA4THTm',	'',	'2024-09-23 10:37:25',	'2024-09-23 10:37:25'),
(299,	NULL,	'Aimen Ahmed',	'Muzammil Ahmed',	16,	NULL,	NULL,	'Nursery',	'A',	'2019-10-15',	'+9231110589',	'male',	'aimanahmed.0016@gmail.com',	9,	'$2y$12$cFTbkNPFw7LfhP4VR4xhKOkmPoK51XaaQtqLFbJpmJCzBLNdALmUm',	'',	'2024-09-23 10:38:22',	'2024-09-23 10:38:22'),
(300,	NULL,	'Zaryab Khan',	'Ejaz Khan',	30,	NULL,	NULL,	'Nursery',	'A',	'2020-06-23',	'+9231110589',	'male',	'zaryabkhan.0030@gmail.com',	9,	'$2y$12$WvvOw5aKd/7zhSKt3VDf5uXaVDRHfq9F/7DFaysSAr6RtGsAMpqn6',	'',	'2024-09-23 10:39:47',	'2024-09-23 10:39:47'),
(301,	NULL,	'Mahnoor Asghar',	'Asghar Hussain',	122,	NULL,	NULL,	'Nursery',	'A',	'2019-12-30',	'+9231110589',	'female',	'mahnoor.0122@gmail.com',	9,	'$2y$12$JCh.KrWoRkTJyivGQlgVsOE..eCBtdnkxsiO3dqRzC3PYQDYMDNku',	'',	'2024-09-23 10:40:47',	'2024-09-23 10:40:47'),
(302,	NULL,	'Hareem Gul',	'Noman Gul',	22,	NULL,	NULL,	'Nursery',	'A',	'2019-09-23',	'+9231110589',	'female',	'hareem.0022@gmail.com',	9,	'$2y$12$x6US/1vt2s5RtrRsrgoeK.fTR8SOZpJ3Xy/s3jiB9cElrDu5OxHoa',	'',	'2024-09-23 10:41:52',	'2024-09-23 10:41:52'),
(303,	NULL,	'HAMNA SHAHID',	'M. Shahid',	100,	NULL,	NULL,	'Nursery',	'A',	'2019-01-29',	'+9231110589',	'female',	'hamnashahid.0100@gmail.com',	9,	'$2y$12$0v1bfY1x4JcdIRd8bJkzgOs.BcGAfKZSkirarj86ZjVnG6OWfRmqC',	'',	'2024-09-23 10:43:12',	'2024-09-23 10:43:12'),
(304,	NULL,	'Momina',	'Ghulam Muhammad',	81,	NULL,	NULL,	'Nursery',	'A',	'2019-06-04',	'+9231110589',	'female',	'momina.0081@gmail.com',	9,	'$2y$12$Ts8gE1JWtzolElDbvs7pc.9fxBfNyRwNmvgRWuL3u6VrjC8jFh1Qq',	'',	'2024-09-23 10:44:10',	'2024-09-23 10:44:10'),
(305,	NULL,	'Abdul Rasheed',	'Muhammad Sohail',	32,	NULL,	NULL,	'kg',	'A',	'2018-06-11',	'+9231110589',	'male',	'abdulrasheed.0032@gmail.com',	9,	'$2y$12$jljYesApbgrQx6uF95HKr.WN4lzTQGQ.nRsyEL7./3NJgzpqy7wSi',	'',	'2024-09-23 10:49:28',	'2024-09-23 10:49:28'),
(306,	NULL,	'Meerab Fatima',	'Muhammad Farhan',	48,	NULL,	NULL,	'kg',	'A',	'2018-01-01',	'+9231110589',	'female',	'meerab.0048@gmail.com',	9,	'$2y$12$krsFgsjs6tY/E6v938IQ4uBx9vBcOg6sop0zhELkfN6Fj2zjOioyu',	'',	'2024-09-23 10:50:48',	'2024-09-23 10:50:48'),
(307,	NULL,	'M. Aahil Shakeel',	'Hafiz Muhammad Shakeel',	31,	NULL,	NULL,	'kg',	'A',	'2020-05-04',	'+9231110589',	'male',	'aahil.0031@gmail.com',	9,	'$2y$12$/MOIK4wuWQd9GlD2a4rRv.hM6gqvruFHsQaaX6PPqn7cqTYW4KSsq',	'',	'2024-09-23 10:52:16',	'2024-09-23 10:52:16'),
(308,	NULL,	'Ayesha Fahad',	'Fahad Younus Chawla',	38,	NULL,	NULL,	'kg',	'A',	'2024-09-16',	'+9231110589',	'female',	'ayesha.0038@gmail.com',	9,	'$2y$12$oQledEnjtlJgDm6AeOg0qeElyx7zFKm1UKuFJPExADdGTkLq2T5i.',	'',	'2024-09-23 10:53:28',	'2024-09-23 10:53:28'),
(309,	NULL,	'Fatima Shakil',	'Shakil Wahid',	39,	NULL,	NULL,	'kg',	'A',	'2018-01-24',	'+9231110589',	'female',	'fatima.0039@gmail.com',	9,	'$2y$12$fXiDU7hlIbEkWcFuoh5mi.BrfW1pNQNNQ6kQjeDO8Q/aQwTNroIzi',	'',	'2024-09-23 10:55:30',	'2024-09-23 10:55:30'),
(310,	NULL,	'Anabiya Usman',	'Usman Iqbal',	37,	NULL,	NULL,	'kg',	'A',	'2017-01-09',	'+9231110589',	'female',	'anabiya.0037@gmail.com',	9,	'$2y$12$sJaGvd19y3skUDoDsNSoYOD9wWftpiQg7rq6.Vn.QaRpeHcg1To0q',	'',	'2024-09-23 10:56:37',	'2024-09-23 10:56:37'),
(311,	NULL,	'Abiha Dawood',	'Dawood Jawad',	33,	NULL,	NULL,	'kg',	'A',	'2017-01-02',	'+9231110589',	'female',	'abiha.0033@gmail.com',	9,	'$2y$12$tWxmyrkXy8/exicrgXin0ukxyrqvLAXRsZWBv.jjfRF53RxLSFhaK',	'',	'2024-09-23 10:58:13',	'2024-09-23 10:58:13'),
(312,	NULL,	'Alishba Daniyal',	'Danyal Saleem',	34,	NULL,	NULL,	'kg',	'A',	'2019-05-06',	'+9231110589',	'female',	'alihba.0034@gmail.com',	9,	'$2y$12$k54bPk.rfOnpKjR4il9KAOj9aTqc4v10PPVgNZCddST3Tw5LIteW2',	'',	'2024-09-23 10:59:27',	'2024-09-23 10:59:27'),
(313,	NULL,	'Muhammad Ammar',	'M. Shahid',	36,	NULL,	NULL,	'kg',	'A',	'2018-06-04',	'+9231110589',	'male',	'ammar.0036@gmail.com',	9,	'$2y$12$fA3FXYOQydzzUa7ISp/tDuN5WFFIM0D9kOmk1yl1gyzIsdTWzU5o2',	'',	'2024-09-23 11:00:39',	'2024-09-23 11:00:39'),
(314,	NULL,	'M. Haris',	'M. Zubair',	41,	NULL,	NULL,	'kg',	'A',	'2024-07-10',	'+9231110589',	'male',	'haris.0041@gmail.com',	9,	'$2y$12$Sw7JmFBE8EXi/F0xeld54OupC3HjmT0nzSA29CgLrqXZXlCkHNfbu',	'',	'2024-09-23 11:01:46',	'2024-09-23 11:01:46'),
(315,	NULL,	'Ameer Hamza',	'Kaleem ullah Khan',	35,	NULL,	NULL,	'kg',	'A',	'2018-05-07',	'+9231110589',	'male',	'ameer.0035@gmail.com',	9,	'$2y$12$On07qg3K8T/zWr4xYixa2O93XWGsmSPInTJY63frqfX1YVqewaxMC',	'',	'2024-09-23 11:02:38',	'2024-09-23 11:02:38'),
(316,	NULL,	'Sheikh Arham Ahmed',	'Sheikh Ishtiyaq Ahmed',	49,	NULL,	NULL,	'kg',	'A',	'2017-02-15',	'+9231110589',	'male',	'arhamahmed.0049@gmail.com',	9,	'$2y$12$NmvD7F2.iGL8B4pwnW8Z6.UqLhmH2EFluPJW7ld7v4C7v36D3wK1K',	'',	'2024-09-23 11:05:50',	'2024-09-23 11:05:50'),
(317,	NULL,	'M. Khubaib',	'Abdullah',	46,	NULL,	NULL,	'kg',	'A',	'2019-05-17',	'+9231110589',	'male',	'khubaib.0046@gmail.com',	9,	'$2y$12$fRnepu9HMU9eRNqRf0MpVuQCXAeyVlzM2wUiX3IcD7vPLVMjRIhqK',	'',	'2024-09-23 11:07:13',	'2024-09-23 11:07:13'),
(318,	NULL,	'Hafsa Faheem',	'M. Faheem',	40,	NULL,	NULL,	'kg',	'A',	'2019-06-04',	'+9231110589',	'female',	'hafsa.0040@gmail.com',	9,	'$2y$12$ErBJMaeqQRs7M96ik.mqS.ECoMTsZotO0/QR/u/VfRvSlrQqV6ppG',	'',	'2024-09-23 11:08:52',	'2024-09-23 11:08:52'),
(319,	NULL,	'M. Ibrahim',	'M. Shoaib',	44,	NULL,	NULL,	'kg',	'A',	'2019-05-06',	'+9231110589',	'male',	'ibrahim.0044@gmail.com',	9,	'$2y$12$7.QwBgeWUnz3lG/D07KXa.aHvYgHS5dnrSoq54E0Mqr1sMj6bSCPO',	'',	'2024-09-23 11:09:46',	'2024-09-23 11:09:46'),
(320,	NULL,	'M. Uqbah',	'M. Hassan Raza',	50,	NULL,	NULL,	'kg',	'A',	'2018-05-23',	'+9231110589',	'male',	'uqbah.0050@gmail.com',	9,	'$2y$12$XDx4q7PnJ1S3FgKVbl2ge.T9ou1FMspfkAThT4jE8fkoGtatkV3RO',	'',	'2024-09-23 11:11:05',	'2024-09-23 11:11:05'),
(321,	NULL,	'Ibrahim Umair',	'Umair Latif',	42,	NULL,	NULL,	'kg',	'A',	'2020-05-23',	'+9231110589',	'male',	'ibrahimumair.0042@gmail.com',	9,	'$2y$12$KeloAb/ne455iWPkSiCXIuhJaq0JRGjp0YOgZvtKKWcIOvRNZv7pa',	'',	'2024-09-23 11:12:41',	'2024-09-23 11:12:41'),
(322,	NULL,	'Mahnoor Gulzaar',	'Rao Muhammad gulzar',	47,	NULL,	NULL,	'kg',	'A',	'2020-01-07',	'+9231110589',	'female',	'mahnoor.0047@gmail.com',	9,	'$2y$12$0Z8FonVW6YAf9TrZlNITEOWjPuRNNHkXpJk2Lg1Hd4IQWtYF1gLPq',	'',	'2024-09-23 11:15:59',	'2024-09-23 11:15:59'),
(323,	NULL,	'Ibrahim Zain',	'Zain Iqbal',	45,	NULL,	NULL,	'kg',	'A',	'2019-01-08',	'+9231110589',	'male',	'ibrahimzain.0045@gmail.com',	9,	'$2y$12$jatJUpzhF5/mE7RMUaV6I.k9LzitP0HOJtZ42G7olmgL9X20y8l76',	'',	'2024-09-23 11:16:59',	'2024-09-23 11:16:59'),
(324,	NULL,	'M. ARHAM BABAR',	'Baber Ali',	43,	NULL,	NULL,	'kg',	'A',	'2018-05-16',	'+9231110589',	'male',	'arhambabar.0043@gmail.com',	9,	'$2y$12$CfkZWlALTEVK/cvWLuRUaOUmTkIRZVtGIxhVAka5lyjbAgEhWHl42',	'',	'2024-09-23 11:17:55',	'2024-09-23 11:17:55'),
(325,	NULL,	'Huzaifa',	'Ghulam Muhammad',	125,	NULL,	NULL,	'kg',	'A',	'2019-01-25',	'+9231110589',	'male',	'huzaifa.0125@gmail.com',	9,	'$2y$12$SUv.U7sY1gaOYZv4DZiYTOib5pW8DEVx3r3c/2enIiH61DESMadYS',	'',	'2024-09-23 11:18:58',	'2024-09-23 11:18:58'),
(367,	NULL,	'Mehr-Un-Nisa Karimi',	'Faizan Karimi',	87,	NULL,	'Primary',	'I - A',	'A',	'2017-01-01',	'030000000',	'female',	'mehr.0087@lgs.com',	9,	'$2y$12$Z55CD2jsrtQESLZ8xpMIUu6V5nkG.JoRdfds3QweZBx..wyoI3lRm',	'',	'2024-09-25 05:34:00',	'2024-09-25 05:34:00'),
(368,	NULL,	'Saif Ullah Saleem',	'Muhammad Saleem',	67,	NULL,	'Primary',	'I - A',	'A',	'2017-01-01',	'030000000',	'male',	'saif.0067@lgs.com',	9,	'$2y$12$V6TYSBbSnrdH8jExfrX3AeUsSl0IluKhoEPyXsOPtbH/XuqalFbR2',	'',	'2024-09-25 05:35:11',	'2024-09-25 05:35:11'),
(369,	NULL,	'Aiza Azhar',	'Azhar Sultan',	53,	NULL,	'Primary',	'I - A',	'A',	'2017-01-01',	'030000000',	'female',	'aiza.0053@lgs.com',	9,	'$2y$12$TlnX5SnbXEdhQneSfIK6H.9hZPKgfUJeccHSHBPQ8qBHfqPmMqB76',	'',	'2024-09-25 05:36:01',	'2024-09-25 05:36:01'),
(370,	NULL,	'Areesha Maniar',	'Ghulam Murtaza Maniar',	55,	NULL,	'Primary',	'I - A',	'A',	'2017-01-01',	'030000000',	'female',	'areesha.0055@lgs.com',	9,	'$2y$12$fgRLi1pPsNRrvckhsXDzauWDkx5Xtl363Sn/Fp8VdGbqBRwW2fOFy',	'',	'2024-09-25 05:37:08',	'2024-09-25 05:37:08'),
(371,	NULL,	'Muhammad Hidaq',	'Muhammad Hamid Ayoub',	63,	NULL,	'Primary',	'I - A',	'A',	'2017-01-01',	'030000000',	'male',	'hidaq.0063@lgs.com',	9,	'$2y$12$PPO0x8Mbt1CxjOLipD4Fou0Anw9MWXpTi64Ow65VfWw5Xbz1rvxuO',	'',	'2024-09-25 05:38:07',	'2024-09-25 05:38:07'),
(372,	NULL,	'Zimal Hamza Ali',	'Hamza Ali',	76,	NULL,	'Primary',	'I - A',	'A',	'2017-01-01',	'030000000',	'female',	'zimal.0076@lgs.com',	9,	'$2y$12$V2z.4A8wsyKy/Lw58wigTOunJ8dusBvZNKBYgwZMw74hV/.ebejGG',	'',	'2024-09-25 05:38:55',	'2024-09-25 05:38:55'),
(373,	NULL,	'Umer Zulfiqar',	'Muhammad Zulfiqar',	74,	NULL,	'Primary',	'I - A',	'A',	'2017-01-01',	'030000000',	'male',	'umer.0074@lgs.com',	9,	'$2y$12$LqOOVodzqJuqqCBVYr1GN.RspGGRuBFWrbwqRTHmED8paUQ4PDO8y',	'',	'2024-09-25 05:39:56',	'2024-09-25 05:39:56'),
(374,	NULL,	'Abrish Amir',	'Muhammad Amir Ismail',	52,	NULL,	'Primary',	'I - A',	'A',	'2017-01-01',	'030000000',	'female',	'abrish.0052@lgs.com',	9,	'$2y$12$C9F5GfE3t/LuEslDd4Q0mOEvAiox8djkZcTF/0uLPvqLUEOHVX9mq',	'',	'2024-09-25 05:40:55',	'2024-09-25 05:40:55'),
(375,	NULL,	'Nehal',	'Zeeshan Perveez',	94,	NULL,	'Primary',	'I - A',	'A',	'2017-01-01',	'030000000',	'male',	'nehal.0094@lgs.com',	9,	'$2y$12$AxCRasacuY4Xonb/NMhS.e1MNxb2uQh1wj3pbFELQGtCqyyIJO0Re',	'',	'2024-09-25 05:42:11',	'2024-09-25 05:42:11'),
(376,	NULL,	'Syeda Aiman Zehra',	'Syed M. Sareer',	73,	NULL,	'Primary',	'I - A',	'A',	'2017-01-01',	'030000000',	'female',	'aiman.0073@lgs.com',	9,	'$2y$12$vf6kZazUzv1dXYZbUgozyeamhcc5hGc5tKIkG6kNn/nXIsMH7UijC',	'',	'2024-09-25 05:43:04',	'2024-09-25 05:43:04'),
(377,	NULL,	'Ishfa Zainab',	'M. Adnan',	60,	NULL,	'Primary',	'I - A',	'A',	'2017-01-01',	'030000000',	'female',	'ishfa.0060@lgs.com',	9,	'$2y$12$Ngs1ySjA0hVUfm/CmzjTMuIRPUPqJp8fNSIbWiFXVh4uTBpK.Btti',	'',	'2024-09-25 05:43:59',	'2024-09-25 05:43:59'),
(378,	NULL,	'Sheikh Anas Ahmed',	'Sheikh Ishtiaq Ahmed',	68,	NULL,	'Primary',	'I - A',	'A',	'2017-01-01',	'030000000',	'male',	'anas.0068@lgs.com',	9,	'$2y$12$TswUg6T81HQlF81bnfc5XOe.mJirZOthHmqpSpB/99sMKriuw6lZ.',	'',	'2024-09-25 05:45:06',	'2024-09-25 05:45:06'),
(379,	NULL,	'Safia',	'Abdullah',	66,	NULL,	'Primary',	'I - A',	'A',	'2017-01-01',	'030000000',	'female',	'safia.0066@lgs.com',	9,	'$2y$12$neTUmqRSy4ZZH/hpdw.uhu6fel0RTkhODWqmjppzr945/uDbBvhLK',	'',	'2024-09-25 05:45:48',	'2024-09-25 05:45:48'),
(380,	NULL,	'Hassan Ali',	'M. Ali Arif',	59,	NULL,	'Primary',	'I - A',	'A',	'2017-01-01',	'030000000',	'male',	'hassan.0059@lgs.com',	9,	'$2y$12$CwM8RF8dG78Xo5HmxRl0keHqxnA96lwvv0AJTaMpQVQbN6MaCm8B6',	'',	'2024-09-25 05:46:38',	'2024-09-25 05:46:38'),
(381,	NULL,	'Shuraim Tariq',	'M. Tariq',	69,	NULL,	'Primary',	'I - A',	'A',	'2017-01-01',	'030000000',	'male',	'shuraim.0069@lgs.com',	9,	'$2y$12$Q5Zb8E6WBzCVpi/HOBKXQ.UgZUIX2RrNxyluhmqPU8JNjv7JdlGJC',	'',	'2024-09-25 05:47:32',	'2024-09-25 05:47:32'),
(382,	NULL,	'Suleman Shah',	'Syed M. Khan',	127,	NULL,	'Primary',	'I - B',	'B',	'2017-01-01',	'030000000',	'male',	'suleman.0127@lgs.com',	9,	'$2y$12$y1RovbZZsZYQOxCBmfX51uKP8lsvy5zUSZn18IpcHMaDnOsy7LsPG',	'',	'2024-09-25 05:48:35',	'2024-09-25 05:48:35'),
(383,	NULL,	'Alishba Khan',	'Syed M. Khan',	126,	NULL,	'Primary',	'I - B',	'B',	'2017-01-01',	'030000000',	'female',	'alishba.0126@lgs.com',	9,	'$2y$12$L6xhSJ0ERbfag96haUhv/.O4bj7TVCHVQu7s80mrC6xgrLq9t6P6W',	'',	'2024-09-25 05:49:56',	'2024-09-25 05:49:56'),
(384,	NULL,	'Nimra Karimi',	'Faizan Karimi',	64,	NULL,	'Primary',	'I - B',	'B',	'2017-01-01',	'030000000',	'female',	'nimra.0064@lgs.com',	9,	'$2y$12$/qRtiV31FTCBCPi0Om5DjeMjZlOGuBnEKXYtHMRq.uEWBYYjMrU82',	'',	'2024-09-25 05:50:50',	'2024-09-25 05:50:50'),
(385,	NULL,	'Zubia Hamid',	'Muhammad Hamid Ayoub',	77,	NULL,	'Primary',	'I - B',	'B',	'2017-01-01',	'030000000',	'female',	'zubia.0077@lgs.com',	9,	'$2y$12$aHLxsSgXL.5SNc3gFu5LCuZ2zyqfPvLk7A8yqpLAVjy22WyZkuUFe',	'',	'2024-09-25 05:53:26',	'2024-09-25 05:53:26'),
(386,	NULL,	'Zainab Adil',	'Muhammad Adil',	75,	NULL,	'Primary',	'I - B',	'B',	'2017-01-01',	'030000000',	'female',	'zainab.0075@lgs.com',	9,	'$2y$12$x1FcS1kLrwgjz.k1qbLO0ODW/TadkiU2tVzD3G7R5Cqi83Fs414pS',	'',	'2024-09-25 05:54:17',	'2024-09-25 05:54:17'),
(387,	NULL,	'Isra Mansoor',	'Mansoor Nadeem',	61,	NULL,	'Primary',	'I - B',	'B',	'2017-01-01',	'030000000',	'female',	'isra.0061@lgs.com',	9,	'$2y$12$ojXluUP9.tgz213m/n07heaa1cH/9unBf/8CqLwXXCh2gmBdE4CW.',	'',	'2024-09-25 06:08:44',	'2024-09-25 06:08:44'),
(388,	NULL,	'Noman Ali',	'Irshad Ali',	65,	NULL,	'Primary',	'I - B',	'B',	'2017-01-01',	'030000000',	'male',	'noman.0065@lgs.com',	9,	'$2y$12$78kMi8vkMRvSGoIMi6CmWe77jlhINA.Fkd6c3MwgpbKafNC1tFP5u',	'',	'2024-09-25 06:09:34',	'2024-09-25 06:09:34'),
(389,	NULL,	'Minahil Agha',	'Agha Hisam',	51,	NULL,	'Primary',	'I - B',	'B',	'2017-01-01',	'030000000',	'female',	'minahil.0051@lgs.com',	9,	'$2y$12$3qv5W3trwej4g.MLsxdk5OZd6wu3.lv5jHVP2Crkkg7M3qjAQiwO2',	'',	'2024-09-25 06:11:35',	'2024-09-25 06:11:35'),
(390,	NULL,	'Erum Fatima',	'Haider Ali',	57,	NULL,	'Primary',	'I - B',	'B',	'2017-01-01',	'030000000',	'female',	'erum.0057@lgs.com',	9,	'$2y$12$86D8zNioTcHeqazomvBdOeJE2vn8Zjrq0TLEt92p7tt7YXy0CKFfi',	'',	'2024-09-25 06:12:14',	'2024-09-25 06:12:14'),
(391,	NULL,	'Soban Raza',	'Amir Ali',	70,	NULL,	'Primary',	'I - B',	'B',	'2017-01-01',	'030000000',	'male',	'soban.0070@lgs.com',	9,	'$2y$12$fULjv8eWp0zvPGng1k047u2pkDt.SdTrXLiinS4aqASW6Sh5CXo9S',	'',	'2024-09-25 06:13:11',	'2024-09-25 06:13:11'),
(392,	NULL,	'Ali Ahmed',	'Mohsin Ahmed',	54,	NULL,	'Primary',	'I - B',	'B',	'2017-01-01',	'030000000',	'male',	'ali.0054@lgs.com',	9,	'$2y$12$rvzKWTLIgLMLIblxajCg2urbyBpPxXW4Sz4WuU8ZwYs0S1nzcRC6q',	'',	'2024-09-25 06:13:56',	'2024-09-25 06:13:56'),
(393,	NULL,	'Ahmed Faisal',	'Faisal Shaji',	71,	NULL,	'Primary',	'I - B',	'B',	'2017-01-01',	'030000000',	'male',	'ahmed.0071@lgs.com',	9,	'$2y$12$rfYK4yKSpfJnnkVARSyNTORMk8zwQ97fb7oiWw7daj6kqlj.38/iC',	'',	'2024-09-25 06:17:13',	'2024-09-25 06:17:13'),
(394,	NULL,	'Liba Danyal',	'Danyal Saleem',	62,	NULL,	'Primary',	'I - B',	'B',	'2017-01-01',	'030000000',	'female',	'liba.0062@lgs.com',	9,	'$2y$12$GEupr53dO4/MoctZbOffv.I8/CEVto5plqKwLDwaa/qWgX6fORyjO',	'',	'2024-09-25 06:18:17',	'2024-09-25 06:18:17'),
(395,	NULL,	'Filza Fatima Rao',	'Junaid Raza Rao',	58,	NULL,	'Primary',	'I - B',	'B',	'2017-01-01',	'030000000',	'female',	'filza.0058@lgs.com',	9,	'$2y$12$bY9i9x07HjAibx6UqaSPLeDfEZ80qY/3qcUp3OYMAerfUq.ZD/fWy',	'',	'2024-09-25 06:19:20',	'2024-09-25 06:19:20'),
(396,	NULL,	'Aysha Ali',	'Ali Mustafa',	56,	NULL,	'Primary',	'I - B',	'B',	'2017-01-01',	'030000000',	'female',	'aysha.0056@lgs.com',	9,	'$2y$12$D919L.EIbo4sX9zeMK8B4ue0eFbFtEIzNO7dVzszllOF/Y9d91L1m',	'',	'2024-09-25 06:20:02',	'2024-09-25 06:20:02'),
(397,	NULL,	'Syed M. Youzarsif Abbas Zaidi',	'Syed Zaheer Abbas Zaidi',	72,	NULL,	'Primary',	'I - B',	'B',	'2017-01-01',	'030000000',	'male',	'abbas.0072@lgs.com',	9,	'$2y$12$C8Vl8llC6nW5R1MuwG0L8ejyjiF2vTX4gmWS9pa5DyE4h1qc2dWBG',	'',	'2024-09-25 06:21:25',	'2024-09-25 06:21:25'),
(398,	NULL,	'Aiza Shakeel',	'Shakeel',	78,	NULL,	'Primary',	'II',	'A',	'2016-01-01',	'030000000',	'female',	'aiza.0078@lgs.com',	9,	'$2y$12$AdyeAK9Oh2s6C8ri9bBDbu.GlMv6av70fhu5j6KSleHACyv36f6tC',	'',	'2024-09-25 06:22:13',	'2024-09-25 06:22:13'),
(399,	NULL,	'Harmain Abdul Waheed',	'Abdul Waheed',	85,	NULL,	'Primary',	'II',	'A',	'2016-01-01',	'030000000',	'male',	'harmain.0085@lgs.com',	9,	'$2y$12$ouAB1t3QcWfVN/Ku51mEz.WdCzvrJEi5.6.KDgcpaz0bubvbVgP2a',	'',	'2024-09-25 06:23:05',	'2024-09-25 06:23:05'),
(400,	NULL,	'Zainab Saad',	'Saad Naseem',	92,	NULL,	'Primary',	'II',	'A',	'2016-01-01',	'030000000',	'female',	'zainab.0092@lgs.com',	9,	'$2y$12$5CMePB1QwQ3Gdb7AVXwoiuYmDKM1Qs5.9G3UnfJJqzX6bLYMtUuJG',	'',	'2024-09-25 06:23:56',	'2024-09-25 06:23:56'),
(401,	NULL,	'Hambal Shakeel',	'Shakeel Wahid',	83,	NULL,	'Primary',	'II',	'A',	'2016-01-01',	'030000000',	'male',	'hambal.0083@lgs.com',	9,	'$2y$12$oLnsAiCdg3WwSjW1YgWKe.QCxofZIgW2DASxMqWmMuGivps73rbyW',	'',	'2024-09-25 06:25:27',	'2024-09-25 06:25:01'),
(402,	NULL,	'Ammar Ali',	'Ali Mustafa',	79,	NULL,	'Primary',	'II',	'A',	'2016-01-01',	'030000000',	'male',	'ammar.0079@lgs.com',	9,	'$2y$12$ALPGLu/RwdOqgqNSMYUskeoXrY7vKkqr98jkVsXnhansI4Rll.j3.',	'',	'2024-09-25 06:29:15',	'2024-09-25 06:29:15'),
(403,	NULL,	'Hammad Ali',	'Ali Mustafa',	84,	NULL,	'Primary',	'II',	'A',	'2016-01-01',	'030000000',	'male',	'hammad.0084@lgs.com',	9,	'$2y$12$D5E0jJIsAu550dG2IO9/QOrslih1PC1qRqJh/6MpS7jsb862VuAA2',	'',	'2024-09-25 06:30:03',	'2024-09-25 06:30:03'),
(404,	NULL,	'Rubab Fatima',	'Hamid Ali',	90,	NULL,	'Primary',	'II',	'A',	'2016-01-01',	'030000000',	'female',	'rubab.0090@lgs.com',	9,	'$2y$12$TKtLZP1d76nZOqwJMMtXde7AQW4kG50XxzyoolZZMHIiCSbQhLmY.',	'',	'2024-09-25 06:30:52',	'2024-09-25 06:30:52'),
(405,	NULL,	'Rania',	'Zafarullah',	89,	NULL,	'Primary',	'II',	'A',	'2016-01-01',	'030000000',	'female',	'rania.0089@lgs.com',	9,	'$2y$12$MsZEYPvKwTt2NyFTSqDq.OLG0xqUzCK/WaZxDsw/PpCusvWYgHHpG',	'',	'2024-09-25 06:31:39',	'2024-09-25 06:31:39'),
(406,	NULL,	'Syed Muhammad Hasnain',	'Syed Zaigham',	91,	NULL,	'Primary',	'II',	'A',	'2016-01-01',	'030000000',	'male',	'hasnain.0091@lgs.com',	9,	'$2y$12$29pgpFjXR0ldIfcdZCcYje3n3AAZorWGyLyQj0WGJbtPt44cV/lfu',	'',	'2024-09-25 06:32:32',	'2024-09-25 06:32:32'),
(407,	NULL,	'Rabia Gulzar',	'Rao Muhammad Gulzar Khan',	88,	NULL,	'Primary',	'II',	'A',	'2016-01-01',	'030000000',	'female',	'rabia.0088@lgs.com',	9,	'$2y$12$FpNLRwkWYdJX3hMm5/GNVuVStRHtlNpKc1WPxyAvVYVORKoxt874a',	'',	'2024-09-25 06:33:23',	'2024-09-25 06:33:23'),
(408,	NULL,	'Hafsa',	'Kaleemullah Khan',	82,	NULL,	'Primary',	'II',	'A',	'2016-01-01',	'030000000',	'female',	'hafsa.0082@lgs.com',	9,	'$2y$12$aaceelQozLtlGKlFfbdcbeiq6NMlabVvQ4UX3hrwhZBuGl54Ls4Lu',	'',	'2024-09-25 06:34:05',	'2024-09-25 06:34:05'),
(409,	NULL,	'M. Hashir',	'Zeeshan',	86,	NULL,	'Primary',	'II',	'A',	'2016-01-01',	'030000000',	'male',	'hashir.0086@leader.com',	9,	'$2y$12$bX3HTnfm9btQOqP5XS96D.d24kkWi3kTsGduxWui4jB1O0wS4eDYm',	'',	'2024-09-25 06:35:28',	'2024-09-25 06:35:28'),
(410,	NULL,	'Arham Dawood',	'Dawood Jawad',	80,	NULL,	'Primary',	'II',	'A',	'2016-01-01',	'030000000',	'male',	'arham.0080@leader.com',	9,	'$2y$12$EIs4LGLjCbA5XJBpfSgRzOpwRei1oRwe2BXm6RmVsvLw.yFj3BbOe',	'',	'2024-09-25 06:36:20',	'2024-09-25 06:36:20'),
(411,	NULL,	'Amna Sarfaraz',	'M. Sarfaraz',	96,	NULL,	'Primary',	'III',	'A',	'2016-01-01',	'030000000',	'female',	'amna.0096@lgs.com',	9,	'$2y$12$xTIyX/BM48bTictpV67lzeOQbIe3nMo4L0SddQdNcRjiOtEdKRCeC',	'',	'2024-09-25 06:37:19',	'2024-09-25 06:37:19'),
(412,	NULL,	'Anabiya Adnan',	'Adnan Ahmed',	97,	NULL,	'Primary',	'III',	'A',	'2016-01-01',	'030000000',	'female',	'anabiya.0097@lgs.com',	9,	'$2y$12$gUVr4Yz26HBlmcpgAzMd2ePox3V1orN7MLYcbbsKFPEUm3cxSYVkW',	'',	'2024-09-25 06:38:17',	'2024-09-25 06:38:17'),
(413,	NULL,	'Muhammad Fazeel',	'Muhammad Shahid',	102,	NULL,	'Primary',	'III',	'A',	'2015-01-01',	'030000000',	'male',	'fazeel.0102@lhs.com',	9,	'$2y$12$peqppldu5JCSjp0t3g9lrOzj8WB7YfXm/xtIAIo7Z8pzAYNEDS0Li',	'',	'2024-09-25 06:49:51',	'2024-09-25 06:49:51'),
(414,	NULL,	'Ayesha Saleem',	'Muhammad Saleem',	99,	NULL,	'Primary',	'III',	'A',	'2015-01-01',	'030000000',	'female',	'ayesha.0099@lhs.com',	9,	'$2y$12$AdeIROLZWO6MXnrVRm9wB.JvzIZUto2akG.uSCIvnvmPX4nRaE9qa',	'',	'2024-09-25 06:50:48',	'2024-09-25 06:50:48'),
(415,	NULL,	'Muhammad Ayaan Aziz',	'Kashif Aziz',	98,	NULL,	'Primary',	'III',	'A',	'2015-01-01',	'030000000',	'male',	'ayaaz.0098@lhs.com',	9,	'$2y$12$kW/ZweMbg0F81F88X5uHpugnOoVOOBUCG8B5ScHzQJMBUtIMpTalC',	'',	'2024-09-25 06:53:24',	'2024-09-25 06:53:24'),
(416,	NULL,	'Abdul Moiz',	'Ejaz Khan',	95,	NULL,	'Primary',	'III',	'A',	'2015-01-01',	'030000000',	'male',	'moiz.0095@lhs.com',	9,	'$2y$12$CjVmtTXt2scViPcWO/RoIuLCYrMmGC7XIfj.0O.UAC4VQZ1zzg5b2',	'',	'2024-09-25 06:54:03',	'2024-09-25 06:54:03'),
(417,	NULL,	'Aahil Zeeshan',	'Zeeshan',	93,	NULL,	'Primary',	'III',	'A',	'2015-01-01',	'030000000',	'male',	'aahil.0093@lhs.com',	9,	'$2y$12$83Vu38cYgF6naxThY8feXuhZ.5BCDJ6bv/917BwiQVHFbCu4LISrW',	'',	'2024-09-25 06:54:49',	'2024-09-25 06:54:49'),
(418,	NULL,	'Muhammad Hamza',	'Majeed Alam',	105,	NULL,	'Primary',	'III',	'A',	'2015-01-01',	'030000000',	'male',	'hamza.0105@lhs.com',	9,	'$2y$12$yxsyqVPZ3UugguuM4ACdbOXHKKYJjxq3yZ0ICNu7bUr6.u/jDq7KS',	'',	'2024-09-25 06:55:37',	'2024-09-25 06:55:37'),
(419,	NULL,	'Zainab Shehzadi',	'Zulfiqar',	108,	NULL,	'Primary',	'III',	'A',	'2015-01-01',	'030000000',	'female',	'zainab.0108@lhs.com',	9,	'$2y$12$4HCTss5jzm31ADbTUE.CsedRsjE8rAFKmlexBBLk3xF1LvuTVd7NO',	'',	'2024-09-25 06:56:30',	'2024-09-25 06:56:30'),
(420,	NULL,	'Afrozay Fatima',	'Syed M. Babar Ali Shah',	121,	NULL,	'Primary',	'III',	'A',	'2015-01-01',	'030000000',	'female',	'afrozay.0121@lhs.com',	9,	'$2y$12$KDXmhnjypJo0JHKw1.cb0.h5rbzcYdbGkEH6TrjLPlHjjBDNF0/6K',	'',	'2024-09-25 06:58:03',	'2024-09-25 06:58:03'),
(421,	NULL,	'Ayan Faisal',	'Faisal Bin Nisar',	110,	NULL,	'Primary',	'III',	'A',	'2015-01-01',	'030000000',	'male',	'ayan.0110@lhs.com',	9,	'$2y$12$dlLbITAXGqdJI8BlGsiA2.EINEF9IzThAMJy4I2YGfH7AuuAF9aj2',	'',	'2024-09-25 07:03:47',	'2024-09-25 07:03:47'),
(422,	NULL,	'Abdul Rehman',	'Faisal Bin Nisar',	109,	NULL,	'Primary',	'III',	'A',	'2015-01-01',	'030000000',	'male',	'rehman.0109@lhs.com',	9,	'$2y$12$.nl.4muBkshEv/ZymRcGju.0pV1QC.a24qPd6Mr/iW6tTpl5rK5JW',	'',	'2024-09-25 07:04:38',	'2024-09-25 07:04:38'),
(423,	NULL,	'Abdul Nafay',	'Zeeshan Perveez',	112,	NULL,	'Primary',	'III',	'A',	'2015-01-01',	'030000000',	'male',	'nafay.0112@lhs.com',	9,	'$2y$12$EQb2F6P5Aeakavj0Xl0RUeFa4sV81RzQ4w80YQMem0PM6wSbfx4u.',	'',	'2024-09-25 07:05:22',	'2024-09-25 07:05:22'),
(424,	NULL,	'Maheen Zehra',	'Haider Ali',	103,	NULL,	'Primary',	'III',	'A',	'2015-01-01',	'030000000',	'female',	'zehra.0103@lhs.com',	9,	'$2y$12$bUnBz0ApUxr5Dpxca.FJPul9vCrMDxAdOWteoi07ck/.fLcF8g.M2',	'',	'2024-09-25 07:06:12',	'2024-09-25 07:06:12'),
(425,	NULL,	'Hiba Batool',	'Muhammad Irfan',	101,	NULL,	'Primary',	'III',	'A',	'2015-01-01',	'030000000',	'female',	'hiba.0101@lhs.com',	9,	'$2y$12$5VckUuHdydgU9KFdQwFjtu0h9usRTLm26/h/KAOCf6EOQKmPSpkrC',	'',	'2024-09-25 07:06:58',	'2024-09-25 07:06:58'),
(426,	NULL,	'Rafay Hussain',	'Rashid Hussain',	106,	NULL,	'Primary',	'III',	'A',	'2015-01-01',	'030000000',	'male',	'rafay.0106@lhs.com',	9,	'$2y$12$LQkwYBjRx0.riCj6lVKWZe5fmObA0hBTTNww08kGxzr2ij3qNora6',	'',	'2024-09-25 07:13:29',	'2024-09-25 07:13:29'),
(427,	NULL,	'Syeda Bilqees Fatima',	'Syed Muhammad Sareer',	107,	NULL,	'Primary',	'III',	'A',	'2015-01-01',	'030000000',	'female',	'bilqees.0107@lhs.com',	9,	'$2y$12$njDbc6XCKEFe21/rLPBJae.ttK3IeobJU8HGHGxAT4A7H8wu5vzzK',	'',	'2024-09-25 07:14:33',	'2024-09-25 07:14:33'),
(428,	NULL,	'Zehra Batool',	'Feroz Abbas',	111,	NULL,	'Primary',	'III',	'A',	'2015-01-01',	'030000000',	'female',	'zehra.0111@lhs.com',	9,	'$2y$12$OE9rtpBcIv2klpe.b383uOYaf0di/MdihtPkFqUNjeY6aGT5FdtLO',	'',	'2024-09-25 07:15:57',	'2024-09-25 07:15:57'),
(429,	NULL,	'Muhammad Abdul Latif',	'Kaleemullah Khan',	104,	NULL,	'Primary',	'III',	'A',	'2015-01-01',	'030000000',	'male',	'abdul.0104@lhs.com',	9,	'$2y$12$nj0CP/iQCQpN2ahoLYg1QOAlsl3NPRean1KYIV0UWY6FwCxDIW8Iu',	'',	'2024-09-25 07:22:52',	'2024-09-25 07:22:52'),
(430,	NULL,	'Izma Fatima',	'Syed M. Babar Ali Shah',	120,	NULL,	'Primary',	'IV',	'A',	'2014-01-01',	'030000000',	'female',	'izma.0120@lhs.com',	9,	'$2y$12$CmZFyLGkyvrD59MvZNkZF.85jOKgc9hEqAdAZqvk3J3YXDKtxmAfu',	'',	'2024-09-25 07:23:47',	'2024-09-25 07:23:47'),
(431,	NULL,	'Tayyaba Rind',	'Salman',	115,	NULL,	'Primary',	'IV',	'A',	'2014-01-01',	'030000000',	'female',	'tayyaba.0115@lhs.com',	9,	'$2y$12$molR8WL6HLLXdOHX4tCUl.3Vc6meKX/x8UgFElH19mf6RUvLhVAZS',	'',	'2024-09-25 07:24:47',	'2024-09-25 07:24:47'),
(432,	NULL,	'Nafeesa Irshad Ali',	'Irshad Ali',	113,	NULL,	'Primary',	'IV',	'A',	'2014-01-01',	'030000000',	'female',	'nafeesa.0113@lhs.com',	9,	'$2y$12$DSS.rXK4IgInk5TSW45XH.jbeR13.CJO/Iwz4mRNFhG4SO7ovvaWe',	'',	'2024-09-25 07:25:32',	'2024-09-25 07:25:32'),
(433,	NULL,	'Taha Farrukh',	'Muhammad Farrukh',	114,	NULL,	'Primary',	'IV',	'A',	'2014-01-01',	'030000000',	'male',	'taha.0114@lhs.com',	9,	'$2y$12$Wen/o1am60pE25gaKKPZJeE/0afnK.oZMvP1nqLfxUlUsG6kVPeu6',	'',	'2024-09-25 07:27:13',	'2024-09-25 07:27:13'),
(434,	NULL,	'Aiza Khan',	'Ejaz Khan',	117,	NULL,	'Primary',	'V',	'A',	'2014-01-01',	'030000000',	'female',	'aiza.0117@lhs.com',	9,	'$2y$12$L6MKZqP/Qt4jLOxdjJNL4eWecyvkgqIIXC7q/OA75xZI5TaApZQPC',	'',	'2024-09-25 07:29:32',	'2024-09-25 07:29:32'),
(435,	NULL,	'Jawwad Ali Mudabbir',	'Hamid Ali Mudabbir',	118,	NULL,	'Primary',	'V',	'A',	'2014-01-01',	'030000000',	'male',	'jawwad.0118@lhs.com',	9,	'$2y$12$LOLWiTLYntU6cI0UIWabIu6Y92rpN9uIGsYf8HTU5UDD0oHqkcUQ.',	'',	'2024-09-25 07:31:23',	'2024-09-25 07:31:23'),
(436,	NULL,	'Abdullah Aamir',	'Aamir Hussain',	116,	NULL,	'Primary',	'V',	'A',	'2014-01-01',	'030000000',	'male',	'abdullah.0116@lhs.com',	9,	'$2y$12$zgxDNuiwHvGg2HCg./.PWO9b41TpER4YGvaV0wo.25WN7wx4kq3MW',	'',	'2024-09-25 07:37:01',	'2024-09-25 07:37:01'),
(437,	NULL,	'Suleman Faraz',	'Faraz Abdul Razzak',	119,	NULL,	'Primary',	'V',	'A',	'2014-01-01',	'030000000',	'male',	'suleman.0119@lhs.com',	9,	'$2y$12$XwKJS4xNlwc3H/Ca83Ye5.2A7AOItHyi72GkYoTq5hd2Xztw38C6S',	'',	'2024-09-25 07:37:57',	'2024-09-25 07:37:57'),
(439,	NULL,	'Hafsa Saud',	'Muhammad Saud',	131,	NULL,	'A+',	'Montessori',	'A',	'2020-09-16',	'03152957299',	'female',	'hafsasaud.tss@gmail.com',	8,	'$2y$12$1uJb65BcfWNbqwaV9rAUHOAUT0gmjST3A.yjWxhSNrfgNC0jxpeF6',	'',	'2024-09-28 05:44:45',	'2024-09-28 05:44:45'),
(440,	NULL,	'Abiha Irfan',	'Irfan Khan',	132,	NULL,	'A+',	'Montessori',	'A',	'2020-08-13',	'03223352461',	'male',	'abiha.tss@gmail.com',	8,	'$2y$12$3DKgub0qe2VQt4SaRmWwSevTL/1hRzKiK.1mkyOXNWL1QzxwjYEVy',	'',	'2024-09-28 05:47:15',	'2024-09-28 05:47:15'),
(441,	NULL,	'Owais Alam',	'Babar Alam',	133,	NULL,	'A+',	'Montessori',	'A',	'2021-06-24',	'031111222223',	'male',	'owaisalam.tss@gmail.com',	8,	'$2y$12$TzehkT1hv.y3L0inJ8mEO.LrEESRHqwOkEOPjNe9LKsfq5aKw07Py',	'',	'2024-09-28 05:53:30',	'2024-09-28 05:53:30'),
(442,	NULL,	'Marwah',	'xyz',	134,	NULL,	'A+',	'Montessori',	'A',	'2021-01-06',	'0311111122222',	'male',	'marwah.tss@gmail.com',	8,	'$2y$12$tr7rEN1ajYXzQAz.MzrhVuXjVBJr3VnRSWH71NMSNxMGoODv08XUm',	'',	'2024-09-28 06:08:50',	'2024-09-28 06:08:50'),
(443,	NULL,	'Muhammad Bin Fazal',	'Fazal Hussain',	135,	NULL,	'A+',	'Montessori',	'A',	'2022-06-29',	'0311111122222',	'male',	'muhammadbinfazal.tss@gmail.com',	8,	'$2y$12$Ab9q1efmDogzIItnDAHLNuCFZX9y0cPAFQf.gbB7qSR1u4rd1Xxlu',	'',	'2024-09-28 06:14:59',	'2024-09-28 06:14:59'),
(444,	NULL,	'Muhammad Ali',	'Shafqat-ullah',	136,	NULL,	'A+',	'E.C.D One',	'A',	'2020-04-01',	'0311111122222',	'male',	'muhammadali.tss@gmail.com',	8,	'$2y$12$V1y9ZYzn5tL5sIjZDCNzgOaaycwR4PUgq/zghR5tVqN61Dmm5EFSe',	'',	'2024-09-28 06:23:29',	'2024-09-28 06:23:29'),
(445,	NULL,	'Musfirah',	'Danish A. Talib',	137,	NULL,	'A+',	'E.C.D Two',	'A',	'2018-08-09',	'03082808120',	'female',	'musfirah.tss@gmail.com',	8,	'$2y$12$1FY49sU.W6RTDNlcoKGbU.1ronXCWVT2kMMZsEsc..OiZo4qGywYG',	'',	'2024-09-28 06:37:08',	'2024-09-28 06:37:08'),
(446,	NULL,	'Muhammad Dawood',	'Muhammad Junaid',	139,	NULL,	'A+',	'E.C.D Two',	'A',	'2017-09-19',	'03342204385',	'male',	'muhammaddawood.tss@gmail.com',	8,	'$2y$12$VwmoUcruLnQFbTy9MjRvw.VKLHbUMvJDvVWcIw0QMNAQ/trp/JMii',	'',	'2024-09-28 06:40:05',	'2024-09-28 06:40:05'),
(447,	NULL,	'Hasnain',	'xyz',	140,	NULL,	'A+',	'E.C.D Two',	'A',	'2018-09-07',	'0311111122222',	'male',	'hasnain.tss@gmail.com',	8,	'$2y$12$qwhoSIVByZ2LldySiKvPee48LjUsnQaL1vPBQEWqP/oh0kjvOySiy',	'',	'2024-09-28 06:52:16',	'2024-09-28 06:52:16'),
(448,	NULL,	'Khair-ul-warah',	'xyz',	141,	NULL,	'A+',	'E.C.D Two',	'A',	'2018-01-17',	'0311111122222',	'female',	'khairulwarah.tss@gmail.com',	8,	'$2y$12$g6E6SF/Z9g4mu4juUOKQUeG2nyGKTj40G9IDKkOfU4lL4ddNbNXc.',	'',	'2024-09-28 06:54:10',	'2024-09-28 06:54:10'),
(449,	NULL,	'Sarim',	'xyz',	142,	NULL,	'A+',	'One',	'A',	'2018-07-26',	'0311111122222',	'male',	'sarim.tss@gmail.com',	8,	'$2y$12$ruAcxXMJ3GDKUNS8IH.x7OsrWbzeeLtj7/2qxTZrv/t7zZK2UzXsu',	'',	'2024-09-28 07:07:29',	'2024-09-28 07:07:29'),
(450,	NULL,	'Anumta',	'xyz',	143,	NULL,	'A+',	'One',	'A',	'2018-10-11',	'0311111122222',	'female',	'anumta.tss@gmail.com',	8,	'$2y$12$hzUd4KQIVrfW9zyJ8K28see4m7jJwaRPBKy22UfE7tRPfVugsNyf6',	'',	'2024-09-28 07:08:32',	'2024-09-28 07:08:32'),
(451,	NULL,	'Hussain',	'xyz',	144,	NULL,	'A+',	'One',	'A',	'2018-08-26',	'03242303558',	'male',	'hussain.tss@gmail.com',	8,	'$2y$12$afG2ssHUmnbNRjRyO50XDeens1Og8vMqObKk1C97e6p8byadyey1e',	'',	'2024-09-28 07:11:16',	'2024-09-28 07:11:16'),
(452,	NULL,	'Annas',	'Amir',	146,	NULL,	'A+',	'Two',	'A',	'2014-09-14',	'03462793718',	'male',	'annas.tss@gmail.com',	8,	'$2y$12$OB0MDfyh1jVNz0ryPV3wB.KU/u1e5.FN3a05H/gAFiypDdi6/ywYW',	'',	'2024-09-28 07:24:11',	'2024-09-28 07:24:11'),
(453,	NULL,	'Inam',	'xyz',	147,	NULL,	'A+',	'Two',	'A',	'2015-02-04',	'0311111122222',	'male',	'inam.tss@gmail.com',	8,	'$2y$12$r0//StdEjk2CvnaNqjT2Lej2cqjcN.4dyIi6daD.SWjDa4Eow.Q1S',	'',	'2024-09-28 07:26:31',	'2024-09-28 07:26:31'),
(454,	NULL,	'Inzeeman',	'xyz',	148,	NULL,	'A+',	'Two',	'A',	'2015-03-19',	'0311111122222',	'female',	'inzeeman.tss@gmail.com',	8,	'$2y$12$7rfmKMliPaTstd.VuRSKReGUzlFqvZwFknY93djD/6JKDP1r3MsLK',	'',	'2024-09-28 07:28:58',	'2024-09-28 07:28:58'),
(455,	NULL,	'Ali Akbar',	'xyz',	148,	NULL,	'A+',	'Two',	'A',	'2014-04-30',	'0311111122222',	'male',	'aliakbar.tss@gmail.com',	8,	'$2y$12$hTJfyGlWGBuYwjo/sQSnS.h/3I3Q9G.NnUDscNDWb68g3Wgpf9KZG',	'',	'2024-09-28 07:30:12',	'2024-09-28 07:30:12'),
(456,	NULL,	'Abdul Hadi Rizwan',	'Rizwan',	149,	NULL,	'A+',	'three',	'A',	'2014-10-10',	'0311111122222',	'male',	'hadirizwan.tss@gmail.com',	8,	'$2y$12$SSMvgqvtH.VB2dTBIwHLxO2ie/eHUbmnj14dv8Btd8TZsKBXbl5Ji',	'',	'2024-09-28 07:39:21',	'2024-09-28 07:38:43'),
(457,	NULL,	'Hasan',	'Qaiser Nawaz',	150,	NULL,	'A+',	'Three',	'A',	'2014-09-25',	'03357586055',	'male',	'hasan.tss@gmail.com',	8,	'$2y$12$rjNfE5PJe7TTzNjG68Z/0eB0DynI1uHGIvnPBXvatW0iqePvWS6ka',	'',	'2024-09-28 07:41:50',	'2024-09-28 07:41:50'),
(458,	NULL,	'Alishba',	'xyz',	151,	NULL,	'A+',	'Three',	'A',	'2014-06-13',	'0311111122222',	'female',	'alishba.tss@gmail.com',	8,	'$2y$12$kV2URIGO1/ugHRWG7M9IdOCj/UhOKXHrmirhpYh0RaAIqh7NgbUR2',	'',	'2024-09-28 07:44:40',	'2024-09-28 07:44:40'),
(459,	NULL,	'Raima',	'xyz',	152,	NULL,	'A+',	'Four',	'A',	'2014-01-31',	'0311111122222',	'female',	'raima.tss@gmail.com',	8,	'$2y$12$KRBSuPPtkfNxSjZz2IwPGeDfDmns6MdDFAfqrkYiAvYQ1NW8EpwCq',	'',	'2024-09-28 07:47:32',	'2024-09-28 07:47:32'),
(460,	NULL,	'Hasnain',	'xyz',	153,	NULL,	'A+',	'Five',	'A',	'2014-07-10',	'0311111122222',	'male',	'hasnain.tss@gmail.com',	8,	'$2y$12$NvRMpf9IffJCFtY7d4.aNe6O5HiV5qrLO.0DiEhTWJTK.rzUx9SQO',	'',	'2024-09-28 07:53:48',	'2024-09-28 07:53:48'),
(461,	NULL,	'Affan',	'xyz',	154,	NULL,	'A+',	'Five',	'A',	'2014-11-06',	'0311111122222',	'male',	'affan.tss@gmail.com',	8,	'$2y$12$B0S/Vq4aauwjWz0wc5pj.e2c0DjpIa/7EGImWzADd/mLov/oKsFvy',	'',	'2024-09-28 07:57:39',	'2024-09-28 07:57:39'),
(462,	NULL,	'Anthian',	'Amir',	155,	NULL,	'A+',	'Five',	'A',	'2010-01-02',	'03462793718',	'male',	'anthian.tss@gmail.com',	8,	'$2y$12$LjnGhrHsjLnOBAG6OQkY1eyBlSi1n4LKADhPD2V7j5JZFepJMZ2T.',	'',	'2024-09-28 08:00:09',	'2024-09-28 08:00:09'),
(463,	NULL,	'Haya Amir',	'Muhammad Amir',	156,	NULL,	'A+',	'Five',	'A',	'2013-06-02',	'03412956171',	'male',	'hayaamir.tss@gmail.com',	8,	'$2y$12$0kd8aDptLag5WULb8xDECefLdr3WiO6E5QWgPuTZ9TFPZyfF4ziJG',	'',	'2024-09-28 08:02:46',	'2024-09-28 08:02:46'),
(464,	NULL,	'Umaima',	'xyz',	157,	NULL,	'A+',	'Six',	'A',	'2011-07-06',	'0311111122222',	'female',	'umaima.tss@gmail.com',	8,	'$2y$12$O9fdza8cceimMtNQE0x78eQOtZ8xHvNa1q4TPUJjr3g99PevEIO4.',	'',	'2024-09-28 08:07:52',	'2024-09-28 08:07:52'),
(465,	NULL,	'Ali Amir',	'xyz',	158,	NULL,	'A+',	'Six',	'A',	'2011-01-12',	'0311111122222',	'male',	'aliamir.tss@gmail.com',	8,	'$2y$12$hZRyYbJwRtF51.yURtHPBe5XG.gSx0yp6Zxismq/tc/cgi.2PX69O',	'',	'2024-09-28 08:12:08',	'2024-09-28 08:12:08'),
(466,	NULL,	'Syed Owais Hassan',	'syed Naeem-ul-Hassan',	159,	NULL,	'A+',	'Seven',	'A',	'2010-11-26',	'03213875876',	'male',	'owais.tss@gmail.com',	8,	'$2y$12$8bn57UGItd8DHnGi8n9dbeERvYJf3QLG1H4tlLGKvl9WzJwH4oIDm',	'',	'2024-09-28 08:18:39',	'2024-09-28 08:18:39'),
(467,	NULL,	'Uzair',	'xyz',	159,	NULL,	'A+',	'Seven',	'A',	'2010-01-08',	'0311111122222',	'male',	'uzair.tss@gmail.com',	8,	'$2y$12$8BIC76YrGndk3eoNDUCyxehmvNjZEs2YfsBI4FkW9f8o3gX8z7R4K',	'',	'2024-09-28 08:44:33',	'2024-09-28 08:44:33'),
(468,	NULL,	'Ali Sadiq',	'Sadiq',	160,	NULL,	'A+',	'Seven',	'A',	'2009-06-10',	'0311111122222',	'male',	'alisadiq.tss@gmail.com',	8,	'$2y$12$5rIPGXxCZn2QorXKwfnGduOC/LhYGpdDlYKpasOe4M/JN2qvzLxGq',	'',	'2024-09-28 08:49:48',	'2024-09-28 08:47:48'),
(469,	NULL,	'Amna',	'yousuf khan',	161,	NULL,	'A+',	'Seven',	'A',	'2014-09-11',	'03002101017',	'male',	'amna.tss@gmail.com',	8,	'$2y$12$gQXxla20VAnjw8BxuRfnVe63U1gzF3ueyTjdBe59gDwlQRsLfb.Bi',	'',	'2024-09-28 08:52:42',	'2024-09-28 08:50:58'),
(470,	NULL,	'Hafiz Muhammad Arqam Hussain',	'Hafiz Muhammad Hussain',	162,	NULL,	'A+',	'Seven',	'A',	'2009-10-20',	'03333778832',	'male',	'arqam.tss@gmail.com',	8,	'$2y$12$imwTdbx/wA3erbXuaeto6OwnQq4Po/FCDNUfSrcSQauVmhYhtdpNC',	'',	'2024-09-28 08:55:23',	'2024-09-28 08:55:23'),
(471,	NULL,	'Urwah',	'xyz',	163,	NULL,	'A+',	'Seven',	'A',	'2008-02-11',	'0311111122222',	'female',	'urwah.tss@gmail.com',	8,	'$2y$12$KYfHy1RPwYjz0UAiBj8WN.v4hfODxR6pUhQiVjvjZP05oUgazn/zi',	'',	'2024-09-28 08:57:27',	'2024-09-28 08:57:27'),
(472,	NULL,	'Muzna',	'xyz',	164,	NULL,	'A+',	'Eight',	'A',	'2010-02-02',	'0311111122222',	'female',	'muzna.tss@gmail.com',	8,	'$2y$12$uUNQ7PimPAHuHOKh.eVTbuIbFn5HpbVtQ/W1axpjHylNAI9D1a9Am',	'',	'2024-09-28 09:00:30',	'2024-09-28 09:00:30'),
(473,	NULL,	'Muskan',	'xyz',	165,	NULL,	'A+',	'Eight',	'A',	'2009-10-14',	'0311111122222',	'female',	'muskan.tss@gmail.com',	8,	'$2y$12$0vZ/MhPNvG5hNoL9B/46z.CyOHGeUVQAifMMR62pzci7yJhVgKzh.',	'',	'2024-09-28 09:04:48',	'2024-09-28 09:04:48'),
(474,	NULL,	'Shahbaz',	'xyz',	166,	NULL,	'A+',	'Eight',	'A',	'2009-10-14',	'0311111122222',	'male',	'shahbaz.tss@gmail.com',	8,	'$2y$12$t/dU/gY.hMQ2roXP9UC2e.LiwrP7lSCJEJx54ND.v9/ofdbjQHs32',	'',	'2024-09-28 09:06:35',	'2024-09-28 09:06:35'),
(475,	NULL,	'Faris',	'xyz',	167,	NULL,	'A+',	'Eight',	'A',	'2009-10-14',	'0311111122222',	'male',	'faris.tss@gmail.com',	8,	'$2y$12$7ZXrcKYaLSf7/lP5Cbu04u6fOugj9Anw8uGSNpa3YzNvdN5WQxCG.',	'',	'2024-09-28 09:08:01',	'2024-09-28 09:08:01'),
(476,	NULL,	'Umaima',	'Farhan',	168,	NULL,	'A+',	'Nine',	'A',	'2011-03-10',	'0311111122222',	'female',	'umaima.tss@gmail.com',	8,	'$2y$12$dXqbdiQJYRb7x6yW0WavU.siNplEzX/YBrS98tN7AkuwscWGpRJNy',	'',	'2024-09-28 09:12:14',	'2024-09-28 09:12:14'),
(477,	NULL,	'Arbaz',	'xyz',	169,	NULL,	'A+',	'Nine',	'A',	'2007-07-10',	'0311111122222',	'male',	'arbaz.tss@gmail.com',	8,	'$2y$12$tEw1JZXU1lEYuvbUFDwDzunQMhGRUs/AwFkxIL5DNSWvn5IWuVaAa',	'',	'2024-09-28 09:15:09',	'2024-09-28 09:15:09'),
(478,	NULL,	'Shahmeer',	'xyz',	170,	NULL,	'A+',	'One',	'A',	'2018-09-13',	'0311111122222',	'male',	'shahmeer.tss@gmail.com',	8,	'$2y$12$pU4rUZDtBaTz6v6P/8PiAOAwjH58j0E7cV8VDp4CxmhBNMbIM5IKS',	'',	'2024-09-28 09:58:07',	'2024-09-28 09:58:07'),
(479,	'web_uploads/students/profile/66ffc6b0c514f-out.png.png',	'Haseeb',	'saleem',	1,	NULL,	'A+',	'one',	'A',	'2024-10-04',	'0311111122222',	'male',	'haseeb.tss@gmail.com',	10,	'$2y$12$iMFAGezUQolpaaP3W73pKuj7iszmxLctYdkZ9tBSVY.rmi9O.rE46',	'',	'2024-10-04 10:42:56',	'2024-10-04 10:18:28'),
(480,	'web_uploads/students/profile/66ffc6c09f7d0-out.png.png',	'ali',	'Irfan Khan',	2,	NULL,	'A+',	'one',	'A',	'2024-10-04',	'0311111122222',	'male',	'ali.tss@gmail.com',	10,	'$2y$12$8AZPOo6VWccKutlc34fZkuUoZBlzXzbQ8P9HdYAT0qkwsSYkdOn8.',	'',	'2024-10-04 10:43:12',	'2024-10-04 10:19:32'),
(481,	'web_uploads/students/profile/66ffc6d062caf-out.png.png',	'sameer',	'Amir',	3,	NULL,	'A+',	'one',	'A',	'2024-10-04',	'0311111122222',	'male',	'sameer.tss@gmail.com',	10,	'$2y$12$9geixeEuqY6pHuVOS0G9le5S.3IuzTO67fDvOM4H/tP9gwEvO1fki',	'',	'2024-10-04 10:43:28',	'2024-10-04 10:20:02'),
(482,	'web_uploads/students/profile/66ffc6dc434b5-out.png.png',	'hamza',	'Muhammad Saud',	4,	NULL,	'A+',	'one',	'A',	'2024-10-04',	'0311111122222',	'male',	'hasnain.tss@gmail.com',	10,	'$2y$12$yqAy/z.lutV9nlXtADrxvOhZ/ebW7k/JU5.j5QWAcv13dldz2if62',	'',	'2024-10-04 10:43:40',	'2024-10-04 10:20:44'),
(483,	'web_uploads/students/profile/66ffc6e5edcfc-out.png.png',	'moiz',	'Babar',	5,	NULL,	'A+',	'one',	'A',	'2024-10-04',	'031111222223',	'male',	'moiz.tss@gmail.com',	10,	'$2y$12$hTxj0SA5ZJg9XEIsu6G6SOOgI.2If9lonOcsDH8j/y.mC9DDvhDJa',	'',	'2024-10-04 10:43:49',	'2024-10-04 10:21:31'),
(484,	NULL,	'Umer',	'Shahid',	10,	NULL,	'Science',	'Two',	'A',	'2006-10-15',	'031000000',	'male',	'umer@gmail.com',	8,	'$2y$12$6IrK98qb7LrKGoES0DVfXulEuqzgoxcBdNtK26eAT8C7meYqXrNUK',	'',	'2024-10-04 10:21:42',	'2024-10-04 10:21:42'),
(485,	NULL,	'Labeeb',	'Shakoor',	11,	NULL,	'Science',	'Two',	'A',	'2004-10-31',	'0310000000',	'male',	'labeeb@gmail.com',	8,	'$2y$12$Y7p83DDYWb1x14jURFVrsuk3nQutkZjJZutWnXpJ9xGJNfavnNrEe',	'',	'2024-10-04 10:23:14',	'2024-10-04 10:23:14'),
(486,	NULL,	'Tabish',	'Saleem',	12,	NULL,	'Science',	'Two',	'A',	'2004-10-22',	'0310000000',	'male',	'tabish@gmail.com',	8,	'$2y$12$gsAGzZrPaHoE/N8jPHdfOueHA43qXPuAO4IHbpL8p9iFBVGrHHaru',	'',	'2024-10-04 10:24:13',	'2024-10-04 10:24:13'),
(487,	NULL,	'Hamza',	'Nafeez',	13,	NULL,	'Science',	'Two',	'A',	'2005-05-06',	'0310000000',	'male',	'hamza@gmail.com',	8,	'$2y$12$SGxkKuWHGiToRskkPZgnYuDK/blRZWSgJgL6frHwXcjZhtdycC6ze',	'',	'2024-10-04 10:24:52',	'2024-10-04 10:24:52'),
(488,	NULL,	'Anas',	'Ayaz',	14,	NULL,	'Science',	'Two',	'A',	'2006-08-06',	'031000000',	'male',	'anas@gmail.com',	8,	'$2y$12$Jt7epXDTbxNyGIosUWVUuO0vyoESLWqtpgFZXGfnzbP2FIZoZI8Hm',	'',	'2024-10-04 10:25:52',	'2024-10-04 10:25:52'),
(489,	NULL,	'Sameer',	'Akram',	15,	NULL,	'Science',	'Two',	'A',	'2006-09-07',	'0310000000',	'male',	'sameer@gmail.com',	8,	'$2y$12$I/gXtgU98CJR3m.mTc0nc.QVg9Mn8N1DJnQZL4AxnY0FgykvvtQvu',	'',	'2024-10-04 10:26:40',	'2024-10-04 10:26:40'),
(490,	'web_uploads/students/profile/66ffc4726eaf8-Student logo.jpg.jpg',	'abheesh KHurram',	'khurram',	980,	NULL,	'Primary',	'Four',	'A',	'2015-01-01',	'030000000',	'male',	'yellow@dps.com',	10,	'$2y$12$OxLJOHcsacJrmh0bELwSIeBXuas3YB72DVOc2NdAEgmisqNgXt7KC',	'',	'2024-10-04 10:33:22',	'2024-10-04 10:33:22'),
(491,	'web_uploads/students/profile/66ffc4a07b80e-Student logo.jpg.jpg',	'ayan ali',	'ali',	971,	NULL,	'Primary',	'Four',	'A',	'2015-01-01',	'030000000',	'male',	'ayaan@dps.com',	10,	'$2y$12$fxiQgCTBn6WvQA1CK..mreImUCV9inlSinxzE9XslqL9tOnglhzRC',	'',	'2024-10-04 10:34:08',	'2024-10-04 10:34:08'),
(492,	'web_uploads/students/profile/66ffc639345f5-out.png.png',	'Umer',	'Shahid',	1,	NULL,	'Science',	'Two',	'A',	'2005-05-06',	'031000000',	'male',	'umer@gmail.com',	10,	'$2y$12$v0VugnU8DpPB1bsbsaD13Ov/DJ6muqT75TyEr5dhWbE1AIcisg0a2',	'',	'2024-10-04 10:40:57',	'2024-10-04 10:34:15'),
(493,	'web_uploads/students/profile/66ffc4dc2949b-Student logo.jpg.jpg',	'affifa khan',	'ayan khan',	961,	NULL,	'Primary',	'Four',	'A',	'2015-01-01',	'030000000',	'female',	'affifa@dps.com',	10,	'$2y$12$noz9Ad2m/JmumQiXsUBmFesUT4bggK68JUY28AgVacBOSho9Lnhnu',	'',	'2024-10-04 10:35:08',	'2024-10-04 10:35:08'),
(494,	'web_uploads/students/profile/66ffc640c6f4f-out.png.png',	'Hamza',	'xyz',	2,	NULL,	'Science',	'Two',	'A',	'2006-05-04',	'031000000',	'male',	'hqamza@gmail.com',	10,	'$2y$12$dH6VMZvHvXCKSPWLYIW0wuwim/4O6GUQXGQJ8GBIMTOnsb3td00pe',	'',	'2024-10-04 10:41:04',	'2024-10-04 10:35:10'),
(495,	'web_uploads/students/profile/66ffc6486090d-out.png.png',	'Tabish',	'Saleem',	3,	NULL,	'Science',	'Two',	'A',	'2008-09-07',	'0310000000',	'male',	'tabish@gmail.com',	10,	'$2y$12$G2EQ4HmpPWQqWPZsu4WaJux/vTk0w6BBkVdejFQ64Bsrjw1iH5uRq',	'',	'2024-10-04 10:41:12',	'2024-10-04 10:35:44'),
(496,	'web_uploads/students/profile/66ffc50d9f25c-Student logo.jpg.jpg',	'Asfia Jameel',	'Jameel Khan',	951,	NULL,	'Primary',	'Four',	'A',	'2015-01-01',	'030000000',	'female',	'asfia@dps.com',	10,	'$2y$12$scDOjfvJzTyUbscY5iv4zuZb8PKwqyTTraDW6pF/seHOYvVOBqtZC',	'',	'2024-10-04 10:35:57',	'2024-10-04 10:35:57'),
(497,	'web_uploads/students/profile/66ffc65409e72-out.png.png',	'Rawaha',	'xyz',	4,	NULL,	'Science',	'Two',	'A',	'2004-06-04',	'031000000',	'male',	'rawaha@gmail.com',	10,	'$2y$12$N1cQoR7Zv1hKL.gGoajGgeq54doO5y0htYGsKhHzDF7slNbo6KrLy',	'',	'2024-10-04 10:41:24',	'2024-10-04 10:36:36'),
(498,	'web_uploads/students/profile/66ffc53a5c916-Student logo.jpg.jpg',	'Saqlain Mushtaq',	'Mushtaq Ali',	941,	NULL,	'Primary',	'Four',	'A',	'2015-01-01',	'030000000',	'male',	'saqlain@dps.com',	10,	'$2y$12$JxOZax879tR1onq3JNwXB.WMFkwB4EmUF0qiISoQpZgCyXmDgTBb6',	'',	'2024-10-04 10:36:42',	'2024-10-04 10:36:42'),
(499,	'web_uploads/students/profile/66ffc54cea1eb-4696723.png.png',	'Faizan',	'imran',	123,	NULL,	NULL,	'Four',	'A',	'2024-10-04',	'+923222085322',	'male',	'faizan.123@gmail.com',	10,	'$2y$12$e.h.NAGEvlqUb/g2TKSEYOqCmxliULBuRQROa1s4rBoDwqnJ/L0xK',	'',	'2024-10-04 10:37:00',	'2024-10-04 10:37:00'),
(500,	'web_uploads/students/profile/66ffc6961c366-out.png.png',	'Ayan',	'xyz',	5,	NULL,	's',	'Two',	'A',	'2004-08-07',	'031000000',	'male',	'ayan@gmail.com',	10,	'$2y$12$T/uf9exOTgLP4CvW3rtk.u6pnpqubm3vEdAGT2CIroFaqSdE6VxZO',	'',	'2024-10-04 10:42:30',	'2024-10-04 10:37:18'),
(501,	'web_uploads/students/profile/66ffc56aca398-out.png.png',	'Umaima',	'xyz',	6,	NULL,	'A+',	'one',	'A',	'2024-10-04',	'0311111122222',	'female',	'umaima.tss@gmail.com',	10,	'$2y$12$hg4OuVb9GXdVHyGqsW/3hOonMUWfDbs2hlw9yheJvDk6bxwxIZfBC',	'',	'2024-10-04 10:37:30',	'2024-10-04 10:37:30'),
(502,	'web_uploads/students/profile/66ffc58004eea-4696723.png.png',	'Aariz',	'Kamran',	145,	NULL,	NULL,	'Three',	'A',	'2024-10-04',	'+923222085322',	'male',	'aariz.124@gmail.com',	10,	'$2y$12$xMPLGF0unabaGpvDJNkFR.k1pX12yVnJ4F3yFdB7E4q6OPx5WZZYG',	'',	'2024-10-04 10:37:52',	'2024-10-04 10:37:52'),
(503,	'web_uploads/students/profile/66ffc69d97d6f-out.png.png',	'hasnain',	'xyz',	6,	NULL,	'Science',	'Two',	'A',	'2006-03-05',	'031000000',	'male',	'hasnain@gmail.com',	10,	'$2y$12$Hza1P3yHj8Lh9uiGcVgIv.WlhoGF1YWwAXOpRAT4qdVOB9JZGomYe',	'',	'2024-10-04 10:42:37',	'2024-10-04 10:37:58'),
(504,	'web_uploads/students/profile/66ffc6af0a38a-out.png.png',	'fayaz',	'xyz',	7,	NULL,	'Science',	'Two',	'A',	'2006-08-07',	'031000000',	'male',	'fayaz@gmail.com',	10,	'$2y$12$uzO2CMUdWWmKX8.a30tiRe/tTPO2zK1MwjRn8RSDGG4MZr3N3dE9W',	'',	'2024-10-04 10:42:55',	'2024-10-04 10:38:33'),
(505,	'web_uploads/students/profile/66ffc5ad69433-Student logo.jpg.jpg',	'Rubab Rizwan',	'Muhd Rizwan',	931,	NULL,	'Primary',	'Four',	'A',	'2015-01-01',	'030000000',	'female',	'rubab@dps.com',	10,	'$2y$12$lM.skhHqReSluTu2b8reiOKX9Ut4QOdtOqsl.g811o0kwL.QpRfnq',	'',	'2024-10-04 10:38:37',	'2024-10-04 10:38:37'),
(506,	'web_uploads/students/profile/66ffc5b4b3652-out.png.png',	'sajjad',	'Babar Alam',	7,	NULL,	'A+',	'one',	'A',	'2024-10-04',	'0311111122222',	'male',	'sajjad.tss@gmail.com',	10,	'$2y$12$eZE23xAxBxOI.iNu1wjhx.ZICHqXtLT.CvJTa689/36qwzSwqlJbK',	'',	'2024-10-04 10:38:44',	'2024-10-04 10:38:44'),
(507,	'web_uploads/students/profile/66ffc5bd19ad8-4696723.png.png',	'Dawood',	'Noor Muhammad',	145,	NULL,	NULL,	'Three',	'A',	'2024-10-04',	'+923222085322',	'male',	'dawood.125@gmail.com',	10,	'$2y$12$1Kq2OPK2wkAi5Zm4BTeMyOgBb8EENBYxA8df8b0Z5uksO7EFvK96W',	'',	'2024-10-04 10:38:53',	'2024-10-04 10:38:53'),
(508,	'web_uploads/students/profile/66ffc6b78c576-out.png.png',	'Ahmed',	'xyz',	8,	NULL,	'Science',	'Two',	'A',	'2005-05-07',	'0310000000',	'male',	'ahmed@gmail.com',	10,	'$2y$12$7gmOVCEWB8bdZHmjl/ypVOMlQEKgk5E9BV9hTLVlilBZB.mTRHr2m',	'',	'2024-10-04 10:43:03',	'2024-10-04 10:39:01'),
(509,	'web_uploads/students/profile/66ffc5f9656e5-4696723.png.png',	'Ghani',	'Raheem',	156,	NULL,	NULL,	'Three',	'A',	'2024-10-04',	'+923222085322',	'male',	'ghani.156@gmail.com',	10,	'$2y$12$RjNXw5UMIsnE7qToAh06VeAEibH0tSyu18j5zHAH3xhhz8.7otUOi',	'',	'2024-10-04 10:39:53',	'2024-10-04 10:39:53'),
(510,	'web_uploads/students/profile/66ffc5fa0043f-out.png.png',	'mahnoor',	'Muhammad Saud',	8,	NULL,	'A+',	'one',	'A',	'2024-10-04',	'0311111122222',	'male',	'hasnain.tss@gmail.com',	10,	'$2y$12$qIyA5PiHK0dhrRnBNHRmNexKriMKLe.mprKWxmgHeU8dGygTciRlm',	'',	'2024-10-04 10:39:54',	'2024-10-04 10:39:54'),
(511,	'web_uploads/students/profile/66ffc6c03137f-out.png.png',	'Nabeel',	'xyz',	9,	NULL,	'Science',	'Two',	'A',	'2006-08-07',	'031000000',	'male',	'nabeel@gmail.com',	10,	'$2y$12$eEt5r4tNcOEcluTv6rk.neocOekopNTRTKyNu2GXjQXSx8bwsiXOu',	'',	'2024-10-04 10:43:12',	'2024-10-04 10:40:03'),
(512,	'web_uploads/students/profile/66ffc6c82db65-out.png.png',	'Sameer',	'xyz',	10,	NULL,	'Science',	'Two',	'A',	'2007-02-05',	'0310000000',	'male',	'sameer@gmail.com',	10,	'$2y$12$bPy.pN0H5fSAOmYhwtUN2Ontvao5brJl5fIhd.J/3.QKjVeS.e5l.',	'',	'2024-10-04 10:43:20',	'2024-10-04 10:40:33'),
(513,	'web_uploads/students/profile/66ffc624399d6-4696723.png.png',	'Abdul Rafay',	'Salman',	12354,	NULL,	NULL,	'Three',	'A',	'2024-10-04',	'+923222085322',	'male',	'rafay.1256@gmail.com',	10,	'$2y$12$m27rpKczJckBiZhEb1mqre9/pq621hHyxzgTaJjKw4yo7BvnocQu6',	'',	'2024-10-04 10:40:36',	'2024-10-04 10:40:36'),
(514,	'web_uploads/students/profile/66ffc6346f43b-out.png.png',	'Ibrahim',	'Muhammad Junaid',	9,	NULL,	'A+',	'one',	'A',	'2024-10-04',	'031111222223',	'male',	'ibrahim.tss@gmail.com',	10,	'$2y$12$8qqXyIjIYpyF0D4Te2j1jOF5trZ0JwiK9zWuEwTAMluNOJ9PL2AHy',	'',	'2024-10-04 10:40:52',	'2024-10-04 10:40:52'),
(515,	'web_uploads/students/profile/66ffc64f2b601-4696723.png.png',	'Uznoor',	'Mansoor',	123456,	NULL,	NULL,	'Three',	'A',	'2024-10-04',	'+923222085322',	'female',	'uznoor.1234@gmail.com',	10,	'$2y$12$blzHAugLfG3aw10El6pJ4OYi.UTyptH2Qc4SGOBMxLvHaJoagNYte',	'',	'2024-10-04 10:41:19',	'2024-10-04 10:41:19'),
(516,	'web_uploads/students/profile/66ffc66880be0-out.png.png',	'Awais',	'Irfan',	10,	NULL,	'A+',	'one',	'A',	'2024-10-04',	'03462793718',	'male',	'awais.tss@gmail.com',	10,	'$2y$12$.8BY46HQYioKQQQr9IhF7OIAa5Q33nNoLO2FJCiq86UEnPMXZ.0.e',	'',	'2024-10-04 10:41:44',	'2024-10-04 10:41:44'),
(517,	'web_uploads/students/profile/66ffc68332d0f-4696723.png.png',	'Uroosh Taj',	'Faisal',	1234,	NULL,	NULL,	'Three',	'A',	'2024-10-04',	'+923222085322',	'female',	'uroosh.1234@gmail.com',	10,	'$2y$12$CXmYY5919NcYK4d6w.y8SOxGhUcj9kpPMrkte3cjXDXhfzEIg7klq',	'',	'2024-10-04 10:42:11',	'2024-10-04 10:42:11'),
(518,	'web_uploads/students/profile/66ffc6b11c94c-4696723.png.png',	'Fudail Taj',	'Faisal',	1234,	NULL,	NULL,	'Three',	'A',	'2024-10-04',	'+923222085322',	'male',	'fudail.1234@gmail.com',	10,	'$2y$12$.zjRtX8qvWVsdv0QhIPFbOqps2koRXCI2qbaiVTGf6La/NLCDcAsy',	'',	'2024-10-04 10:42:57',	'2024-10-04 10:42:57'),
(519,	'web_uploads/students/profile/66ffc72237dab-out.png.png',	'Qiran',	'xyz',	11,	NULL,	's',	'Two',	'A',	'2005-05-06',	'031000000',	'male',	'qiran@gmail.com',	10,	'$2y$12$7yVoHB2Lqm0AUGqu0qGSC.pV4RXSuVyoRNQSdfvzE9br2szLfAT/S',	'',	'2024-10-04 10:44:50',	'2024-10-04 10:44:00'),
(520,	'web_uploads/students/profile/66ffc7139622e-out.png.png',	'Nadeem',	'xyz',	12,	NULL,	's',	'Two',	'A',	'2006-05-23',	'031000000',	'male',	'nafdeem@gmail.com',	10,	'$2y$12$Yt6docP8QMPBuLYbcE4c4ueqJHcvMH/HWiOIAXYe0BeZNHy6MK8gG',	'',	'2024-10-04 10:44:35',	'2024-10-04 10:44:35'),
(521,	'web_uploads/students/profile/66ffc9450adaf-4696723.png.png',	'Asma',	'Anwar',	126,	NULL,	NULL,	'Three',	'A',	'2024-10-04',	'+923222085322',	'female',	'asma.124@gmail.com',	10,	'$2y$12$05bywQHrZZ/MvXCiZwrGs.pUKNyXo4t/AjCuSR0E3KtHSy4X8f2y2',	'',	'2024-10-04 10:53:57',	'2024-10-04 10:53:57'),
(522,	'web_uploads/students/profile/66ffca3f5e6fe-4696723.png.png',	'Tahir',	'Amjad',	7865,	NULL,	NULL,	'Three',	'A',	'2024-10-04',	'+923222085322',	'male',	'tahir.1256@gmail.com',	10,	'$2y$12$6st4vytW0Hppqz9ZDPvnNOSyASGTbU0V2r/OAB143RdhtmvAmIQja',	'',	'2024-10-04 10:58:07',	'2024-10-04 10:58:07'),
(523,	'web_uploads/students/profile/66ffcc6cc7bbc-4696723.png.png',	'Ziyan',	'Asad',	2345,	NULL,	NULL,	'Three',	'A',	'2024-10-04',	'+923222085322',	'male',	'ziyan.1234@gmail.com',	10,	'$2y$12$8GDWW4XTZIIPlwJRwDCjYuf8TwqfdaSnjt69hrAZLcqeqWrnmCp/a',	'',	'2024-10-04 11:07:24',	'2024-10-04 11:07:24');

DROP TABLE IF EXISTS `student_grade`;
CREATE TABLE `student_grade` (
  `id` bigint(20) NOT NULL AUTO_INCREMENT,
  `student_id` int(11) NOT NULL,
  `course_id` int(11) NOT NULL,
  `academic_id` int(11) NOT NULL,
  `term_id` int(11) NOT NULL,
  `total` int(11) NOT NULL,
  `updated_at` timestamp NOT NULL DEFAULT current_timestamp() ON UPDATE current_timestamp(),
  `created_at` timestamp NOT NULL DEFAULT current_timestamp(),
  `class_id` int(11) DEFAULT NULL,
  PRIMARY KEY (`id`)
) ENGINE=InnoDB DEFAULT CHARSET=utf8mb4 COLLATE=utf8mb4_general_ci;

INSERT INTO `student_grade` (`id`, `student_id`, `course_id`, `academic_id`, `term_id`, `total`, `updated_at`, `created_at`, `class_id`) VALUES
(1,	35,	15,	3,	2,	56,	'2024-09-06 09:08:38',	'2024-09-06 09:08:38',	NULL),
(2,	35,	15,	3,	3,	0,	'2024-09-06 09:08:38',	'2024-09-06 09:08:38',	NULL),
(3,	35,	15,	3,	4,	0,	'2024-09-06 09:08:38',	'2024-09-06 09:08:38',	NULL),
(4,	36,	15,	3,	2,	0,	'2024-09-06 09:08:38',	'2024-09-06 09:08:38',	NULL),
(5,	36,	15,	3,	3,	0,	'2024-09-06 09:08:38',	'2024-09-06 09:08:38',	NULL),
(6,	36,	15,	3,	4,	0,	'2024-09-06 09:08:38',	'2024-09-06 09:08:38',	NULL),
(7,	37,	15,	3,	2,	0,	'2024-09-06 09:08:38',	'2024-09-06 09:08:38',	NULL),
(8,	37,	15,	3,	3,	0,	'2024-09-06 09:08:38',	'2024-09-06 09:08:38',	NULL),
(9,	37,	15,	3,	4,	0,	'2024-09-06 09:08:38',	'2024-09-06 09:08:38',	NULL),
(10,	38,	15,	3,	2,	0,	'2024-09-06 09:08:38',	'2024-09-06 09:08:38',	NULL),
(11,	38,	15,	3,	3,	0,	'2024-09-06 09:08:38',	'2024-09-06 09:08:38',	NULL),
(12,	38,	15,	3,	4,	0,	'2024-09-06 09:08:38',	'2024-09-06 09:08:38',	NULL),
(13,	39,	15,	3,	2,	0,	'2024-09-06 09:08:38',	'2024-09-06 09:08:38',	NULL),
(14,	39,	15,	3,	3,	0,	'2024-09-06 09:08:38',	'2024-09-06 09:08:38',	NULL),
(15,	39,	15,	3,	4,	0,	'2024-09-06 09:08:38',	'2024-09-06 09:08:38',	NULL),
(16,	40,	15,	3,	2,	0,	'2024-09-06 09:08:38',	'2024-09-06 09:08:38',	NULL),
(17,	40,	15,	3,	3,	0,	'2024-09-06 09:08:38',	'2024-09-06 09:08:38',	NULL),
(18,	40,	15,	3,	4,	0,	'2024-09-06 09:08:38',	'2024-09-06 09:08:38',	NULL),
(19,	41,	15,	3,	2,	0,	'2024-09-06 09:08:38',	'2024-09-06 09:08:38',	NULL),
(20,	41,	15,	3,	3,	0,	'2024-09-06 09:08:38',	'2024-09-06 09:08:38',	NULL),
(21,	41,	15,	3,	4,	0,	'2024-09-06 09:08:38',	'2024-09-06 09:08:38',	NULL),
(22,	42,	15,	3,	2,	0,	'2024-09-06 09:08:38',	'2024-09-06 09:08:38',	NULL),
(23,	42,	15,	3,	3,	0,	'2024-09-06 09:08:38',	'2024-09-06 09:08:38',	NULL),
(24,	42,	15,	3,	4,	0,	'2024-09-06 09:08:38',	'2024-09-06 09:08:38',	NULL),
(25,	43,	15,	3,	2,	0,	'2024-09-06 09:08:38',	'2024-09-06 09:08:38',	NULL),
(26,	43,	15,	3,	3,	0,	'2024-09-06 09:08:38',	'2024-09-06 09:08:38',	NULL),
(27,	43,	15,	3,	4,	0,	'2024-09-06 09:08:38',	'2024-09-06 09:08:38',	NULL),
(28,	145,	15,	3,	2,	0,	'2024-09-06 09:08:38',	'2024-09-06 09:08:38',	NULL),
(29,	145,	15,	3,	3,	0,	'2024-09-06 09:08:38',	'2024-09-06 09:08:38',	NULL),
(30,	145,	15,	3,	4,	0,	'2024-09-06 09:08:38',	'2024-09-06 09:08:38',	NULL),
(31,	167,	31,	2,	7,	23,	'2024-10-23 10:45:37',	'2024-10-23 10:45:37',	35),
(32,	167,	31,	2,	8,	45,	'2024-10-23 10:45:37',	'2024-10-23 10:45:37',	35),
(33,	168,	31,	2,	7,	0,	'2024-10-23 10:45:37',	'2024-10-23 10:45:37',	35),
(34,	168,	31,	2,	8,	0,	'2024-10-23 10:45:37',	'2024-10-23 10:45:37',	35),
(35,	170,	31,	2,	7,	0,	'2024-10-23 10:45:37',	'2024-10-23 10:45:37',	35),
(36,	170,	31,	2,	8,	0,	'2024-10-23 10:45:37',	'2024-10-23 10:45:37',	35),
(37,	172,	31,	2,	7,	0,	'2024-10-23 10:45:37',	'2024-10-23 10:45:37',	35),
(38,	172,	31,	2,	8,	0,	'2024-10-23 10:45:37',	'2024-10-23 10:45:37',	35),
(39,	174,	31,	2,	7,	0,	'2024-10-23 10:45:37',	'2024-10-23 10:45:37',	35),
(40,	174,	31,	2,	8,	0,	'2024-10-23 10:45:37',	'2024-10-23 10:45:37',	35),
(41,	175,	31,	2,	7,	0,	'2024-10-23 10:45:37',	'2024-10-23 10:45:37',	35),
(42,	175,	31,	2,	8,	0,	'2024-10-23 10:45:37',	'2024-10-23 10:45:37',	35),
(43,	176,	31,	2,	7,	0,	'2024-10-23 10:45:37',	'2024-10-23 10:45:37',	35),
(44,	176,	31,	2,	8,	0,	'2024-10-23 10:45:37',	'2024-10-23 10:45:37',	35),
(45,	177,	31,	2,	7,	0,	'2024-10-23 10:45:37',	'2024-10-23 10:45:37',	35),
(46,	177,	31,	2,	8,	0,	'2024-10-23 10:45:37',	'2024-10-23 10:45:37',	35),
(47,	178,	31,	2,	7,	0,	'2024-10-23 10:45:37',	'2024-10-23 10:45:37',	35),
(48,	178,	31,	2,	8,	0,	'2024-10-23 10:45:37',	'2024-10-23 10:45:37',	35),
(49,	179,	31,	2,	7,	0,	'2024-10-23 10:45:37',	'2024-10-23 10:45:37',	35),
(50,	179,	31,	2,	8,	0,	'2024-10-23 10:45:37',	'2024-10-23 10:45:37',	35),
(51,	180,	31,	2,	7,	0,	'2024-10-23 10:45:37',	'2024-10-23 10:45:37',	35),
(52,	180,	31,	2,	8,	0,	'2024-10-23 10:45:37',	'2024-10-23 10:45:37',	35),
(53,	181,	31,	2,	7,	0,	'2024-10-23 10:45:37',	'2024-10-23 10:45:37',	35),
(54,	181,	31,	2,	8,	0,	'2024-10-23 10:45:37',	'2024-10-23 10:45:37',	35),
(55,	449,	31,	2,	7,	0,	'2024-10-23 10:45:37',	'2024-10-23 10:45:37',	35),
(56,	449,	31,	2,	8,	0,	'2024-10-23 10:45:37',	'2024-10-23 10:45:37',	35),
(57,	450,	31,	2,	7,	0,	'2024-10-23 10:45:37',	'2024-10-23 10:45:37',	35),
(58,	450,	31,	2,	8,	0,	'2024-10-23 10:45:37',	'2024-10-23 10:45:37',	35),
(59,	451,	31,	2,	7,	0,	'2024-10-23 10:45:37',	'2024-10-23 10:45:37',	35),
(60,	451,	31,	2,	8,	0,	'2024-10-23 10:45:37',	'2024-10-23 10:45:37',	35),
(61,	478,	31,	2,	7,	0,	'2024-10-23 10:45:37',	'2024-10-23 10:45:37',	35),
(62,	478,	31,	2,	8,	0,	'2024-10-23 10:45:37',	'2024-10-23 10:45:37',	35);

DROP TABLE IF EXISTS `tasks`;
CREATE TABLE `tasks` (
  `id` bigint(20) NOT NULL AUTO_INCREMENT,
  `activity_id` bigint(20) NOT NULL,
  `std_id` bigint(20) NOT NULL,
  `points_obtained` int(11) NOT NULL,
  `points_total` int(11) NOT NULL,
  `added_on` timestamp NOT NULL DEFAULT current_timestamp(),
  `updated_at` timestamp NOT NULL DEFAULT current_timestamp() ON UPDATE current_timestamp(),
  `created_at` timestamp NOT NULL DEFAULT current_timestamp(),
  PRIMARY KEY (`id`),
  KEY `tasks_activity_id_activity_id` (`activity_id`),
  KEY `tasks_std_id_students_id` (`std_id`)
) ENGINE=InnoDB DEFAULT CHARSET=latin1 COLLATE=latin1_swedish_ci;

INSERT INTO `tasks` (`id`, `activity_id`, `std_id`, `points_obtained`, `points_total`, `added_on`, `updated_at`, `created_at`) VALUES
(34,	72,	39,	2,	2,	'2024-04-01 12:35:24',	'2024-04-01 16:35:24',	'2024-04-01 16:35:24'),
(35,	71,	39,	2,	2,	'2024-04-01 13:16:01',	'2024-04-01 17:16:01',	'2024-04-01 17:16:01'),
(36,	67,	39,	4,	6,	'2024-04-03 03:58:09',	'2024-04-03 07:58:09',	'2024-04-03 07:58:09'),
(37,	68,	39,	1,	1,	'2024-04-05 10:44:53',	'2024-04-05 14:44:53',	'2024-04-05 14:44:53'),
(38,	73,	39,	2,	4,	'2024-04-24 11:38:58',	'2024-04-24 15:38:58',	'2024-04-24 15:38:58'),
(39,	77,	39,	3,	3,	'2024-04-25 07:47:01',	'2024-04-25 11:47:01',	'2024-04-25 11:47:01'),
(40,	78,	39,	1,	1,	'2024-05-02 05:09:42',	'2024-05-02 09:09:42',	'2024-05-02 09:09:42'),
(41,	77,	145,	3,	3,	'2024-05-03 13:12:22',	'2024-05-03 17:12:22',	'2024-05-03 17:12:22');

DROP TABLE IF EXISTS `tboards`;
CREATE TABLE `tboards` (
  `id` int(11) NOT NULL AUTO_INCREMENT,
  `board_name` varchar(255) NOT NULL,
  `updated_at` timestamp NOT NULL DEFAULT current_timestamp() ON UPDATE current_timestamp(),
  `created_at` timestamp NOT NULL DEFAULT current_timestamp(),
  PRIMARY KEY (`id`)
) ENGINE=MyISAM DEFAULT CHARSET=latin1 COLLATE=latin1_swedish_ci;

INSERT INTO `tboards` (`id`, `board_name`, `updated_at`, `created_at`) VALUES
(1,	'Punjab Board',	'2024-09-25 08:13:16',	'2024-01-30 17:15:10'),
(2,	'Federal Board',	'2024-01-30 17:15:15',	'2024-01-30 17:15:15'),
(3,	'Sindh Board',	'2024-09-25 08:13:08',	'2024-01-30 17:15:20'),
(4,	'Aga Khan Board',	'2024-01-30 17:15:24',	'2024-01-30 17:15:24');

DROP TABLE IF EXISTS `tchapters`;
CREATE TABLE `tchapters` (
  `id` int(11) NOT NULL AUTO_INCREMENT,
  `chapter_title` varchar(255) NOT NULL,
  `tcourse_id` int(11) DEFAULT NULL,
  `tclass_id` int(11) DEFAULT NULL,
  `updated_at` timestamp NOT NULL DEFAULT current_timestamp() ON UPDATE current_timestamp(),
  `created_at` timestamp NOT NULL DEFAULT current_timestamp(),
  PRIMARY KEY (`id`),
  KEY `tclass_id_classid` (`tclass_id`),
  KEY `tcourse_id_tcourseid` (`tcourse_id`)
) ENGINE=MyISAM DEFAULT CHARSET=latin1 COLLATE=latin1_swedish_ci;

INSERT INTO `tchapters` (`id`, `chapter_title`, `tcourse_id`, `tclass_id`, `updated_at`, `created_at`) VALUES
(19,	'congruent triangle',	3,	1,	'2024-03-25 10:00:09',	'2024-03-25 10:00:09'),
(17,	'Introduction to coordinate geometry',	3,	1,	'2024-03-25 09:58:55',	'2024-03-25 09:58:55'),
(18,	'Introduction to Biology',	1,	1,	'2024-03-25 09:59:41',	'2024-03-25 09:59:41'),
(6,	'Sound',	2,	2,	'2024-03-21 11:45:30',	'2024-03-21 11:45:30'),
(7,	'Physical Quantities and Measurement',	2,	1,	'2024-03-21 12:10:56',	'2024-03-21 12:10:56'),
(8,	'Physical Quantities and Measurement',	2,	1,	'2024-03-21 12:10:57',	'2024-03-21 12:10:57'),
(9,	'matrices',	3,	1,	'2024-03-25 09:36:27',	'2024-03-25 09:36:27'),
(10,	'Real and Complex Numbers',	3,	1,	'2024-03-25 09:53:43',	'2024-03-25 09:53:43'),
(11,	'Logarithm',	3,	1,	'2024-03-25 09:54:53',	'2024-03-25 09:54:53'),
(12,	'Algebraic Expression and Formula',	3,	1,	'2024-03-25 09:55:36',	'2024-03-25 09:55:36'),
(13,	'Factorization',	3,	1,	'2024-03-25 09:56:04',	'2024-03-25 09:56:04'),
(14,	'Algebraic Manipulation',	3,	1,	'2024-03-25 09:56:54',	'2024-03-25 09:56:54'),
(15,	'Linear Equations and Inequalities',	3,	1,	'2024-03-25 09:57:38',	'2024-03-25 09:57:38'),
(16,	'linear Graph',	3,	1,	'2024-03-25 09:58:16',	'2024-03-25 09:58:16'),
(20,	'Solving a biological Problem',	1,	1,	'2024-03-25 10:00:10',	'2024-03-25 10:00:10'),
(21,	'Fundamentals of Chemistry',	4,	1,	'2024-03-25 10:00:25',	'2024-03-25 10:00:25'),
(22,	'Biodiversity',	1,	1,	'2024-03-25 10:00:35',	'2024-03-25 10:00:35'),
(23,	'parallelogram',	3,	1,	'2024-03-25 10:00:46',	'2024-03-25 10:00:46'),
(24,	'Cells and Tissue',	1,	1,	'2024-03-25 10:00:53',	'2024-03-25 10:00:53'),
(25,	'Cell Cycle',	1,	1,	'2024-03-25 10:01:21',	'2024-03-25 10:01:21'),
(26,	'Enzymes',	1,	1,	'2024-03-25 10:01:38',	'2024-03-25 10:01:38'),
(27,	'Lines Bisectors and angle Bisectors',	3,	1,	'2024-03-25 10:01:51',	'2024-03-25 10:01:51'),
(28,	'Bioenergetics',	1,	1,	'2024-03-25 10:02:12',	'2024-03-25 10:02:12'),
(29,	'Sides and Angles of a triangle',	3,	1,	'2024-03-25 10:02:28',	'2024-03-25 10:02:28'),
(30,	'Nutrition',	1,	1,	'2024-03-25 10:02:40',	'2024-03-25 10:02:40'),
(31,	'Transport',	1,	1,	'2024-03-25 10:03:01',	'2024-03-25 10:03:01'),
(32,	'Ratio and proportion',	3,	1,	'2024-03-25 10:03:07',	'2024-03-25 10:03:07'),
(33,	'Pythagoras Theorem',	3,	1,	'2024-03-25 10:03:48',	'2024-03-25 10:03:48'),
(34,	'Theorem Related with Area',	3,	1,	'2024-03-25 10:04:52',	'2024-03-25 10:04:52'),
(35,	'Practical Geometry',	3,	1,	'2024-03-25 10:05:43',	'2024-03-25 10:05:43'),
(36,	'Structure of atoms',	4,	1,	'2024-04-08 10:17:31',	'2024-04-08 10:17:31'),
(37,	'Periodic table and periodicity of properties',	4,	1,	'2024-04-08 10:18:18',	'2024-04-08 10:18:18'),
(38,	'Structure of molecules',	4,	1,	'2024-04-08 10:18:53',	'2024-04-08 10:18:53'),
(39,	'Physical States of matter',	4,	1,	'2024-04-08 10:20:40',	'2024-04-08 10:20:40'),
(40,	'Turning Effect of Forces',	2,	1,	'2024-04-08 11:03:48',	'2024-04-08 11:03:48'),
(41,	'Gravitation',	2,	1,	'2024-04-08 11:05:50',	'2024-04-08 11:05:50'),
(42,	'Work and Energy',	2,	1,	'2024-04-08 11:06:20',	'2024-04-08 11:06:20'),
(43,	'Properties of Matter',	2,	1,	'2024-04-08 11:07:16',	'2024-04-08 11:07:16'),
(44,	'Thermal Properties of Matter',	2,	1,	'2024-04-08 11:08:55',	'2024-04-08 11:08:55'),
(45,	'Transfer of Heat',	2,	1,	'2024-04-08 11:10:14',	'2024-04-08 11:10:14'),
(46,	'Kinematics',	2,	1,	'2024-04-09 14:51:31',	'2024-04-09 14:51:31'),
(47,	'Simple Harmonic Motion and Waves',	2,	2,	'2024-05-28 08:34:44',	'2024-05-28 08:34:44'),
(48,	'ABCCC',	2,	2,	'2024-05-28 08:40:34',	'2024-05-28 08:40:34'),
(49,	'Geometrical Optics',	2,	2,	'2024-05-28 10:51:12',	'2024-05-28 10:51:12'),
(50,	'Quadratic Equation',	3,	2,	'2024-05-29 10:23:57',	'2024-05-29 10:23:57'),
(51,	'Theory of Quadratic Equation',	3,	2,	'2024-05-29 10:24:49',	'2024-05-29 10:24:49'),
(52,	'Variation',	3,	2,	'2024-05-29 10:25:05',	'2024-05-29 10:25:05'),
(53,	'Partial Fraction',	3,	2,	'2024-05-29 10:25:23',	'2024-05-29 10:25:23'),
(54,	'Sets And Functions',	3,	2,	'2024-05-29 10:25:47',	'2024-05-29 10:25:47'),
(55,	'Basics Statistics',	3,	2,	'2024-05-29 10:26:15',	'2024-05-29 10:26:15'),
(56,	'Introduction to Trigonometry',	3,	2,	'2024-05-29 10:26:46',	'2024-05-29 10:26:46'),
(57,	'Projection of a side of a Triangle',	3,	2,	'2024-05-29 10:27:19',	'2024-05-29 10:27:19'),
(58,	'Chords of a Circle',	3,	2,	'2024-05-29 10:27:39',	'2024-05-29 10:27:39'),
(59,	'Tangents to a Circle',	3,	2,	'2024-05-29 10:28:09',	'2024-05-29 10:28:09'),
(60,	'Chords and Arcs',	3,	2,	'2024-05-29 10:28:40',	'2024-05-29 10:28:40'),
(61,	'Angle in a line segment of a circle',	3,	2,	'2024-05-29 10:29:20',	'2024-05-29 10:29:20'),
(62,	'Practical Geometry - Circle',	3,	2,	'2024-05-29 10:29:51',	'2024-05-29 10:29:51'),
(63,	'Function and Limits',	3,	4,	'2024-05-30 10:16:36',	'2024-05-30 10:16:36'),
(64,	'Differentiation',	3,	4,	'2024-05-30 10:17:03',	'2024-05-30 10:17:03'),
(65,	'Integration',	3,	4,	'2024-05-30 10:17:23',	'2024-05-30 10:17:23'),
(66,	'Introduction to Analytic Geometry',	3,	4,	'2024-05-30 10:17:54',	'2024-05-30 10:17:54'),
(67,	'Linear inequalities and Linear programming',	3,	4,	'2024-05-30 10:18:30',	'2024-05-30 10:18:30'),
(68,	'Conic Section',	3,	4,	'2024-05-30 10:18:48',	'2024-05-30 10:18:48'),
(69,	'Vectors',	3,	4,	'2024-05-30 10:19:03',	'2024-05-30 10:19:03'),
(70,	'Number Systems',	3,	3,	'2024-05-30 10:20:26',	'2024-05-30 10:20:26'),
(71,	'Sets, Function and Groups',	3,	3,	'2024-05-30 10:20:56',	'2024-05-30 10:20:56'),
(72,	'Matrices and Determinants',	3,	3,	'2024-05-30 10:21:21',	'2024-05-30 10:21:21'),
(73,	'Quadratic Equation',	3,	3,	'2024-05-30 10:21:39',	'2024-05-30 10:21:39'),
(74,	'Partial Fraction',	3,	3,	'2024-05-30 10:22:12',	'2024-05-30 10:22:12'),
(75,	'Sequences and Series',	3,	3,	'2024-05-30 10:22:37',	'2024-05-30 10:22:37'),
(76,	'Permutation, Combination and Probability',	3,	3,	'2024-05-30 10:23:24',	'2024-05-30 10:23:24'),
(77,	'Mathematical Induction and Binomial Theorem',	3,	3,	'2024-05-30 10:24:00',	'2024-05-30 10:24:00'),
(78,	'Fundamentals of trigonometry',	3,	3,	'2024-05-30 10:24:30',	'2024-05-30 10:24:30'),
(79,	'Trigonometry identities sum and difference of ang',	3,	3,	'2024-05-30 10:25:09',	'2024-05-30 10:25:09'),
(80,	'trigonometry Function and their Graph',	3,	3,	'2024-05-30 10:25:55',	'2024-05-30 10:25:55'),
(81,	'Application of Trigonometry',	3,	3,	'2024-05-30 10:26:22',	'2024-05-30 10:26:22'),
(82,	'Inverse Trigonometry Functions',	3,	3,	'2024-05-30 10:26:50',	'2024-05-30 10:26:50'),
(83,	'Solution of trigonometric Equations',	3,	3,	'2024-05-30 10:27:19',	'2024-05-30 10:27:19'),
(84,	'Electrostatics',	2,	2,	'2024-05-31 10:18:36',	'2024-05-31 10:18:36'),
(85,	'Current Electricity',	2,	2,	'2024-05-31 10:20:21',	'2024-05-31 10:20:21'),
(86,	'Electromagnetism',	2,	2,	'2024-05-31 10:23:41',	'2024-05-31 10:23:41'),
(87,	'Dynamics',	2,	1,	'2024-09-23 14:07:19',	'2024-09-23 14:07:19'),
(88,	'Gasous Exchange',	1,	2,	'2024-09-24 05:40:49',	'2024-09-24 05:40:49'),
(89,	'Homeostasis',	1,	2,	'2024-09-24 07:15:09',	'2024-09-24 07:15:09'),
(90,	'Coordination & Control',	1,	2,	'2024-09-24 07:39:51',	'2024-09-24 07:39:51'),
(91,	'Support & Movement',	1,	2,	'2024-09-24 09:29:14',	'2024-09-24 09:29:14'),
(92,	'Reproduction',	1,	2,	'2024-09-24 10:43:50',	'2024-09-24 10:43:50'),
(93,	'Inheritance',	1,	2,	'2024-09-25 08:53:57',	'2024-09-25 08:53:57'),
(94,	'Man & His Environment',	1,	2,	'2024-09-25 09:57:24',	'2024-09-25 09:57:24'),
(95,	'Biotechnology',	1,	2,	'2024-09-27 13:17:34',	'2024-09-27 13:17:34'),
(96,	'Pharmacology',	1,	2,	'2024-09-27 13:57:46',	'2024-09-27 13:57:46'),
(97,	'Acid, Base & Salt',	4,	2,	'2024-09-27 14:02:54',	'2024-09-27 14:02:54'),
(98,	'Chemical Equilibrium',	4,	2,	'2024-09-27 14:03:46',	'2024-09-27 14:03:46'),
(99,	'Organic Chemistry',	4,	2,	'2024-09-28 12:05:54',	'2024-09-28 12:05:54'),
(100,	'Hydrocarbons',	4,	2,	'2024-09-28 12:10:11',	'2024-09-28 12:10:11'),
(101,	'Biochemistry',	4,	2,	'2024-09-28 12:11:56',	'2024-09-28 12:11:56'),
(102,	'Environmental Chemistry - Atmosphere',	4,	2,	'2024-09-28 12:19:58',	'2024-09-28 12:19:58'),
(103,	'Environmental Chemistry - Water',	4,	2,	'2024-09-28 12:36:09',	'2024-09-28 12:36:09'),
(104,	'Chemical Industries',	4,	2,	'2024-09-28 12:43:47',	'2024-09-28 12:43:47'),
(105,	'Basic Electron',	2,	2,	'2024-09-30 14:15:16',	'2024-09-30 14:15:16'),
(106,	'Information and Communication Technology',	2,	2,	'2024-09-30 14:17:55',	'2024-09-30 14:17:55'),
(107,	'Atom and Atomic Nucleus',	2,	2,	'2024-09-30 14:18:35',	'2024-09-30 14:18:35'),
(108,	'Ghj',	1,	4,	'2024-10-23 17:51:56',	'2024-10-23 17:51:56'),
(109,	'Nature of Science in Chemistry',	4,	1,	'2024-11-02 06:06:19',	'2024-11-02 06:06:19'),
(110,	'Matter',	4,	1,	'2024-11-02 07:29:58',	'2024-11-02 07:29:58'),
(111,	'The Science of Biology',	1,	1,	'2024-11-02 07:46:36',	'2024-11-02 07:46:36');

DROP TABLE IF EXISTS `tclasses`;
CREATE TABLE `tclasses` (
  `id` int(11) NOT NULL AUTO_INCREMENT,
  `class_name` varchar(255) NOT NULL,
  `updated_at` timestamp NOT NULL DEFAULT current_timestamp() ON UPDATE current_timestamp(),
  `created_at` timestamp NOT NULL DEFAULT current_timestamp(),
  `thumbnail` varchar(500) DEFAULT NULL,
  PRIMARY KEY (`id`),
  UNIQUE KEY `class_name` (`class_name`)
) ENGINE=MyISAM DEFAULT CHARSET=latin1 COLLATE=latin1_swedish_ci;

INSERT INTO `tclasses` (`id`, `class_name`, `updated_at`, `created_at`, `thumbnail`) VALUES
(1,	'IX',	'2024-05-28 13:17:32',	'2024-01-30 17:13:35',	'6655a12ce8f33.jpg'),
(2,	'X',	'2024-05-28 13:17:49',	'2024-01-30 17:14:07',	'6655a13d40bdc.jpg'),
(3,	'XI',	'2024-05-28 13:17:59',	'2024-01-30 17:14:54',	'6655a147d0baf.jpg'),
(4,	'XII',	'2024-05-28 13:18:14',	'2024-01-30 17:15:00',	'6655a1567e984.jpg'),
(7,	'1',	'2024-10-16 11:45:53',	'2024-10-16 11:45:53',	''),
(8,	'II',	'2024-10-16 11:47:19',	'2024-10-16 11:47:19',	'670fa7c7f0520.png');

DROP TABLE IF EXISTS `tcontent`;
CREATE TABLE `tcontent` (
  `id` int(11) NOT NULL AUTO_INCREMENT,
  `content_type` varchar(255) DEFAULT NULL,
  `content_link` varchar(500) DEFAULT NULL,
  `tcourse_id` int(11) DEFAULT NULL,
  `tclass_id` int(11) DEFAULT NULL,
  `tboard_id` int(11) DEFAULT NULL,
  `tchapter_id` int(11) DEFAULT NULL,
  `updated_at` timestamp NOT NULL DEFAULT current_timestamp() ON UPDATE current_timestamp(),
  `created_at` timestamp NOT NULL DEFAULT current_timestamp(),
  `tslo_id` int(11) DEFAULT NULL,
  `thumbnail` varchar(255) DEFAULT NULL,
  `content_title` varchar(300) DEFAULT NULL,
  PRIMARY KEY (`id`),
  KEY `tcontent_tclass_id_classid` (`tclass_id`),
  KEY `tcontent_tcourse_id_tcourseid` (`tcourse_id`),
  KEY `tcontent_tboard_id_boardid` (`tboard_id`),
  KEY `tcontent_chapter_id_chapterid` (`tchapter_id`),
  KEY `tslo_id` (`tslo_id`)
) ENGINE=MyISAM DEFAULT CHARSET=latin1 COLLATE=latin1_swedish_ci;

INSERT INTO `tcontent` (`id`, `content_type`, `content_link`, `tcourse_id`, `tclass_id`, `tboard_id`, `tchapter_id`, `updated_at`, `created_at`, `tslo_id`, `thumbnail`, `content_title`) VALUES
(17,	'Pdf',	'web_uploads/65d974faad797-IX-Biology Ch 01 Introduction to Biology.pdf.pdf',	1,	1,	1,	1,	'2024-03-21 16:27:22',	'2024-02-24 09:47:54',	1,	'web_uploads/thumbnail/65d974faae0f5-science.jpg.jpg',	'WorkSheet'),
(18,	'Flash',	'web_uploads/65d9828d228d7-flyguy.swf.swf',	1,	1,	1,	1,	'2024-02-24 10:45:49',	'2024-02-24 10:45:49',	1,	'web_uploads/thumbnail/65d9828d23268-physics.gif.gif',	NULL),
(19,	'Pdf',	'web_uploads/65e05eacf3e19-IX-Biology Ch 01 Introduction to Biology.pdf.pdf',	1,	1,	1,	1,	'2024-03-21 16:25:17',	'2024-02-29 15:38:37',	0,	'web_uploads/thumbnail/65e05ead006b7-d4a78dbe-7097-4f2a-9c73-c398ef8e51f4.jpg.jpg',	'MCQs'),
(20,	'Pdf',	'web_uploads/65f91e23dfe5a-Invitation letter.pdf.pdf',	1,	1,	1,	1,	'2024-03-19 09:09:55',	'2024-03-19 09:09:55',	1,	'web_uploads/thumbnail/65f91e23e03ee-dashboard.png.png',	NULL),
(22,	'Pdf',	'web_uploads/65f9277b69b13-IX-Biology Ch 01 Introduction to Biology.pdf.pdf',	1,	1,	2,	1,	'2024-03-19 09:49:47',	'2024-03-19 09:49:47',	1,	'web_uploads/thumbnail/65f9277b6a659-download (36).jpg.jpg',	NULL),
(23,	'Pdf',	'web_uploads/65f9281ac394b-modi Work Sheet 2(MCQS) without answers Bio  09 Chapter 1 introduction to biology.pdf.pdf',	1,	1,	2,	1,	'2024-03-19 09:52:26',	'2024-03-19 09:52:26',	2,	'web_uploads/thumbnail/65f9281ac4442-mcq\'s.png.png',	NULL),
(25,	'Pdf',	'web_uploads/65f929e82f39e-Work Sheet 1(Excercise)  without answer Bio  09 Chapter 1 introduction to biology.pdf.pdf',	1,	1,	2,	1,	'2024-03-19 10:00:08',	'2024-03-19 10:00:08',	3,	'web_uploads/thumbnail/65f929e82fbae-download (17).jpg.jpg',	NULL),
(26,	'Pdf',	'web_uploads/65f92aefb3e13-Work Sheet 2(MCQS) without answers Bio  09 Chapter 1 introduction to biology.pdf.pdf',	1,	1,	2,	1,	'2024-03-19 10:04:31',	'2024-03-19 10:04:31',	4,	'web_uploads/thumbnail/65f92aefb49fb-5726532.png.png',	NULL),
(39,	'Pdf',	'web_uploads/6601148ad6072-Chem IX ch 01 Fundamentals of Chemistry ppt.pdf.pdf',	4,	1,	2,	21,	'2024-03-25 10:07:06',	'2024-03-25 10:07:06',	NULL,	'web_uploads/thumbnail/6601148ad71c5-fundamentals of chemistry.jpeg.jpeg',	'Fundamentals of Chemistry'),
(28,	'Pdf',	'web_uploads/65f92c8475c79-Worksheet(MCQS) Unsolved IX-Biology Ch#02 Solving A Biological Problem.pdf.pdf',	1,	1,	2,	4,	'2024-03-19 10:11:16',	'2024-03-19 10:11:16',	6,	'web_uploads/thumbnail/65f92c847651a-mcq\'s.png.png',	NULL),
(29,	'Pdf',	'web_uploads/65f92cf110183-Worksheet(Excercise) Unsolved IX-Biology Ch#02 Solving A Biological Problem.pdf.pdf',	1,	1,	2,	4,	'2024-03-19 10:13:05',	'2024-03-19 10:13:05',	7,	'web_uploads/thumbnail/65f92cf110783-3524032.png.png',	NULL),
(30,	'Pdf',	'web_uploads/65f92d8d60768-Worksheet(Excercise 2) Unsolved IX-Biology Ch#02 Solving A Biological Problem.pdf.pdf',	1,	1,	2,	4,	'2024-03-19 10:15:41',	'2024-03-19 10:15:41',	7,	'web_uploads/thumbnail/65f92d8d60ca5-download (17).jpg.jpg',	NULL),
(139,	'Pdf',	'web_uploads/Work Sheet of Chapter 7 Introduction to Trigonometry_8024fa803e5a85d138647e0e5786658e.pdf',	3,	2,	2,	56,	'2024-05-29 11:12:57',	'2024-05-29 11:12:57',	NULL,	'web_uploads/thumbnail/6656d57935c28-Introduction to Trigonometry.jpg.jpg',	'Worksheet'),
(32,	'Pdf',	'web_uploads/65f9337e43123-IX-Biology Ch 03 Biodiversity.pdf.pdf',	1,	1,	1,	5,	'2024-03-19 10:41:02',	'2024-03-19 10:41:02',	10,	'web_uploads/thumbnail/65f9337e43c91-biodiversity.jpeg.jpeg',	NULL),
(34,	'Pdf',	'web_uploads/65fac0bc2f0d7-IX-Biology Ch 03 Biodiversity.pdf.pdf',	1,	1,	1,	5,	'2024-03-20 14:55:56',	'2024-03-20 14:55:56',	NULL,	'web_uploads/thumbnail/65fac0bc2feef-WhatsApp Image 2024-03-15 at 12.47.02 PM.jpeg.jpeg',	'Notes'),
(35,	'Pdf',	'web_uploads/65fbe5d0e5522-Sound.pdf.pdf',	2,	2,	2,	6,	'2024-03-21 11:46:24',	'2024-03-21 11:46:24',	NULL,	'web_uploads/thumbnail/65fbe5d0e6044-sound.gif.gif',	'Worksheet'),
(159,	'Pdf',	'web_uploads/Physics/Physical Quantities and Measurement_b114e9cea68371897ddbc0860c3de102.pdf',	2,	1,	2,	7,	'2024-08-23 11:41:32',	'2024-08-23 11:41:32',	NULL,	'web_uploads/thumbnail/66c8756ccd3cd-measurement.jpg.jpg',	'Worksheet'),
(138,	'Pdf',	'web_uploads/Worksheet 6_07786d39550f5cfecc75ee1f2beadfe7.pdf',	3,	2,	2,	55,	'2024-05-29 11:11:23',	'2024-05-29 11:11:23',	NULL,	'web_uploads/thumbnail/6656d51bdcb52-Basic Statistics.jpg.jpg',	'Worksheet'),
(42,	'Pdf',	'web_uploads/6601178dbf491-IX-Biology Ch 01 Introduction to Biology.pdf.pdf',	1,	1,	2,	18,	'2024-03-25 10:19:57',	'2024-03-25 10:19:57',	NULL,	'web_uploads/thumbnail/6601178dbfe20-download.jpeg.jpeg',	'Introduction to Biology'),
(43,	'Pdf',	'web_uploads/6601183b7b493-modi Work Sheet 2(MCQS) without answers Bio  09 Chapter 1 introduction to biology.pdf.pdf',	1,	1,	2,	18,	'2024-03-25 10:22:51',	'2024-03-25 10:22:51',	NULL,	'web_uploads/thumbnail/6601183b7bea8-mcq\'s.png.png',	'MCQ\'s'),
(44,	'Pdf',	'web_uploads/660118a0cadce-Work Sheet 1(Excercise)  without answer Bio  09 Chapter 1 introduction to biology.pdf.pdf',	1,	1,	2,	18,	'2024-03-25 10:24:32',	'2024-03-25 10:24:32',	NULL,	'web_uploads/thumbnail/660118a0cb4f9-download (17).jpg.jpg',	'Worksheet Exercise #01'),
(45,	'Pdf',	'web_uploads/660118f3873b1-Work Sheet 3 (Excercise 2)  without answer Bio  09 Chapter 1 introduction to biology.pdf.pdf',	1,	1,	2,	18,	'2024-03-25 10:25:55',	'2024-03-25 10:25:55',	NULL,	'web_uploads/thumbnail/660118f3877db-5726532.png.png',	'Worksheet Exercise # 02'),
(137,	'Pdf',	'web_uploads/chapter 5_10c4f69fd88026e440258cbe05794422.pdf',	3,	2,	2,	54,	'2024-05-29 11:10:24',	'2024-05-29 11:10:24',	NULL,	'web_uploads/thumbnail/6656d4e033c16-Sets and Relation.jpg.jpg',	'Worksheet'),
(53,	'Pdf',	'web_uploads/66011c45486d4-IX-Biology Ch 03 Biodiversity.pdf.pdf',	1,	1,	2,	22,	'2024-03-25 10:40:05',	'2024-03-25 10:40:05',	NULL,	'web_uploads/thumbnail/66011c4549277-biodiversity.jpeg.jpeg',	'Content'),
(48,	'Pdf',	'web_uploads/66011a171e07c-IX-Biology Ch# 02 Solving a Biological Problem.pdf.pdf',	1,	1,	2,	20,	'2024-03-25 10:30:47',	'2024-03-25 10:30:47',	NULL,	'web_uploads/thumbnail/66011a171e950-biological.jpg.jpg',	'Content'),
(49,	'Pdf',	'web_uploads/66011a6149daf-Worksheet(MCQS) Unsolved IX-Biology Ch#02 Solving A Biological Problem.pdf.pdf',	1,	1,	2,	20,	'2024-03-25 10:32:01',	'2024-03-25 10:32:01',	NULL,	'web_uploads/thumbnail/66011a614a5f8-mcq\'s.png.png',	'MCQ\'s'),
(51,	'Pdf',	'web_uploads/66011af2d35a5-Worksheet(Excercise) Unsolved IX-Biology Ch#02 Solving A Biological Problem.pdf.pdf',	1,	1,	2,	20,	'2024-03-25 10:34:26',	'2024-03-25 10:34:26',	NULL,	'web_uploads/thumbnail/66011af2d3be5-5726532.png.png',	'Worksheet Exercise # 01'),
(52,	'Pdf',	'web_uploads/66011b3d93860-Worksheet(Excercise 2) Unsolved IX-Biology Ch#02 Solving A Biological Problem.pdf.pdf',	1,	1,	2,	20,	'2024-03-25 10:35:41',	'2024-03-25 10:35:41',	NULL,	'web_uploads/thumbnail/66011b3d940fb-download (17).jpg.jpg',	'Worksheet Exercise # 02'),
(54,	'Pdf',	'web_uploads/66011c890aa0a-Worksheet(MCQS) Unsolved IX-Biology Ch#03 Biodiversity.pdf.pdf',	1,	1,	2,	22,	'2024-03-25 10:41:13',	'2024-03-25 10:41:13',	NULL,	'web_uploads/thumbnail/66011c890b4a6-mcq\'s.png.png',	'MCQ\'s'),
(55,	'Pdf',	'web_uploads/66011cd63941c-Worksheet(Excercise) Unsolved IX-Biology Ch#03 Biodiversity.pdf.pdf',	1,	1,	2,	22,	'2024-03-25 10:42:30',	'2024-03-25 10:42:30',	NULL,	'web_uploads/thumbnail/66011cd639da4-3524032.png.png',	'Worksheet Exercise # 01'),
(56,	'Pdf',	'web_uploads/66011d8d32659-Worksheet(Excercise 2) Unsolved IX-Biology Ch#03 Biodiversity.pdf.pdf',	1,	1,	2,	22,	'2024-03-25 10:45:33',	'2024-03-25 10:45:33',	NULL,	'web_uploads/thumbnail/66011d8d33085-images (11).jpg.jpg',	'Worksheet Exercise # 02'),
(57,	'Pdf',	'web_uploads/66011f344bfb3-IX-Biology Ch 4 Cells and Tissues.pdf.pdf',	1,	1,	2,	24,	'2024-03-25 10:52:36',	'2024-03-25 10:52:36',	NULL,	'web_uploads/thumbnail/66011f344cdba-Cell.jpeg.jpeg',	'Content'),
(58,	'Pdf',	'web_uploads/66011fa865b72-Worksheet(MCQS) Unsolved IX-Biology Ch#04 Cells and Tissues.pdf.pdf',	1,	1,	2,	24,	'2024-03-25 10:54:32',	'2024-03-25 10:54:32',	NULL,	'web_uploads/thumbnail/66011fa866918-mcq\'s.png.png',	'MCq\'s'),
(59,	'Pdf',	'web_uploads/660120023d7a6-Worksheet(Excercise) Unsolved IX-Biology Ch#04 Cells and Tissues.pdf.pdf',	1,	1,	2,	24,	'2024-03-25 10:56:02',	'2024-03-25 10:56:02',	NULL,	'web_uploads/thumbnail/660120023e2ec-5726532.png.png',	'Worksheet Exercise # 01'),
(60,	'Pdf',	'web_uploads/660120aa80ee0-bio 09 ch 05 cell cycle handout.pdf.pdf',	1,	1,	2,	25,	'2024-03-25 10:58:50',	'2024-03-25 10:58:50',	NULL,	'web_uploads/thumbnail/660120aa81837-cell_cycle.jpg.jpg',	'Content'),
(61,	'Pdf',	'web_uploads/6601210db6bd6-Worksheet(MCQS) Unsolved IX-Biology Ch#05 Cell Cycle.pdf.pdf',	1,	1,	2,	25,	'2024-03-25 11:00:29',	'2024-03-25 11:00:29',	NULL,	'web_uploads/thumbnail/6601210db726a-mcq\'s.png.png',	'MC'),
(62,	'Pdf',	'web_uploads/660121d70d4eb-Handouts.pdf.pdf',	1,	1,	2,	26,	'2024-03-25 11:03:51',	'2024-03-25 11:03:51',	NULL,	'web_uploads/thumbnail/660121d70df8f-enzymes.jpg.jpg',	'Content'),
(63,	'Pdf',	'web_uploads/660122254e72c-Worksheet(MCQS) Unsolved IX-Biology Ch#06 Enzyme.pdf.pdf',	1,	1,	2,	26,	'2024-03-25 11:05:09',	'2024-03-25 11:05:09',	NULL,	'web_uploads/thumbnail/660122254f063-mcq\'s.png.png',	'MCQ\'s'),
(136,	'Pdf',	'web_uploads/Chap#4 Partial Fraction (FBISE)_d2bddee8ad265cca5d30821aafa6564f.pdf',	3,	2,	2,	53,	'2024-05-29 11:05:10',	'2024-05-29 11:05:10',	NULL,	'web_uploads/thumbnail/6656d3a64550c-Partial Fraction.jpg.jpg',	'Worksheet'),
(135,	'Pdf',	'web_uploads/Chap#3 Variation (FBISE)_585561fa3fbc955183f571a826009a39.pdf',	3,	2,	2,	52,	'2024-05-29 11:04:01',	'2024-05-29 11:04:01',	NULL,	'web_uploads/thumbnail/6656d36114ee7-Rtiao nad Variation.jpg.jpg',	'Worksheet'),
(134,	'Pdf',	'web_uploads/Chapter # 1_4bd44f44cee8c22b3db055439abac560.pdf',	3,	2,	2,	50,	'2024-05-29 11:02:56',	'2024-05-29 11:02:56',	NULL,	'web_uploads/thumbnail/6656d320ab80f-Quadratic Equation.jpg.jpg',	'Worksheet'),
(68,	'Pdf',	'web_uploads/660124b0c9489-Chap#1 Fundamentals of chemistry(handout).pdf.pdf',	4,	1,	2,	21,	'2024-03-25 11:16:00',	'2024-03-25 11:16:00',	NULL,	'web_uploads/thumbnail/660124b0c9d27-fundamentals of chemistry.jpeg.jpeg',	'Notes'),
(142,	'Ppt',	'web_uploads/Unit 7 Introduction To Trigonometry_8f8a52acceae4d371fb74043eb5475eb.pptx',	3,	2,	2,	56,	'2024-05-29 11:31:07',	'2024-05-29 11:31:07',	NULL,	'web_uploads/thumbnail/6656d9bb4c1c4-Introduction to Trigonometry.jpg.jpg',	'Lecture Trignometry'),
(133,	'Pdf',	'web_uploads/Chap#2 Theory of Quadratic Equation (FBISE)_c2cfae8a93e82a6d41dcfc78e38c3582.pdf',	3,	2,	2,	51,	'2024-05-29 11:01:54',	'2024-05-29 11:01:54',	NULL,	'web_uploads/thumbnail/6656d2e2cd697-Theory of Quadratic Equation.jpg.jpg',	'Worksheet'),
(131,	'Ppt',	'web_uploads/Unit 04 Partial Fraction_c0aa4d331927ea855cc42f307cdbcb0c.pptx',	3,	2,	2,	53,	'2024-05-29 10:49:09',	'2024-05-29 10:49:09',	NULL,	'web_uploads/thumbnail/6656cfe569cb2-Partial Fraction.jpg.jpg',	'Lecture Partial Fraction'),
(130,	'Ppt',	'web_uploads/Quadratic Equations new_3c04884607e59aa2c3a1215ea7fb87c2.pptx',	3,	2,	2,	51,	'2024-05-29 10:47:11',	'2024-05-29 10:47:11',	NULL,	'web_uploads/thumbnail/6656cf6f33f43-Theory of Quadratic Equation.jpg.jpg',	'Lecture Theory of Quadratic Equation'),
(74,	'Pdf',	'web_uploads/660139480f69f-Handouts IX-Biology Ch#07 Bioenergetics.pdf.pdf',	1,	1,	2,	28,	'2024-03-25 12:43:52',	'2024-03-25 12:43:52',	NULL,	'web_uploads/thumbnail/6601394810274-bioenergetics.jpeg.jpeg',	'Content'),
(75,	'Pdf',	'web_uploads/660139c90ffcb-Worksheet(MCQS) Unsolved IX-Biology Ch#07 Bioenergetics.pdf.pdf',	1,	1,	2,	28,	'2024-03-25 12:46:01',	'2024-03-25 12:46:01',	NULL,	'web_uploads/thumbnail/660139c9109af-mcq\'s.png.png',	'MCQ\'s'),
(76,	'Pdf',	'web_uploads/66013a826edd4-Handouts IX-Biology Ch#08 Nutrition.pdf.pdf',	1,	1,	2,	30,	'2024-03-25 12:49:06',	'2024-03-25 12:49:06',	NULL,	'web_uploads/thumbnail/66013a826f808-nutrition.jpeg.jpeg',	'Handouts'),
(77,	'Pdf',	'web_uploads/66013b2b78144-Worksheet(MCQS) Solved IX-Biology Ch#08 Nutritions.pdf.pdf',	1,	1,	2,	30,	'2024-03-25 12:51:55',	'2024-03-25 12:51:55',	NULL,	'web_uploads/thumbnail/66013b2b787fb-mcq\'s.png.png',	'MCQ\'s'),
(78,	'Pdf',	'web_uploads/66013c48ae5e2-Handouts IX-Biology Ch#09 Transport.pdf.pdf',	1,	1,	2,	31,	'2024-03-25 12:56:40',	'2024-03-25 12:56:40',	NULL,	'web_uploads/thumbnail/66013c48af573-transport.jpeg.jpeg',	'Handouts'),
(89,	'Pdf',	'web_uploads/661393d30ee0c-Chap#2 Structure of atoms handouts.pdf.pdf',	4,	1,	2,	36,	'2024-04-08 10:50:59',	'2024-04-08 10:50:59',	NULL,	'web_uploads/thumbnail/661393d30fe4c-structure of atom  notes.jpg.jpg',	'Notes'),
(107,	'Flash',	'web_uploads/Motion of Coil in a Magnetic Field (1) (1)_04975a312258f3ed6edab64142bc507d.swf',	2,	1,	1,	6,	'2024-05-01 14:05:33',	'2024-05-01 14:05:33',	NULL,	'web_uploads/thumbnail/663213ed835d2-new-banner-1234.jpg.jpg',	'Test'),
(168,	'Flash',	'web_uploads/Biology/Algae New_89fafd3c30c2d65566b4f049cdc18ed4.swf',	1,	1,	3,	18,	'2024-09-20 09:51:37',	'2024-09-20 09:51:37',	NULL,	'web_uploads/thumbnail/66ed45a949fa7-algae gif.gif.gif',	'Algae'),
(88,	'Ppt',	'web_uploads/66138daa7ec71-Chap#2 Structure of atoms.pptx.pptx',	4,	1,	2,	36,	'2024-04-08 10:24:42',	'2024-04-08 10:24:42',	NULL,	'web_uploads/thumbnail/66138daa85e61-Structure of atom.webp.webp',	'ppt.'),
(158,	'Video',	'web_uploads/Physics/Physical Quantities and Measurement_168350ddf1abb1ffaf6642a49f26b267.mp4',	2,	1,	2,	7,	'2024-08-23 11:37:44',	'2024-08-23 11:37:44',	NULL,	'web_uploads/thumbnail/66c87487ee1f9-measurement.jpg.jpg',	'PPT'),
(92,	'Ppt',	'web_uploads/66139677ef362-chem IX chr  03 periodictable.pptx.pptx',	4,	1,	2,	37,	'2024-04-08 11:02:15',	'2024-04-08 11:02:15',	NULL,	'web_uploads/thumbnail/66139677f0144-periodic table.gif.gif',	'ppt'),
(93,	'Ppt',	'web_uploads/661399615e7ab-Structure of molecules ppt.pptx.pptx',	4,	1,	2,	38,	'2024-04-08 11:14:41',	'2024-04-08 11:14:41',	NULL,	'web_uploads/thumbnail/6613996172e9b-structure of molecules.jpg.jpg',	'ppt'),
(94,	'Pdf',	'web_uploads/66139a5aad93f-Notes  chem IX ch 03 Perioicity and periodicity elements.pdf.pdf',	4,	1,	2,	37,	'2024-04-08 11:18:50',	'2024-04-08 11:18:50',	NULL,	'web_uploads/thumbnail/66139a5aae371-notes periodic table.jpeg.jpeg',	'notes'),
(95,	'Pdf',	'web_uploads/66139c67a853f-chem IX ch 04 Structure of molecules handout.pdf.pdf',	4,	1,	2,	38,	'2024-04-08 11:27:35',	'2024-04-08 11:27:35',	NULL,	'web_uploads/thumbnail/66139c67a9624-notes structure of molecule.png.png',	'notes'),
(96,	'Ppt',	'web_uploads/66139e270a35e-Physical states of Matter.pptx.pptx',	4,	1,	1,	39,	'2024-04-08 11:35:03',	'2024-04-08 11:35:03',	NULL,	'web_uploads/thumbnail/66139e2733f4d-physical states of matter.jpg.jpg',	'ppt'),
(97,	'Pdf',	'web_uploads/66139f90a6eed-Gravitation.pdf.pdf',	2,	1,	1,	41,	'2024-10-17 11:33:14',	'2024-04-08 11:41:04',	NULL,	'web_uploads/thumbnail/66139f90a7a28-gravitation.jpg.jpg',	'Worksheet'),
(98,	'Pdf',	'web_uploads/6613a01fb34e9-chem IX ch 05 Physical states of Matter Handout.pdf.pdf',	4,	1,	2,	39,	'2024-04-08 11:43:27',	'2024-04-08 11:43:27',	NULL,	'web_uploads/thumbnail/6613a01fb3f5b-states of matter.PNG.PNG',	'notes'),
(99,	'Pdf',	'web_uploads/6613b13bebdcf-Turning Effect of Forces.pdf.pdf',	2,	1,	1,	40,	'2024-10-17 12:08:07',	'2024-04-08 12:56:27',	NULL,	'web_uploads/thumbnail/6613b13bec6a3-see-saw.jpg.jpg',	'Worksheet'),
(100,	'Pdf',	'web_uploads/6613bc17716a9-Work and Energy.pdf.pdf',	2,	1,	1,	42,	'2024-10-17 11:23:34',	'2024-04-08 13:42:47',	NULL,	'web_uploads/thumbnail/6613bc17720e4-Energy.jpg.jpg',	'Worksheet'),
(101,	'Pdf',	'web_uploads/6613c74869af3-Transfer of heat.pdf.pdf',	2,	1,	1,	45,	'2024-10-17 12:11:53',	'2024-04-08 14:30:32',	NULL,	'web_uploads/thumbnail/6613c7486a33c-Heat Transfer.jpg.jpg',	'Worksheet'),
(102,	'Pdf',	'web_uploads/6614f7e80fa69-Properties of Matter.pdf.pdf',	2,	1,	1,	43,	'2024-10-17 11:20:55',	'2024-04-09 12:10:16',	NULL,	'web_uploads/thumbnail/6614f7e8108cd-properties of matter.jpg.jpg',	'Worksheet'),
(103,	'Pdf',	'web_uploads/66150f1c9fbbe-Thermal Properties of Matter.pdf.pdf',	2,	1,	1,	44,	'2024-10-17 11:26:15',	'2024-04-09 13:49:16',	NULL,	'web_uploads/thumbnail/66150f1ca0636-Thermal properties of matter.jpg.jpg',	'Worksheet'),
(161,	'Pdf',	'web_uploads/Physics/Kinematics_efd7a5cc7945e91ec07031befed08c49.pdf',	2,	1,	2,	46,	'2024-08-23 11:54:08',	'2024-08-23 11:54:08',	NULL,	'web_uploads/thumbnail/66c87860e2138-car motion.gif.gif',	'Worksheet'),
(112,	'Ppt',	'web_uploads/Class IX Chap 1 Real Numbers_a6e3adee3bae9e2015eaa55f0246d28d.pptx',	3,	1,	2,	10,	'2024-05-28 07:21:45',	'2024-05-28 07:21:45',	NULL,	'web_uploads/thumbnail/66554dc96c3a3-autumn-leaf-falling-revealing-intricate-leaf-vein-generated-by-ai.jpg.jpg',	'Lecture Real Numbers'),
(111,	'Video',	'web_uploads/Screen_Recording944_cd588ca01811799a45a30bf6abcd169b.mp4',	1,	1,	2,	18,	'2024-05-16 10:18:36',	'2024-05-16 10:18:36',	NULL,	'web_uploads/thumbnail/6645a53cbef2d-slogan.png.png',	'Sample Needed To be deleted'),
(113,	'Ppt',	'web_uploads/Class IX Chap 2 Logarithm_839309e70eb001a7ceb6da8c69d302c5.pptx',	3,	1,	2,	11,	'2024-05-28 07:32:27',	'2024-05-28 07:32:27',	NULL,	'web_uploads/thumbnail/6655504ba8809-Log.png.png',	'Lecture Log'),
(114,	'Ppt',	'web_uploads/Class IX Chap 3 Set N Relation_06dbaa65b14e30ebf0f17563a3b907b0.pptx',	3,	2,	2,	0,	'2024-05-28 07:38:04',	'2024-05-28 07:38:04',	NULL,	'web_uploads/thumbnail/6655519c1f788-Sets and Relation.jpg.jpg',	'Lecture Sets and Relation'),
(115,	'Ppt',	'web_uploads/Class IX Chap 04 Factorization and Algebraic Manipulation_42d132016029bd5c085d9f4d4302b3bb.pptx',	3,	1,	2,	14,	'2024-05-28 07:39:45',	'2024-05-28 07:39:45',	NULL,	'web_uploads/thumbnail/66555201ae47a-Algebraic Manipulation.jpg.jpg',	'Lecture Factorization and Algebraic Manipulation'),
(116,	'Ppt',	'web_uploads/Unit 08 LINEAR GRAPHS_39aea2197a4e9f0685bc3026f59032c3.pptx',	3,	1,	2,	NULL,	'2024-05-28 07:49:47',	'2024-05-28 07:49:47',	NULL,	'web_uploads/thumbnail/6655545b476e9-Linear Graph.jpg.jpg',	'Lecture Linear graph'),
(117,	'Ppt',	'web_uploads/Quadratic Equations new_e22105d43183eff57e70b34aad8c448a.pptx',	3,	2,	2,	NULL,	'2024-05-28 07:52:34',	'2024-05-28 07:52:34',	NULL,	'web_uploads/thumbnail/66555502a04d1-Quadratic Equation.jpg.jpg',	'Lecture Quadratic Equation'),
(118,	'Ppt',	'web_uploads/Unit 03 Variation_40c54b0049ebf3748d0d9ae691fa130d.pptx',	3,	2,	2,	0,	'2024-05-28 08:13:14',	'2024-05-28 08:13:14',	NULL,	'web_uploads/thumbnail/665559da9b36a-Rtiao nad Variation.jpg.jpg',	'Lecture Variation'),
(119,	'Ppt',	'web_uploads/Unit 04 Partial Fraction_5a7576ef6bcff81ae65309f31e814f06.pptx',	3,	2,	2,	0,	'2024-05-28 08:14:29',	'2024-05-28 08:14:29',	NULL,	'web_uploads/thumbnail/66555a25bb64c-Partial Fraction.jpg.jpg',	'Lecture Partial Fraction'),
(120,	'Ppt',	'web_uploads/Unit 7 Introduction To Trigonometry_e91d80df8758e679b88524d18f84cd04.pptx',	3,	2,	2,	0,	'2024-05-28 08:22:37',	'2024-05-28 08:22:37',	NULL,	'web_uploads/thumbnail/66555c0d61e5d-Introduction to Trigonometry.jpg.jpg',	'Lecture Trigonometry'),
(121,	'Ppt',	'web_uploads/Unit 06 Basic stat_21ad4cdd6909469ac88d7dd4efce7c1c.pptx',	3,	2,	2,	0,	'2024-05-28 08:23:51',	'2024-05-28 08:23:51',	NULL,	'web_uploads/thumbnail/66555c575cdc7-Basic Statistics.jpg.jpg',	'Lecture Basic statistics'),
(124,	'Ppt',	'web_uploads/Unit 13 Practical Geometry - Circle_319222cc7f0b8d8e7594b61e2971dbd1.pptx',	3,	2,	2,	0,	'2024-05-28 08:58:44',	'2024-05-28 08:58:44',	NULL,	'web_uploads/thumbnail/66556484b6cb8-Practical Geometry Circle.jpg.jpg',	'Lecture Practical Geometry'),
(125,	'Ppt',	'web_uploads/Unit 06 Basic stat_ad8ea880064a753cf0a31198d548eff0.pptx',	3,	2,	2,	0,	'2024-05-28 09:21:14',	'2024-05-28 09:21:14',	NULL,	'web_uploads/thumbnail/665569ca2aa74-Basic Statistics.jpg.jpg',	'Lecture Basic Statistics'),
(126,	'Pdf',	'web_uploads/X Maths mcqs ch 7_05945507885f446b4d82f37bc1cc437f.pdf',	3,	2,	2,	0,	'2024-05-28 09:27:54',	'2024-05-28 09:27:54',	NULL,	'web_uploads/thumbnail/66556b5a6059e-Introduction to Trigonometry.jpg.jpg',	NULL),
(129,	'Pdf',	'web_uploads/Geometrical Optics_bb31417c6b3bfa586140acf54bcd9fe6.pdf',	2,	2,	2,	49,	'2024-05-28 10:52:45',	'2024-05-28 10:52:45',	NULL,	'web_uploads/thumbnail/66557f3db5360-optics.png.png',	'Worksheet'),
(128,	'Ppt',	'web_uploads/Simple Harmonic Motion_d2175f2333a2eba27f8b8d84904a8a2e.pptx',	2,	2,	2,	47,	'2024-05-28 09:36:40',	'2024-05-28 09:36:40',	NULL,	'web_uploads/thumbnail/66556d68c2c3e-waves.png.png',	'PPT'),
(140,	'Ppt',	'web_uploads/Class IX Chap 3 Set N Relation_609dad821d5cf82b7e9ef66bae5fb36b.pptx',	3,	1,	2,	54,	'2024-05-29 11:14:49',	'2024-05-29 11:14:49',	NULL,	'web_uploads/thumbnail/6656d5e935f39-Sets and Relation.jpg.jpg',	'Lecture Sets and Relation'),
(141,	'Ppt',	'web_uploads/Class IX Chap 05 Linear Equation_1a5ba439767fa306db4a34f38aa18854.pptx',	3,	1,	2,	15,	'2024-05-29 11:17:24',	'2024-05-29 11:17:24',	NULL,	'web_uploads/thumbnail/6656d6844eb4f-Linear Equation.jpg.jpg',	'Lecture Linear Equation'),
(143,	'Ppt',	'web_uploads/Unit 06 Basic stat_93f5989c0f6c4355b2c904d194058118.pptx',	3,	2,	2,	55,	'2024-05-29 11:33:59',	'2024-05-29 11:33:59',	NULL,	'web_uploads/thumbnail/6656da6775969-Basic Statistics.jpg.jpg',	'Lecture Basic Statistics'),
(144,	'Ppt',	'web_uploads/Unit 05 Set And Functions_575972efb84e8f3f3f59b56045eda864.pptx',	3,	2,	2,	54,	'2024-05-29 11:38:42',	'2024-05-29 11:38:42',	NULL,	'web_uploads/thumbnail/6656db82e0a75-Sets and fucn.jpg.jpg',	'Lecture Sets and Function'),
(145,	'Ppt',	'web_uploads/Unit 03 Variation_f8d652e9babfbc2744f3b6d0448115af.pptx',	3,	2,	2,	52,	'2024-05-29 11:40:18',	'2024-05-29 11:40:18',	NULL,	'web_uploads/thumbnail/6656dbe20f8cd-Rtiao nad Variation.jpg.jpg',	'Lecture Variation'),
(146,	'Ppt',	'web_uploads/Unit 01 Quadratic Equation_72f8b70d38bc72399ec178aef3575965.pptx',	3,	2,	2,	50,	'2024-05-29 11:41:21',	'2024-05-29 11:41:21',	NULL,	'web_uploads/thumbnail/6656dc2176d6e-Quadratic Equation.jpg.jpg',	'Lecture Quadratic Equation'),
(147,	'Pdf',	'web_uploads/Chap 01 Real Numbers_8579eba071819b096610a4b8454c209e.pdf',	3,	1,	2,	10,	'2024-05-29 11:42:51',	'2024-05-29 11:42:51',	NULL,	'web_uploads/thumbnail/6656dc7bb8ffc-Real-Numbers.png.webp.webp',	'Worksheet'),
(148,	'Pdf',	'web_uploads/Chap # 2_1322fdcfc16b02bcb7765c34556f1b73.pdf',	3,	1,	2,	NULL,	'2024-05-29 11:52:45',	'2024-05-29 11:52:45',	NULL,	'web_uploads/thumbnail/6656decd9f8da-Log.png.png',	'Worksheet'),
(149,	'Pdf',	'web_uploads/Worksheet (6.1 to 6.3)_e0c5072bfa954b206e3abdc8e9dd23c0.pdf',	3,	1,	2,	14,	'2024-05-30 10:32:43',	'2024-05-30 10:32:43',	NULL,	'web_uploads/thumbnail/66581d8b1ced2-Algebraic Manipulation.jpg.jpg',	'Worksheet'),
(150,	'Pdf',	'web_uploads/X Maths mcqs ch 5_02aa21552c30922f6b6f8ca792966414.pdf',	3,	2,	2,	NULL,	'2024-05-30 10:35:39',	'2024-05-30 10:35:39',	NULL,	'web_uploads/thumbnail/66581e3b4c9c9-Sets and fucn.jpg.jpg',	'Worksheet'),
(151,	'Pdf',	'web_uploads/Worksheet (7.1 to 7.3)_89dd9245a3f1ee21f2a469d6d0304949.pdf',	3,	1,	2,	15,	'2024-05-30 10:37:08',	'2024-05-30 10:37:08',	NULL,	'web_uploads/thumbnail/66581e94897fd-Linear Equation.jpg.jpg',	'Worksheet'),
(152,	'Ppt',	'web_uploads/Unit 13 Practical Geometry - Circle_7944d40675608ecea79746d4de1e5d6b.pptx',	3,	2,	2,	62,	'2024-05-30 12:17:34',	'2024-05-30 12:17:34',	NULL,	'web_uploads/thumbnail/6658361e72b60-Practical Geometry Circle.jpg.jpg',	'Lecture Practical Geometry'),
(153,	'Pdf',	'web_uploads/Electrostatics_600de4413498b5b680c8051bec3e782f.pdf',	2,	2,	2,	84,	'2024-05-31 15:55:56',	'2024-05-31 15:55:56',	NULL,	'web_uploads/thumbnail/6659baccd3533-Electrostatics.jpg.jpg',	'Worksheet'),
(154,	'Video',	'web_uploads/Physical Quantities and Measurement_12950871868baf5e67acd137677c4e65.mp4',	2,	1,	2,	7,	'2024-05-31 16:16:43',	'2024-05-31 16:16:43',	NULL,	'web_uploads/thumbnail/6659bfab8e834-Bernoulli\'s equation1.PNG.PNG',	'Video'),
(155,	'Ppt',	'web_uploads/Sound_71847a066ddb9c0a127f64b0858dc6b0.pptx',	2,	2,	2,	6,	'2024-06-03 13:45:14',	'2024-06-03 13:45:14',	NULL,	'web_uploads/thumbnail/665d90aa2a6c6-sound.jpg.jpg',	'PPT'),
(157,	'Ppt',	'web_uploads/Mathematics/Unit 8 Theorems_332d6180f8c6c646e1db9cad4e618d61.pptx',	3,	2,	2,	57,	'2024-06-24 09:20:41',	'2024-06-24 09:20:41',	NULL,	'web_uploads/thumbnail/66790229364ce-Projection of a side of Triangle.jpg.jpg',	'Lecturer Projection side of tri'),
(160,	'Video',	'web_uploads/Physics/Kinematics_e442d2c24e99f3a5a50c15ee601631b0.mp4',	2,	1,	2,	46,	'2024-08-23 11:50:31',	'2024-08-23 11:50:31',	NULL,	'web_uploads/thumbnail/66c87787541a5-Motion-in-a-Straight-Line.jpg.jpg',	'PPT'),
(162,	'Pdf',	'web_uploads/Mathematics/Class IX Maths Miscellaneous Exercise 1 NBF_8021230595534de38184dbf4fd07c19a.pdf',	3,	1,	2,	10,	'2024-08-24 07:16:52',	'2024-08-24 07:16:52',	NULL,	'web_uploads/thumbnail/66c988e433baf-Real Numbers.jpg.jpg',	'Worksheet'),
(163,	'Pdf',	'web_uploads/Mathematics/Class IX Maths Miscellaneous Exercise 2 NBF_d90d49e2f747133ea4d6360ea38b0ace.pdf',	3,	1,	2,	11,	'2024-08-24 07:18:36',	'2024-08-24 07:18:36',	NULL,	'web_uploads/thumbnail/66c9894c95964-Log.png.png',	'Worksheet'),
(164,	'Pdf',	'web_uploads/Mathematics/Class IX Maths Miscellaneous Exercise 3 NBF_80696c3af2ace14981b4ffb17c26c5f8.pdf',	3,	1,	2,	54,	'2024-08-24 07:20:21',	'2024-08-24 07:20:21',	NULL,	'web_uploads/thumbnail/66c989b51d507-Sets and Relation.jpg.jpg',	'Worksheet'),
(165,	'Pdf',	'web_uploads/Mathematics/Class IX Maths Miscellaneous Exercise 4 NBF_1e375b361939b74a0c8f66108583efb8.pdf',	3,	1,	2,	13,	'2024-08-24 07:22:38',	'2024-08-24 07:22:38',	NULL,	'web_uploads/thumbnail/66c98a3e9654b-Factorization.png.png',	'Worksheet'),
(166,	'Ppt',	'web_uploads/Mathematics/Class IX Chap 04 Factorization and Algebraic Manipulation_597865b4c8abed4b09f2e5bc6af2f1a8.pptx',	3,	1,	2,	13,	'2024-08-24 07:24:21',	'2024-08-24 07:24:21',	NULL,	'web_uploads/thumbnail/66c98aa5a47aa-Factorization.png.png',	'Ppt'),
(167,	'Ppt',	'web_uploads/Mathematics/Class IX Chap 3 Set N Relation_5b90df756ed4ed25f7506eef69e8ded2.pptx',	3,	1,	2,	54,	'2024-08-24 07:25:30',	'2024-08-24 07:25:30',	NULL,	'web_uploads/thumbnail/66c98aea1272a-Sets and Relation.jpg.jpg',	'Ppt'),
(169,	'Flash',	'web_uploads/Biology/algae_c2ec668da02d5beca6c74867b083e63f.swf',	1,	1,	3,	18,	'2024-09-20 09:53:39',	'2024-09-20 09:53:39',	NULL,	'web_uploads/thumbnail/66ed462395bb6-about algae.gif.gif',	'About Algae'),
(170,	'Flash',	'web_uploads/Biology/Amoeba New_ce707d4c40c6e672cbf7bcabf4bf8678.swf',	1,	1,	3,	18,	'2024-09-20 09:55:12',	'2024-09-20 09:55:12',	NULL,	'web_uploads/thumbnail/66ed4680c02d7-ameoba.gif.gif',	'About Amoeba'),
(171,	'Flash',	'web_uploads/Biology/CHAPTER 1  INTRODUCTION TO BIOLOGY_00738bd9558cb142f3b27b7ff3232d82.swf',	1,	1,	3,	18,	'2024-09-20 09:56:35',	'2024-09-20 09:56:35',	NULL,	'web_uploads/thumbnail/66ed46d32e2e9-Power Point III.jpg.jpg',	'Introduction to Biology'),
(172,	'Flash',	'web_uploads/Biology/Levels of Organization New_dff8573da4bac67500f4fad1925f8346.swf',	1,	1,	3,	18,	'2024-09-20 09:58:27',	'2024-09-20 09:58:27',	NULL,	'web_uploads/thumbnail/66ed47434d0d0-level of organization video giff 2.gif.gif',	'Level of Organization'),
(173,	'Flash',	'web_uploads/Biology/introduction-to-biology_4d5321459b6ec60a2b1ee4b55f2a5862.swf',	1,	1,	3,	18,	'2024-09-20 10:00:50',	'2024-09-20 10:00:50',	NULL,	'web_uploads/thumbnail/66ed47d27cd8d-Intro to Bio.gif.gif',	'Introduction to Biology 2'),
(174,	'Flash',	'web_uploads/Biology/Volvox Colony New_e765d3c94ff1eb83c465d5b5554e7e76.swf',	1,	1,	3,	18,	'2024-09-20 10:03:29',	'2024-09-20 10:03:29',	NULL,	'web_uploads/thumbnail/66ed4871dbf91-volvox-colonyz.gif.gif',	'Volvox Colony'),
(175,	'Flash',	'web_uploads/Biology/Uni Cellular_87d0aeefc52ab45829f789561732fd14.swf',	1,	1,	3,	18,	'2024-09-20 10:17:32',	'2024-09-20 10:17:32',	NULL,	'web_uploads/thumbnail/66ed4bbc7ea73-unicellular organisms.gif.gif',	'Unicellular Organisms'),
(176,	'Flash',	'web_uploads/Biology/solving a biological  problem_5426994865bff64a7f08c010e8bb3fe6.swf',	1,	1,	3,	20,	'2024-09-20 10:21:35',	'2024-09-20 10:21:35',	NULL,	'web_uploads/thumbnail/66ed4caf97c82-Power Point V.jpg.jpg',	'Solving a Biological Problem'),
(177,	'Flash',	'web_uploads/Biology/solving-biological-problem_650fbcddaf881cdef273cd71c445264d.swf',	1,	1,	3,	20,	'2024-09-20 10:22:07',	'2024-09-20 10:22:07',	NULL,	'web_uploads/thumbnail/66ed4ccfedc67-Power point.jpg.jpg',	'Solving a Biological Problem 2'),
(178,	'Flash',	'web_uploads/66ed51d2cc237-algae.swf.swf',	1,	1,	3,	22,	'2024-09-20 10:43:30',	'2024-09-20 10:41:25',	NULL,	'web_uploads/thumbnail/66ed51d2cc4e4-algae.gif.gif',	'Algae'),
(179,	'Flash',	'web_uploads/Biology/Algae New_a286606d4a5124a81f7c216953b07339.swf',	1,	1,	3,	22,	'2024-09-20 10:44:26',	'2024-09-20 10:44:26',	NULL,	'web_uploads/thumbnail/66ed520a73e27-oie_CLvkT1W9lSyz.gif.gif',	'About Algae'),
(180,	'Flash',	'web_uploads/Biology/Ancestral Species_14ea88a45d0ca00f41ebbb334a649d71.swf',	1,	1,	3,	22,	'2024-09-20 11:31:29',	'2024-09-20 11:31:29',	NULL,	'web_uploads/thumbnail/66ed5d11d06cb-ancestral species gif.gif.gif',	'Ancestral Species'),
(181,	'Flash',	'web_uploads/Biology/Amoeba New_d94e9785b32d51fe985737125933633a.swf',	1,	1,	3,	22,	'2024-09-20 11:32:53',	'2024-09-20 11:32:53',	NULL,	'web_uploads/thumbnail/66ed5d6576030-amoeba.gif.gif',	'Amoeba'),
(182,	'Flash',	'web_uploads/Biology/Amoeba New_e02742d2e334d77108440af0efaef400.swf',	1,	1,	3,	22,	'2024-09-20 11:49:21',	'2024-09-20 11:49:21',	NULL,	'web_uploads/thumbnail/66ed6141bc147-amoeba.gif.gif',	'Amoeba'),
(183,	'Flash',	'web_uploads/Biology/Fungi_f1c167e969bb8f0fb63ce4a8f733a6f0.swf',	1,	1,	3,	22,	'2024-09-20 12:02:32',	'2024-09-20 12:02:32',	NULL,	'web_uploads/thumbnail/66ed64586de31-Fungi A.gif.gif',	'Funji'),
(184,	'Flash',	'web_uploads/Biology/Fungi Kingdom_3baeb06f0a014abb658523ef266978ff.swf',	1,	1,	3,	22,	'2024-09-20 12:03:13',	'2024-09-20 12:03:13',	NULL,	'web_uploads/thumbnail/66ed64816df38-fungi kingdom giff.gif.gif',	'Funji Kingdom'),
(185,	'Flash',	'web_uploads/Biology/Two and Six Kingdom Classification New_84f2f226f44fec10b989e534798912b2.swf',	1,	1,	3,	22,	'2024-09-20 12:05:43',	'2024-09-20 12:05:16',	NULL,	'web_uploads/thumbnail/66ed64fce935e-kingdom classification giff.gif.gif',	'Kingdom Classification'),
(186,	'Flash',	'web_uploads/Biology/protozoa New_04039acbcb9d838ba9190b9d1c557616.swf',	1,	1,	3,	22,	'2024-09-20 12:06:28',	'2024-09-20 12:06:28',	NULL,	'web_uploads/thumbnail/66ed654467ed4-Protozoa.gif.gif',	'Protozoa'),
(187,	'Pdf',	'web_uploads/Biology/IX-Biology Ch 01 Introduction to Biology_412692f5c735cf393d700fed1abcbb4e.pdf',	1,	1,	3,	18,	'2024-09-20 12:29:20',	'2024-09-20 12:29:20',	NULL,	'web_uploads/thumbnail/66ed6aa08c93a-handout.png.png',	'Handouts'),
(188,	'Pdf',	'web_uploads/Biology/Work Sheet 1(Excercise)  without answer Bio  09 Chapter 1 introduction to biology_96f63799e26a3089e3fb177eb54d3c69.pdf',	1,	1,	3,	18,	'2024-09-20 12:34:08',	'2024-09-20 12:34:08',	NULL,	'web_uploads/thumbnail/66ed6bc06b0b1-worksheetgif.gif.gif',	'worksheet 1'),
(189,	'Video',	'web_uploads/Physics/Physical Quantities and Measurement_dbdbbe7caa3b875274402e64cdf3f42d.mp4',	2,	1,	3,	7,	'2024-09-28 11:12:11',	'2024-09-21 05:17:13',	NULL,	'web_uploads/thumbnail/66ee56d92980b-1726836134610.jpg.jpg',	'PPT'),
(190,	'Ppt',	'web_uploads/Mathematics/Unit 02 Real and Complex Numbers_67afc58418aa92a8a27aa3e178664aa2.pptx',	3,	1,	1,	10,	'2024-09-21 06:30:47',	'2024-09-21 06:30:47',	NULL,	'web_uploads/thumbnail/66ee681750188-Real Numbers.jpg.jpg',	'PPT'),
(198,	'Ppt',	'web_uploads/Mathematics/Unit 02 Logarithm_64771c8a758b61f9fe8a52865cd1b84f.pptx',	3,	1,	1,	11,	'2024-09-21 07:39:17',	'2024-09-21 07:39:17',	NULL,	'web_uploads/thumbnail/66ee7825e6813-Log.png.png',	'PPT'),
(192,	'Ppt',	'web_uploads/Mathematics/Unit 04 Algebraic Expressions and Algebraic Formulae_aea5097ae9a6b30c271054c425ceb7d0.pptx',	3,	1,	1,	12,	'2024-09-21 06:39:19',	'2024-09-21 06:39:19',	NULL,	'web_uploads/thumbnail/66ee6a17e26a1-Algebraic Expression n Formula.jpg.jpg',	'PPT'),
(193,	'Ppt',	'web_uploads/Mathematics/Unit 05 Factorization_a8b1462cb0cb1255e901c45e71fd286f.pptx',	3,	1,	1,	13,	'2024-09-21 06:40:05',	'2024-09-21 06:40:05',	NULL,	'web_uploads/thumbnail/66ee6a456b827-Factorization.png.png',	'PPT'),
(194,	'Ppt',	'web_uploads/Mathematics/Unit 06 ALGEBRAIC MANIPULATION_6cdfa388531db809becd52fbeca74625.pptx',	3,	1,	1,	14,	'2024-09-21 06:42:11',	'2024-09-21 06:42:11',	NULL,	'web_uploads/thumbnail/66ee6ac3062ff-Algebraic Manipulation.jpg.jpg',	'PPT'),
(195,	'Ppt',	'web_uploads/Mathematics/Unit 07 LINEAR EQUATIONS_bcfcc4045046c282e6c3212178bd9e9e.pptx',	3,	1,	1,	15,	'2024-09-21 06:43:24',	'2024-09-21 06:43:24',	NULL,	'web_uploads/thumbnail/66ee6b0c107f5-Linear Equation.jpg.jpg',	'PPT'),
(196,	'Ppt',	'web_uploads/Mathematics/Unit 08 LINEAR GRAPHS_f81966b20f195a1eebf5df4365db2547.pptx',	3,	1,	1,	16,	'2024-09-21 06:49:13',	'2024-09-21 06:49:13',	NULL,	'web_uploads/thumbnail/66ee6c699e469-Linear Graph.jpg.jpg',	'PPT'),
(197,	'Ppt',	'web_uploads/Mathematics/Unit 09 Cordinate Geometry_20aef8a9d44d0e7e9cd50b6cad7a7be6.pptx',	3,	1,	1,	17,	'2024-09-21 06:50:17',	'2024-09-21 06:50:17',	NULL,	'web_uploads/thumbnail/66ee6ca929b7a-Coordinate Geometry.jpg.jpg',	'PPT'),
(199,	'Flash',	'web_uploads/Chemistry/movie (1)_a78f1ea83750031d4a0e44fe6bea7177.swf',	4,	1,	3,	21,	'2024-09-23 10:41:00',	'2024-09-23 10:41:00',	NULL,	'web_uploads/thumbnail/66f145bc7ef64-Power Point III.jpg.jpg',	'Fundamentals of Chemistry'),
(200,	'Flash',	'web_uploads/Chemistry/Animation - Mole  Avagadros Number_534282c50ef46cd0c6c8d022c323d13e.swf',	4,	1,	3,	21,	'2024-09-23 10:42:01',	'2024-09-23 10:42:01',	NULL,	'web_uploads/thumbnail/66f145f92a90c-oie_ABzM87m7ECmn.gif.gif',	'Animated Concepts'),
(201,	'Video',	'web_uploads/Chemistry/Discovery of Protons_19afeed982d6b20aea645d0413d617b1.mp4',	4,	1,	3,	36,	'2024-09-23 11:26:37',	'2024-09-23 11:26:37',	NULL,	'web_uploads/thumbnail/66f1506dbf2aa-Discharge tube.gif.gif',	'Animated Concept - Discharge Tube Experiment'),
(202,	'Flash',	'web_uploads/Chemistry/Dalton Atomic Theory_75bd8ec20a587de3727c2425fc3e3fdc.swf',	4,	1,	3,	36,	'2024-09-23 11:28:28',	'2024-09-23 11:28:28',	NULL,	'web_uploads/thumbnail/66f150dcb3f2c-deltron-Atomic st.gif.gif',	'Animated Concept - Deltron Atomic Theory'),
(203,	'Flash',	'web_uploads/Chemistry/Cathode Ray Tube New_43c7d1230764102271d3634fbd512b8c.swf',	4,	1,	3,	36,	'2024-09-23 11:35:42',	'2024-09-23 11:35:42',	NULL,	'web_uploads/thumbnail/66f1528e06b53-discharge tube gif 1.gif.gif',	'Animated Concept - Cathode Ray'),
(204,	'Flash',	'web_uploads/Chemistry/Animation - BoharsModel - Proton Emission_23829dd30104435e3557a94d3ad8ba9f.swf',	4,	1,	3,	36,	'2024-09-23 11:37:17',	'2024-09-23 11:37:17',	NULL,	'web_uploads/thumbnail/66f152edda4f6-isotopes gif.gif.gif',	'Animated Concept - Bohar Model'),
(205,	'Flash',	'web_uploads/Chemistry/Atomic Models_550820e9512fda9489cbb675f1ba95ae.swf',	4,	1,	3,	36,	'2024-09-23 11:38:26',	'2024-09-23 11:38:26',	NULL,	'web_uploads/thumbnail/66f15332b2e44-About Atom.gif.gif',	'Animated Concept - Atom Model'),
(206,	'Flash',	'web_uploads/Chemistry/Animation - Bohrs Atomic Model_b7e867b20fc261aca417ce47777d739f.swf',	4,	1,	3,	36,	'2024-09-23 11:39:43',	'2024-09-23 11:39:43',	NULL,	'web_uploads/thumbnail/66f1537f8fa12-Electrons in ORBITALS.gif.gif',	'Animated Concept - Bohr Atom Model'),
(207,	'Flash',	'web_uploads/Chemistry/BohrsAtomicModel00102201600710001_e6795bee6837ea4a265fa3c429fdf56c.swf',	4,	1,	3,	36,	'2024-09-23 11:40:53',	'2024-09-23 11:40:53',	NULL,	'web_uploads/thumbnail/66f153c59eedb-Niels.jpg.jpg',	'Animated Concept'),
(208,	'Flash',	'web_uploads/Chemistry/Rutherfords Atomic Model_478bf9d5b463633f1fd8a63fa273aa81.swf',	4,	1,	3,	36,	'2024-09-23 11:42:29',	'2024-09-23 11:42:29',	NULL,	'web_uploads/thumbnail/66f15425b123c-RUTHERFORD.gif.gif',	'Animated Concept - Rutherford\'s Experiment'),
(209,	'Flash',	'web_uploads/Chemistry/PPT - Atomic Structure_9085a01d1b75bd966bffd2db412002b7.swf',	4,	1,	3,	36,	'2024-09-23 11:46:22',	'2024-09-23 11:46:22',	NULL,	'web_uploads/thumbnail/66f1550eeef73-At structure.jpg.jpg',	'Power Point Presentation'),
(210,	'Flash',	'web_uploads/Chemistry/Emission Spectrum_c0fa072b51745bb7b54e49eb464275b4.swf',	4,	1,	3,	36,	'2024-09-23 11:47:32',	'2024-09-23 11:47:32',	NULL,	'web_uploads/thumbnail/66f15554b6370-Spectrum.gif.gif',	'Atomic Concept - Spectrum'),
(211,	'Flash',	'web_uploads/Chemistry/movie_942de704ad117ff34fc8a13ae2ed5879.swf',	4,	1,	3,	36,	'2024-09-23 11:48:38',	'2024-09-23 11:48:38',	NULL,	'web_uploads/thumbnail/66f15596369b9-Atom.jpg.jpg',	'Power Point Presentation'),
(212,	'Flash',	'web_uploads/Chemistry/atoms_8bd86c9c0a65be5d8539e9ca9f6c1ed7.swf',	4,	1,	3,	36,	'2024-09-23 11:50:07',	'2024-09-23 11:50:07',	NULL,	'web_uploads/thumbnail/66f155ef090f3-config (1).jpg.jpg',	'Animated Concept'),
(213,	'Flash',	'web_uploads/Chemistry/exp_df8771ad01bf57dde28057ec5ab97f63.swf',	4,	1,	3,	36,	'2024-09-23 11:51:22',	'2024-09-23 11:51:22',	NULL,	'web_uploads/thumbnail/66f1563a1069f-S  P.gif.gif',	'Animatec Concept'),
(214,	'Flash',	'web_uploads/Chemistry/Periodic Table_3899a3bcb795f30919384cec49333420.swf',	4,	1,	3,	36,	'2024-09-23 11:52:32',	'2024-09-23 11:52:32',	NULL,	'web_uploads/thumbnail/66f1568012259-Filling of atomic shells.jpg.jpg',	'Animated Concept'),
(215,	'Flash',	'web_uploads/Chemistry/Atomic Models_f8c45c848628281986d531e5aa216c62.swf',	4,	1,	3,	36,	'2024-09-23 11:53:32',	'2024-09-23 11:53:32',	NULL,	'web_uploads/thumbnail/66f156bc3fb7e-Different Models of an atom.png.png',	'Animated Concept'),
(216,	'Flash',	'web_uploads/Chemistry/periodic 3_b9d51a30ab22cbf97f50f4a87404a34f.swf',	4,	1,	3,	37,	'2024-09-23 11:55:29',	'2024-09-23 11:55:29',	NULL,	'web_uploads/thumbnail/66f15731d6014-Periodic-table.gif.gif',	'Animated Concept'),
(217,	'Flash',	'web_uploads/Chemistry/mandeleeve_86a057e85eee85cb7dcb598849b200de.swf',	4,	1,	3,	37,	'2024-09-23 11:56:30',	'2024-09-23 11:56:30',	NULL,	'web_uploads/thumbnail/66f1576e6de00-oie_rounded_corners.gif.gif',	'Animated Concept'),
(218,	'Flash',	'web_uploads/Chemistry/Animation - Periodic Table_8895954e69f37b98ad781deffcf76929.swf',	4,	1,	3,	37,	'2024-09-23 11:57:47',	'2024-09-23 11:57:47',	NULL,	'web_uploads/thumbnail/66f157bbd173f-periodic table.jpg.jpg',	'Animated Quiz'),
(219,	'Flash',	'web_uploads/Chemistry/Periodic Table Group Trends_7c58142adc095cde217b8212ce348ca2.swf',	4,	1,	3,	37,	'2024-09-23 11:58:49',	'2024-09-23 11:58:49',	NULL,	'web_uploads/thumbnail/66f157f97361e-Transition Elements (2).gif.gif',	'Animated Concept'),
(220,	'Flash',	'web_uploads/Chemistry/Electronegativity New_0dee598d837010985f620b9a90a58670.swf',	4,	1,	3,	37,	'2024-09-23 12:19:41',	'2024-09-23 12:19:41',	NULL,	'web_uploads/thumbnail/66f15cddcfaa3-oie_VgJZpGPQu4G8.gif.gif',	'Animated Concept'),
(221,	'Flash',	'web_uploads/Chemistry/Corrected Periodic Table_9aee3db9a21a0457d3e4135078e6801c.swf',	4,	1,	3,	37,	'2024-09-23 12:20:43',	'2024-09-23 12:20:43',	NULL,	'web_uploads/thumbnail/66f15d1b44406-Periodic E.gif.gif',	'Animated Concept - Element Details'),
(222,	'Flash',	'web_uploads/Chemistry/Quiz - Periodic Table_2ab82e0f8926d3fbf469d0be4691baef.swf',	4,	1,	3,	37,	'2024-09-23 12:21:52',	'2024-09-23 12:21:52',	NULL,	'web_uploads/thumbnail/66f15d60355f1-oie_rounded_corners (2).gif.gif',	'Review - Quiz'),
(223,	'Flash',	'web_uploads/Chemistry/PeriodicTable_cd2af64eda82c3db316a642e3cffef49.swf',	4,	1,	3,	37,	'2024-09-23 12:23:03',	'2024-09-23 12:23:03',	NULL,	'web_uploads/thumbnail/66f15da74944b-PTABLE.jpg.jpg',	'Animated Concept'),
(224,	'Flash',	'web_uploads/Chemistry/movie_9e6d3f6f41b3fd958d6de85c74605543.swf',	4,	1,	3,	37,	'2024-09-23 12:23:51',	'2024-09-23 12:23:51',	NULL,	'web_uploads/thumbnail/66f15dd7b656a-Power Point III.jpg.jpg',	'Power Point Presentation'),
(225,	'Flash',	'web_uploads/Chemistry/Animation - Bonding og Elements_489fdae6e8db7941272d681973233f4e.swf',	4,	1,	3,	38,	'2024-09-23 12:25:33',	'2024-09-23 12:25:33',	NULL,	'web_uploads/thumbnail/66f15e3d80834-Bonding of elements.jpg.jpg',	'Animated Concept'),
(226,	'Flash',	'web_uploads/Chemistry/formationof Ionic Bond_bac849273d1f15de49485a3a485ecd5d.swf',	4,	1,	3,	38,	'2024-09-23 12:26:40',	'2024-09-23 12:26:40',	NULL,	'web_uploads/thumbnail/66f15e805eaf8-Ionic Bond example.gif.gif',	'Animation Concept - Ionic Bond'),
(227,	'Flash',	'web_uploads/Chemistry/Animation - Intermolecular Force of Attraction_b6b872608fcfd73244b1137f7bca0c35.swf',	4,	1,	3,	38,	'2024-09-23 12:27:48',	'2024-09-23 12:27:48',	NULL,	'web_uploads/thumbnail/66f15ec49bad7-Dipole (1).gif.gif',	'Animated Concept'),
(228,	'Flash',	'web_uploads/Chemistry/hydrogen bonding_cf88b0bf1e5ac6901ee34f8fa9c1686e.swf',	4,	1,	3,	38,	'2024-09-23 12:28:47',	'2024-09-23 12:28:47',	NULL,	'web_uploads/thumbnail/66f15effd0e57-Hydrogen Bonding.gif.gif',	'Animated Concept - Hydrogen Bonding'),
(229,	'Flash',	'web_uploads/Chemistry/Animation - Free Molecules_4a639ded794fe6f1f0b6117af166f165.swf',	4,	1,	3,	38,	'2024-09-23 13:09:42',	'2024-09-23 13:09:42',	NULL,	'web_uploads/thumbnail/66f168967e018-POLar COVALENT.gif.gif',	'Animated Concept - Bond Formation'),
(230,	'Flash',	'web_uploads/Chemistry/Ionic vs Covalent New_c8d96422983778ae565b9660bae4b13e.swf',	4,	1,	3,	38,	'2024-09-23 13:18:55',	'2024-09-23 13:18:55',	NULL,	'web_uploads/thumbnail/66f16abf416e4-oie_v6bYFvSbpbqA.gif.gif',	'Animated Concept - Covalent Bond'),
(231,	'Flash',	'web_uploads/Chemistry/intermolecular forces_5a17eb35719ee4c7541cf359ed637834.swf',	4,	1,	3,	38,	'2024-09-23 13:19:56',	'2024-09-23 13:19:56',	NULL,	'web_uploads/thumbnail/66f16afc5b9ea-Attractive forces.gif.gif',	'Animated Concept - Intermolecular Force'),
(232,	'Flash',	'web_uploads/Chemistry/IX chemMetallic Bonding Animation_851c448e97e88c56d32c825142c7783f.swf',	4,	1,	3,	38,	'2024-09-23 13:21:06',	'2024-09-23 13:21:06',	NULL,	'web_uploads/thumbnail/66f16b4280c6f-Metallic Bonding.gif.gif',	'Animated Concept'),
(233,	'Flash',	'web_uploads/Chemistry/movie_fb51e734a7eac761b875740520febfd3.swf',	4,	1,	3,	38,	'2024-09-23 13:21:51',	'2024-09-23 13:21:51',	NULL,	'web_uploads/thumbnail/66f16b6f0e1de-Power point.jpg.jpg',	'Power Point Presentation'),
(234,	'Flash',	'web_uploads/Chemistry/Animation - Evaporation_3b2f7130840b7ae613910a3b40abc4f8.swf',	4,	1,	3,	39,	'2024-09-23 13:23:29',	'2024-09-23 13:23:29',	NULL,	'web_uploads/thumbnail/66f16bd1ebfbd-Animation - Evaporation.jpg.jpg',	'Animated Concept'),
(235,	'Flash',	'web_uploads/Chemistry/Animation - All Three States of Matter_c14861f5711be0265b40e4d9aa5379f4.swf',	4,	1,	3,	39,	'2024-09-23 13:24:15',	'2024-09-23 13:24:15',	NULL,	'web_uploads/thumbnail/66f16bff4ea5f-matter.jpg.jpg',	'Animated Concept'),
(236,	'Flash',	'web_uploads/Chemistry/movie_c408be0edf01f1490f0f133073c5723f.swf',	4,	1,	3,	39,	'2024-09-23 13:24:59',	'2024-09-23 13:24:59',	NULL,	'web_uploads/thumbnail/66f16c2b0db67-states.jpg.jpg',	'Power Point Presentation'),
(237,	'Flash',	'web_uploads/Chemistry/Motion of particles of an IdealGas_d58b1b3068271da2968107b7cef27ef8.swf',	4,	1,	3,	39,	'2024-09-23 13:25:54',	'2024-09-23 13:25:54',	NULL,	'web_uploads/thumbnail/66f16c62a2efa-Random Motion of Gas Molecules.jpg.jpg',	'Random Motion of Gas Molecules'),
(238,	'Flash',	'web_uploads/Chemistry/States of Matter_f159402a112e9ffe9647a50b453d4159.swf',	4,	1,	3,	39,	'2024-09-23 13:26:55',	'2024-09-23 13:26:55',	NULL,	'web_uploads/thumbnail/66f16c9fccc01-States of Matter New.jpg.jpg',	'Animated Concept - States of Matter'),
(239,	'Flash',	'web_uploads/Chemistry/States of Matter_c568fac202f18d43c1d9a96220803c06.swf',	4,	1,	3,	39,	'2024-09-23 13:28:37',	'2024-09-23 13:28:37',	NULL,	'web_uploads/thumbnail/66f16d055736d-St of Matter.jpg.jpg',	'Animated Concept - Conversion of States of Matter'),
(240,	'Flash',	'web_uploads/Mathematics/movie (1)_8672b6602c3e5d2169463ae4750ca380.swf',	3,	1,	3,	9,	'2024-09-23 13:34:36',	'2024-09-23 13:34:36',	NULL,	'web_uploads/thumbnail/66f16e6cc5883-img01.png.png',	'Power Point Presentation'),
(241,	'Flash',	'web_uploads/Mathematics/Power Point III_ff0868ae579b18bc5a569ec87aca05d4.jpg',	3,	1,	3,	15,	'2024-09-23 13:35:48',	'2024-09-23 13:35:48',	NULL,	'web_uploads/thumbnail/66f16eb4baa40-Power Point III.jpg.jpg',	'Power Point Presentation'),
(242,	'Flash',	'web_uploads/Mathematics/movie_355a78f56b18b7dab85db5c6b4b7f0c2.swf',	3,	1,	3,	16,	'2024-09-23 13:37:00',	'2024-09-23 13:37:00',	NULL,	'web_uploads/thumbnail/66f16efc5667c-Linear Graph.gif.gif',	'Power Point Presentation'),
(243,	'Flash',	'web_uploads/Mathematics/movie (1)_c0c273e4dd9af9502cef5c07b92f15cb.swf',	3,	1,	3,	17,	'2024-09-23 13:37:53',	'2024-09-23 13:37:53',	NULL,	'web_uploads/thumbnail/66f16f3176ef2-Power Point III.jpg.jpg',	'Power Point Presentation'),
(244,	'Flash',	'web_uploads/Mathematics/Animation - Angle Bisector_42586422dd7b5d70545ba2ab0d1530d4.jpg',	3,	1,	3,	27,	'2024-09-23 13:39:35',	'2024-09-23 13:39:35',	NULL,	'web_uploads/thumbnail/66f16f97e73d8-Animation - Angle Bisector.jpg.jpg',	'Power Point Presentation'),
(245,	'Flash',	'web_uploads/Mathematics/Animation - Line Segment Bisector, Right Angle_9cfd0865036b146f21b7b9760155033a.swf',	3,	1,	3,	27,	'2024-09-23 13:40:58',	'2024-09-23 13:40:58',	NULL,	'web_uploads/thumbnail/66f16fea0cb75-Animation - Line Segment Bisector, Right Angle.jpg.jpg',	'Animated Concept'),
(246,	'Flash',	'web_uploads/Mathematics/Animation - Line Segment Bisector_80290b7b005eae93a14c4f4fa38bc020.swf',	3,	1,	3,	27,	'2024-09-23 13:41:34',	'2024-09-23 13:41:34',	NULL,	'web_uploads/thumbnail/66f1700e18cd7-Animation - Line Segment Bisector.jpg.jpg',	'Animated Concept'),
(247,	'Flash',	'web_uploads/Mathematics/movie_72c6f3221a7763b807f0695a65ea3b15.swf',	3,	1,	3,	33,	'2024-09-23 13:42:34',	'2024-09-23 13:42:34',	NULL,	'web_uploads/thumbnail/66f1704a9cf34-Power Point III.jpg.jpg',	'Power Point Presentation'),
(248,	'Flash',	'web_uploads/Mathematics/Animation - Point to Tangent on a Circles_521681f383df1b5154c03e9eace774f0.swf',	3,	1,	3,	62,	'2024-09-23 13:44:22',	'2024-09-23 13:44:22',	NULL,	'web_uploads/thumbnail/66f170b6c16b8-Animation - Point to Tangent on a Circles.jpg.jpg',	'Animated Concept'),
(249,	'Flash',	'web_uploads/Mathematics/Animation - Circumscribe a Circle on a Triangle_8cce3f99949076b46b3d9524f4408dbe.swf',	3,	1,	3,	35,	'2024-09-23 13:45:04',	'2024-09-23 13:45:04',	NULL,	'web_uploads/thumbnail/66f170e0352b8-Animation - Circumscribe a Circle on a Triangle.jpg.jpg',	'Animated Concept'),
(250,	'Flash',	'web_uploads/Mathematics/Animation - Circle in a Triangle_353c00ea053ceb558f787b31162f16bb.swf',	3,	1,	3,	35,	'2024-09-23 13:45:43',	'2024-09-23 13:45:43',	NULL,	'web_uploads/thumbnail/66f17107717f7-Circle in a Triangle.jpg.jpg',	'Animated Concept'),
(251,	'Flash',	'web_uploads/Physics/movie_0db626c3f6b53d67214b0155008b816f.swf',	2,	1,	3,	7,	'2024-10-04 11:47:19',	'2024-09-23 13:47:27',	NULL,	'web_uploads/thumbnail/66f1716f844e0-PPT - IMAGE.jpg.jpg',	'Power Point Presentation'),
(252,	'Flash',	'web_uploads/Physics/Animation - Distance time graph with Speed Calculation_52ce6bbf8ae68fdf03296ab4a398a9b9.swf',	2,	1,	3,	46,	'2024-09-23 13:49:01',	'2024-09-23 13:49:01',	NULL,	'web_uploads/thumbnail/66f171cd8c6ed-oie_rounded_corners (18).gif.gif',	'Animated Concept - Distance Time Graph'),
(253,	'Flash',	'web_uploads/Physics/Animation - Illustration of Distance and Displacement_ca653064502ef3c15d2f6834050d07b2.swf',	2,	1,	3,	46,	'2024-09-23 13:50:21',	'2024-09-23 13:50:21',	NULL,	'web_uploads/thumbnail/66f1721d05e8d-Dist and Disp.gif.gif',	'Animated Concept'),
(254,	'Flash',	'web_uploads/Physics/Animation - Types of Motion_a0f0bce0c1a760b312fd5269d3565551.swf',	2,	1,	3,	46,	'2024-09-23 13:51:09',	'2024-09-23 13:51:09',	NULL,	'web_uploads/thumbnail/66f1724d58602-oie_Iryn7bhvk4MM.gif.gif',	'Animated Concept - Types of Motion'),
(255,	'Flash',	'web_uploads/Physics/Animation - Motion Under Gravity with or without Air  Friction_ec400a3a015938fb3174e440d1986d94.swf',	2,	1,	3,	46,	'2024-09-23 13:52:00',	'2024-09-23 13:52:00',	NULL,	'web_uploads/thumbnail/66f17280bfbc5-Motion Under Gravity.jpg.jpg',	'Animated Concept'),
(256,	'Flash',	'web_uploads/Physics/Animated Concept - Acceleration Due to Gravity_fdd9f98831f2c51e62b44a9f47b473b8.swf',	2,	1,	3,	46,	'2024-09-23 13:53:42',	'2024-09-23 13:53:42',	NULL,	'web_uploads/thumbnail/66f172e669a52-Free falling.gif.gif',	'Animated Concept'),
(257,	'Flash',	'web_uploads/Physics/Animation - Displacement  Distance Concept_81debe7962974815fb187f4f01782559.swf',	2,	1,	3,	46,	'2024-09-23 13:55:10',	'2024-09-23 13:55:10',	NULL,	'web_uploads/thumbnail/66f1733eb15e7-displacement.jpg.jpg',	'Animated Concept'),
(258,	'Flash',	'web_uploads/Physics/Animated Concept - Adding 3 Vectors_6e97fc614cf287bac2f747c2ed47e83d.swf',	2,	1,	3,	46,	'2024-09-23 13:56:34',	'2024-09-23 13:56:34',	NULL,	'web_uploads/thumbnail/66f17392ae979-vector gif 2.gif.gif',	'Animated Concept'),
(259,	'Flash',	'web_uploads/Physics/Addition of Two Vectors Numerically_89302f437cf94714bddfd2b37f26b642.swf',	2,	1,	3,	46,	'2024-09-23 13:57:20',	'2024-09-23 13:57:20',	NULL,	'web_uploads/thumbnail/66f173c00380b-vector_addition.gif.gif',	'Animated Concept'),
(260,	'Flash',	'web_uploads/Physics/Animation - Motion Diagram_6ee6a78e5847844e2fcce9a3c338c3f3.swf',	2,	1,	3,	46,	'2024-09-23 13:58:17',	'2024-09-23 13:58:17',	NULL,	'web_uploads/thumbnail/66f173f950dac-Motion Diagram.jpg.jpg',	'Animated Concept'),
(261,	'Flash',	'web_uploads/Physics/movie_fbe0af8ae638c5e2cc562f1b738acc58.swf',	2,	1,	3,	46,	'2024-09-23 13:58:52',	'2024-09-23 13:58:52',	NULL,	'web_uploads/thumbnail/66f1741c56af8-Power Point V.jpg.jpg',	'Power Point Presentation'),
(262,	'Flash',	'web_uploads/Physics/_Animation - Two bodies _Horizontal  Vertical directions_fe311cbf0463d7ffede3e3ac9f322290.swf',	2,	1,	3,	87,	'2024-09-23 14:07:50',	'2024-09-23 14:07:50',	NULL,	'web_uploads/thumbnail/66f1763677325-Two bodies-Horizontal  Vertical Directions (1).jpg.jpg',	'Animated Concept'),
(263,	'Flash',	'web_uploads/Physics/Animation - Newtons First Law of Motion_3d40aaf0d4376d6f3bb075224e140d34.swf',	2,	1,	3,	87,	'2024-09-23 14:13:12',	'2024-09-23 14:13:12',	NULL,	'web_uploads/thumbnail/66f1777810eac-1st law of motion.jpg.jpg',	'Animated Concept - Newton\'s First Law of Motion'),
(264,	'Flash',	'web_uploads/Physics/Concept of Inertia_6c5aa58f0ba650f6e0fb8f94718cb91c.swf',	2,	1,	3,	87,	'2024-09-23 14:14:07',	'2024-09-23 14:14:07',	NULL,	'web_uploads/thumbnail/66f177af7b6f0-Animation - Concept of Inertia.jpg.jpg',	'Animated Concept - Concept of Inertia'),
(265,	'Flash',	'web_uploads/Physics/Animation - Newtons Second Law of Motion_538977b1a88260f36a93cae4fa33b4e4.swf',	2,	1,	3,	87,	'2024-09-23 14:15:01',	'2024-09-23 14:15:01',	NULL,	'web_uploads/thumbnail/66f177e5da90b-2nd law of motion.jpg.jpg',	'Animated Concept - Newton\'s 2nd Law of Motion'),
(266,	'Flash',	'web_uploads/Physics/Animation - Newtons Third Law of Motion_8808bc29a79ca7ea2fd7975e497dc370.swf',	2,	1,	3,	87,	'2024-09-23 14:16:03',	'2024-09-23 14:16:03',	NULL,	'web_uploads/thumbnail/66f17823ca601-oie_ry4zMSRs1o9X.gif.gif',	'Animated Concept - Newton\'s 3rd Law of Motion'),
(267,	'Flash',	'web_uploads/Physics/Animation - Motion of two bodies hanging vertically by a Pulley_590674b848b7895ea91250419c79efe7.swf',	2,	1,	3,	87,	'2024-09-23 14:16:52',	'2024-09-23 14:16:52',	NULL,	'web_uploads/thumbnail/66f17854c73af-Motion of two bodies hanging vertically by a Pulley.jpg.jpg',	'Animated Concept'),
(268,	'Flash',	'web_uploads/Physics/movie_dcc8a17980feb6af99cd05c6c66452bd.swf',	2,	1,	3,	87,	'2024-09-23 14:17:24',	'2024-09-23 14:17:24',	NULL,	'web_uploads/thumbnail/66f1787470e70-Power Point V.jpg.jpg',	'Power Point Presentation'),
(269,	'Flash',	'web_uploads/Physics/Animated Concept - Torque _fbfde56983cbf5c1fb625244a99b82a3.swf',	2,	1,	1,	40,	'2024-09-23 14:18:41',	'2024-09-23 14:18:41',	NULL,	'web_uploads/thumbnail/66f178c178fdd-Animated Concept - Torque .jpg.jpg',	'Animated Concept'),
(270,	'Flash',	'web_uploads/Physics/movie_385bff337d82fa1516b5b375b13dcf20.swf',	2,	1,	3,	40,	'2024-09-23 14:19:12',	'2024-09-23 14:19:12',	NULL,	'web_uploads/thumbnail/66f178e078274-rquilbirium.gif.gif',	'Power Point Presentation'),
(271,	'Flash',	'web_uploads/Biology/movie (2)_3db282b1a6bca0071c1dc797841a2cd0.swf',	1,	2,	3,	88,	'2024-09-24 05:57:47',	'2024-09-24 05:57:47',	NULL,	'web_uploads/thumbnail/66f254db6b511-a-bio-gas_exchange-dia10.gif.gif',	'Power Point Presentation'),
(272,	'Flash',	'web_uploads/Biology/Animation Breathing_cefacefc4e3e53305c818eade31f5840.swf',	1,	2,	3,	88,	'2024-09-24 05:58:59',	'2024-09-24 05:58:59',	NULL,	'web_uploads/thumbnail/66f25523e317b-parts.gif.gif',	'Animated Concept - Breathing'),
(273,	'Flash',	'web_uploads/Biology/Stomata_a53b2f0124fae7cfe30a0579a3a88106.swf',	1,	2,	3,	88,	'2024-09-24 06:31:56',	'2024-09-24 06:31:56',	NULL,	'web_uploads/thumbnail/66f25cdc533b7-stomata gif.gif.gif',	'Animated Concept - Stomata'),
(274,	'Flash',	'web_uploads/Biology/Animation - Opening and Closing of Stomata_b30d074972c75d3aa5adbe6d362971de.swf',	1,	2,	3,	88,	'2024-09-24 06:33:21',	'2024-09-24 06:33:21',	NULL,	'web_uploads/thumbnail/66f25d3165a8b-oie_hGza6ZzEAg3A (1).gif.gif',	'Animated Concept - Opening & Closing of Stomata'),
(275,	'Flash',	'web_uploads/Biology/Animation - Gaseous Exchange during Respiration_534aa01605a2d5ad05d17c8b4f949a95.swf',	1,	2,	3,	88,	'2024-09-24 06:34:47',	'2024-09-24 06:34:47',	NULL,	'web_uploads/thumbnail/66f25d87d3ffd-Exchange of Gases gif.gif.gif',	'Animated Concept - Exchange of Gases'),
(276,	'Flash',	'web_uploads/Biology/Animation - Gaseous Exchange Blood to Lungs_bfb308f044cbf3420656f8961c24fd7a.swf',	1,	2,	3,	88,	'2024-09-24 06:36:21',	'2024-09-24 06:36:21',	NULL,	'web_uploads/thumbnail/66f25de5e172f-blood to.gif.gif',	'Animated Concept - Blood to Lungs During Respiration'),
(277,	'Flash',	'web_uploads/Biology/Respiration New_e7fa0db0b99abe33a2da310b5afd0c2b.swf',	1,	2,	3,	88,	'2024-09-24 07:02:05',	'2024-09-24 07:02:05',	NULL,	'web_uploads/thumbnail/66f263edaa90d-gases-plants).gif.gif',	'Animated Concept - Gaseous Exchange in Plants'),
(278,	'Flash',	'web_uploads/Biology/Respiration New (1)_e2935143f1a15a6cb5e110de379d4e20.swf',	1,	2,	3,	88,	'2024-09-24 07:06:20',	'2024-09-24 07:06:20',	NULL,	'web_uploads/thumbnail/66f264ec6f6c4-Respiration New.jpg.jpg',	'Animated Concept - Respiration'),
(279,	'Flash',	'web_uploads/Biology/The Respiratory System New_c35106e1b31612ae04007212cc87eb49.jpg',	1,	2,	3,	88,	'2024-09-24 07:07:25',	'2024-09-24 07:07:25',	NULL,	'web_uploads/thumbnail/66f2652d6a02f-The Respiratory System New.jpg.jpg',	'Animated Concept - Respiratory System'),
(280,	'Flash',	'web_uploads/Biology/Kingdom Plantae New_e27215e771611e96d048c5a5af21881e.swf',	1,	2,	3,	88,	'2024-09-24 07:08:26',	'2024-09-24 07:08:26',	NULL,	'web_uploads/thumbnail/66f2656a22ae2-Kingdom Plantae.gif.gif',	'Animated Concept - Kingdom Planet'),
(281,	'Flash',	'web_uploads/Biology/Air Quality  Respiratory System_8a986f5e357300e0b8a8273227535944.swf',	1,	2,	3,	88,	'2024-09-24 07:09:39',	'2024-09-24 07:09:39',	NULL,	'web_uploads/thumbnail/66f265b329022-Air Quality.jpg.jpg',	'Animated Concept - Poor Air Quality'),
(282,	'Flash',	'web_uploads/Biology/Gaseous Exchange in Fish New_28fb47aae7f9cc1e2642c0c902845ec3.swf',	1,	2,	3,	88,	'2024-09-24 07:10:45',	'2024-09-24 07:10:45',	NULL,	'web_uploads/thumbnail/66f265f5aa932-oie_corners (3).gif.gif',	'Animated Concept - Gaseous Exchange in Fish'),
(283,	'Flash',	'web_uploads/Biology/Respiratory System of Birds_75a07b965d3d0a40b3d81bbcffe8a889.swf',	1,	2,	3,	88,	'2024-09-24 07:12:35',	'2024-09-24 07:12:35',	NULL,	'web_uploads/thumbnail/66f266633a41b-oie_rounded_corners (4).gif.gif',	'Animated Concept - Respiration in Birds'),
(284,	'Flash',	'web_uploads/Biology/Gaseous Exchange_4cdf20f4982cee046491f54b09f07d1b.swf',	1,	2,	3,	88,	'2024-09-24 07:13:29',	'2024-09-24 07:13:29',	NULL,	'web_uploads/thumbnail/66f2669961e3d-Power Point III.jpg.jpg',	'Power Point Presentation'),
(285,	'Flash',	'web_uploads/Biology/movie_4ce0df7ffa41655366ec667138956c59.swf',	1,	2,	3,	89,	'2024-09-24 07:15:37',	'2024-09-24 07:15:37',	NULL,	'web_uploads/thumbnail/66f26719ae96c-ppt.png.png',	'Power Point Presentation'),
(286,	'Flash',	'web_uploads/Biology/Reflex Action New_06a09176a7ec7b08d30e20b69d8f69a0.swf',	1,	2,	3,	89,	'2024-09-24 07:16:41',	'2024-09-24 07:16:41',	NULL,	'web_uploads/thumbnail/66f26759d5f5e-Reflex Action gif.gif.gif',	'Animated Concept - Reflex Action'),
(287,	'Flash',	'web_uploads/Biology/kidney stone_e5456acd6af97f7f0ff5d93f6822048e.swf',	1,	2,	3,	89,	'2024-09-24 07:28:26',	'2024-09-24 07:28:26',	NULL,	'web_uploads/thumbnail/66f26a1a70d52-Treatment of Kidney Stones.gif.gif',	'Animated Concept - Treatment of Kidney Stone'),
(288,	'Flash',	'web_uploads/Biology/Structure and Function of Kidney_b5271ee14d881886a9943e4d581c78a2.swf',	1,	2,	3,	89,	'2024-09-24 07:29:32',	'2024-09-24 07:29:32',	NULL,	'web_uploads/thumbnail/66f26a5c87c60-How Kidney Worksgif.gif.gif',	'Animated Concept - Function of Kidney'),
(289,	'Flash',	'web_uploads/Biology/Animated Concept - Dialysis _3d49ab08a13a35667fd2384649798f43.swf',	1,	2,	3,	89,	'2024-09-24 07:30:33',	'2024-09-24 07:30:33',	NULL,	'web_uploads/thumbnail/66f26a99e108c-oie_hw2s4rmuRGGM.gif.gif',	'Animated Concept - Dialysis'),
(290,	'Flash',	'web_uploads/Biology/Urinary System_6686bcd3041894193a3fafb10f2021f5.swf',	1,	2,	3,	89,	'2024-09-24 07:31:35',	'2024-09-24 07:31:35',	NULL,	'web_uploads/thumbnail/66f26ad757ad5-Working of human Kidney.gif.gif',	'Animated Concept - Urinary System'),
(291,	'Flash',	'web_uploads/Biology/Urinary System II_75004db913cda32a40f074eb03a3314d.swf',	1,	2,	3,	89,	'2024-09-24 07:33:02',	'2024-09-24 07:33:02',	NULL,	'web_uploads/thumbnail/66f26b2e49a61-oie_ZfXq7R8py8j5.gif.gif',	'Animated Concept - Urinary System and Kidney Function'),
(292,	'Flash',	'web_uploads/Biology/Kidney New_8b16e3f15b9599671f06405d8e34b026.swf',	1,	2,	3,	89,	'2024-09-24 07:34:13',	'2024-09-24 07:34:13',	NULL,	'web_uploads/thumbnail/66f26b75998bc-Kidney New.jpg.jpg',	'Animated Concept - How Kidney  Works'),
(293,	'Flash',	'web_uploads/Biology/Human kidney_36f54e3ea2644f3f4baca2bb14fde397.swf',	1,	2,	3,	89,	'2024-09-24 07:35:21',	'2024-09-24 07:35:21',	NULL,	'web_uploads/thumbnail/66f26bb9d544a-oie_rounded_corners (5).gif.gif',	'Animated Concept - Human Kidney'),
(294,	'Flash',	'web_uploads/Biology/Kidney Stone New_deda668e0dd0923c8560dc9ba4d670b8.swf',	1,	2,	3,	89,	'2024-09-24 07:36:29',	'2024-09-24 07:36:29',	NULL,	'web_uploads/thumbnail/66f26bfd1f8fa-kidney Stones block.gif.gif',	'Animated Concept - Kidney Stone'),
(295,	'Flash',	'web_uploads/Biology/Kidney Transplant New_b6adda087029d2eaf9661b1cc91e8713.swf',	1,	2,	3,	89,	'2024-09-24 07:37:24',	'2024-09-24 07:37:24',	NULL,	'web_uploads/thumbnail/66f26c34bd9f2-Kidney Transplant gif.gif.gif',	'Animated Concept - Kidney Transplant'),
(296,	'Flash',	'web_uploads/Biology/Homeostasis_ef979146f560c8dc5861317ed6ce8f95.swf',	1,	2,	3,	89,	'2024-09-24 07:38:44',	'2024-09-24 07:38:44',	NULL,	'web_uploads/thumbnail/66f26c847509b-Power point.jpg.jpg',	'Power Point Presentation'),
(297,	'Flash',	'web_uploads/Biology/movie (1)_51472987b3f11d1df5650fa22cc0ab44.swf',	1,	2,	3,	90,	'2024-09-24 07:41:03',	'2024-09-24 07:41:03',	NULL,	'web_uploads/thumbnail/66f26d0f83395-Human Nervous System.gif.gif',	'Power Point Presentation'),
(298,	'Flash',	'web_uploads/Biology/Animated Concept - Structure and Function of Brain _06c1eef8e68abc9e03808894c75d4117.swf',	1,	2,	3,	90,	'2024-09-24 07:43:55',	'2024-09-24 07:43:55',	NULL,	'web_uploads/thumbnail/66f26dbbd88c6-oie_rounded_corners (6).gif.gif',	'Animated Concept - The Human Brain'),
(299,	'Flash',	'web_uploads/Biology/Animated Concept - Working of Hypothalamus_411b8fb41860681cc0ed74a060285f64.swf',	1,	2,	3,	90,	'2024-09-24 08:03:43',	'2024-09-24 08:03:43',	NULL,	'web_uploads/thumbnail/66f2725f69ae6-oie_rounded_corners (7).gif.gif',	'Animated Concept - Hypothalamas'),
(300,	'Flash',	'web_uploads/Biology/Animated Concept - Working of Neurons _10ff80bbc28dcf7279bf4ed152b195a2.swf',	1,	2,	3,	90,	'2024-09-24 08:06:56',	'2024-09-24 08:06:56',	NULL,	'web_uploads/thumbnail/66f27320ca6bb-oie_fcIn8zIHToRp.gif.gif',	'Animated Concept - Neurons'),
(301,	'Flash',	'web_uploads/Biology/Muscle New_9ca16b30936dbf2c2c9783d5af39f573.swf',	1,	2,	3,	90,	'2024-09-24 08:07:45',	'2024-09-24 08:07:45',	NULL,	'web_uploads/thumbnail/66f27351847cb-oie_rmgX7BDHME7O.gif.gif',	'Animated Concept - Muscles'),
(302,	'Flash',	'web_uploads/Biology/Animated Concept - Knee Jerk_660eb4eb93a153cd8df68f750ea7fd4e.swf',	1,	2,	3,	90,	'2024-09-24 08:08:45',	'2024-09-24 08:08:45',	NULL,	'web_uploads/thumbnail/66f2738d9f445-oie_FxmrY25YjzjU.gif.gif',	'Animated Concept - Knee Jerk'),
(303,	'Flash',	'web_uploads/Biology/Adrenalin New_77b10586b8f167c98bc755c881310157.swf',	1,	2,	3,	90,	'2024-09-24 08:09:49',	'2024-09-24 08:09:49',	NULL,	'web_uploads/thumbnail/66f273cd92358-Adrenalin New.jpg.jpg',	'Animated Concept - Adrenaline'),
(304,	'Flash',	'web_uploads/Biology/Animated Concept - Adrenaline Fight Flight Control_de43a284b6965f35c9be8768c4c4d23f.swf',	1,	2,	3,	90,	'2024-09-24 08:11:17',	'2024-09-24 08:11:17',	NULL,	'web_uploads/thumbnail/66f27425a7445-Animated Concept - Adrenaline Fight Flight Control.jpg.jpg',	'Animated Concept - Adrenaline Flight Condition'),
(305,	'Flash',	'web_uploads/Biology/Animated Concept - Structure of Eye_ff7005697b641a8c362af58057451f8f.swf',	1,	2,	3,	90,	'2024-09-24 08:12:20',	'2024-09-24 08:12:20',	NULL,	'web_uploads/thumbnail/66f2746442b1f-Human Eye.gif.gif',	'Animated Concept - Human Eye'),
(306,	'Flash',	'web_uploads/Biology/Animated Concept - Structure and Functions of Ear_74014979c7325e65afc87c6477e41be2.swf',	1,	2,	3,	90,	'2024-09-24 08:13:18',	'2024-09-24 08:13:18',	NULL,	'web_uploads/thumbnail/66f2749e6da8e-oie_cr9Tn6Bhqsby.gif.gif',	'Animated Concept - Hearing'),
(307,	'Flash',	'web_uploads/Biology/Animation - Working of Ear_d82c909e4f9eef8b2447ba8dd7981bda.swf',	1,	2,	3,	90,	'2024-09-24 08:14:32',	'2024-09-24 08:14:32',	NULL,	'web_uploads/thumbnail/66f274e8bf661-oie_WNfRMgXmhFwu.gif.gif',	'Animated Concept - Working of Ear'),
(308,	'Flash',	'web_uploads/Biology/Internal Structure of Cochlea_6b7918c32b2e44a0737b9401561b791e.swf',	1,	2,	3,	90,	'2024-09-24 08:16:40',	'2024-09-24 08:16:40',	NULL,	'web_uploads/thumbnail/66f27568866db-Internal Structure of Cochlea.jpg.jpg',	'Animated Concept - Internal structure of cochlea'),
(309,	'Flash',	'web_uploads/Biology/Structure the Ear_b133cede0965adb862cec9a8efc8e0b7.swf',	1,	2,	3,	90,	'2024-09-24 08:17:31',	'2024-09-24 08:17:31',	NULL,	'web_uploads/thumbnail/66f2759bceeae-earRpO6xVnCZW8H.gif.gif',	'Animated Concept - Structure of Ear'),
(310,	'Flash',	'web_uploads/Biology/Eye Structure New_561f780cd1515919ff21a3fe8d15630e.swf',	1,	2,	3,	90,	'2024-09-24 08:18:38',	'2024-09-24 08:18:38',	NULL,	'web_uploads/thumbnail/66f275de138a4-Eye Structure New.jpg.jpg',	'Animated Concept - Eye Structure'),
(311,	'Flash',	'web_uploads/Biology/Anatomy New_3374fe384ed1e127b194ff48285793b3.swf',	1,	2,	3,	90,	'2024-09-24 08:19:48',	'2024-09-24 08:19:48',	NULL,	'web_uploads/thumbnail/66f2762430cab-oie_rounded_corners (8).gif.gif',	'Eye Anatomy'),
(312,	'Flash',	'web_uploads/Biology/Human Brain New_29d0c7e7bb56fa6bf5616885ea0ac229.swf',	1,	2,	3,	90,	'2024-09-24 08:20:59',	'2024-09-24 08:20:59',	NULL,	'web_uploads/thumbnail/66f2766bdd104-oie_xyQLXoDqWRSk.gif.gif',	'Animated Concept - Parts and Function of Brain'),
(313,	'Flash',	'web_uploads/Biology/Blood Vessels New_4429283a380f3873276c64ac2d45575d.swf',	1,	2,	3,	90,	'2024-09-24 08:21:44',	'2024-09-24 08:21:44',	NULL,	'web_uploads/thumbnail/66f27698d2045-Blood Vessels New.jpg.jpg',	'Animated Concept - Blood Vessels'),
(314,	'Flash',	'web_uploads/Biology/Hypothalamus Axis New _fed94db3db45b01879477df1aca72ebe.swf',	1,	2,	3,	90,	'2024-09-24 08:22:51',	'2024-09-24 08:22:51',	NULL,	'web_uploads/thumbnail/66f276db3b29c-Hypothalamus Axis New .jpg.jpg',	'Animated Concept - Hypothalamus Axis'),
(315,	'Flash',	'web_uploads/Biology/Positive and Negative New 0310_8fe633be0266c4108fbf51554ae07b65.swf',	1,	2,	3,	90,	'2024-09-24 08:23:47',	'2024-09-24 08:23:47',	NULL,	'web_uploads/thumbnail/66f2771330043-Positive and Negative New 0310.jpg.jpg',	'Animated Concept - Positive & Negative Feedback'),
(395,	'Flash',	'web_uploads/Biology/Nitrogen Cycle 2 New_8712804ac69bf90274a7ebf05b56333d.swf',	1,	2,	3,	94,	'2024-09-27 07:22:03',	'2024-09-27 07:22:03',	NULL,	'web_uploads/thumbnail/66f65d1b0a89a-Nitrogen Cycle 2 New.jpg.jpg',	'Animated Concept - Nitrogen Cycle'),
(394,	'Flash',	'web_uploads/Biology/Nitrogen Cycle New_093aca9ad2955296489c389062ed3e7b.swf',	1,	2,	3,	94,	'2024-09-27 07:20:03',	'2024-09-27 07:20:03',	NULL,	'web_uploads/thumbnail/66f65ca34c3d0-nitrogen cycle gif.gif.gif',	'Animated Concept - Nitrogen Cycle'),
(320,	'Flash',	'web_uploads/Biology/Skin Structure New_26bd80dd7918ca048f755ee987ec0e4a.swf',	1,	2,	3,	90,	'2024-09-24 09:27:20',	'2024-09-24 09:27:20',	NULL,	'web_uploads/thumbnail/66f285f818a09-oie_qPOm9LG9hfU3.gif.gif',	'Animated Concept - Structure of Skin'),
(321,	'Flash',	'web_uploads/Biology/movie_634eac01d039b20e96db0e2ba923b6bb.swf',	1,	2,	3,	91,	'2024-09-24 09:30:27',	'2024-09-24 09:30:27',	NULL,	'web_uploads/thumbnail/66f286b323b71-support and movemnet gif.gif.gif',	'Power Point Presentation'),
(322,	'Flash',	'web_uploads/Biology/Animated Concept - Skeleton System_592bf9ef7c40bcabf0c3cf4ccaa182db.swf',	1,	2,	3,	91,	'2024-09-24 09:32:06',	'2024-09-24 09:32:06',	NULL,	'web_uploads/thumbnail/66f287167c3c0-human-skelton.gif.gif',	'Animated Concept - Human Skelton System'),
(323,	'Flash',	'web_uploads/Biology/Animation - Osteoporosis_dcb6726af295b50344e4d8eaaba9843f.swf',	1,	2,	3,	91,	'2024-09-24 09:46:05',	'2024-09-24 09:46:05',	NULL,	'web_uploads/thumbnail/66f28a5d78a41-oie_DL4nra7j4LV4.gif.gif',	'Animated Concept - Osteoprosis'),
(324,	'Flash',	'web_uploads/Biology/Bones of Skeletal System_e1c21f1271e4f633f723a0dc1702de6b.swf',	1,	2,	3,	91,	'2024-09-24 09:46:55',	'2024-09-24 09:46:55',	NULL,	'web_uploads/thumbnail/66f28a8f8c79c-human bones gif.gif.gif',	'Animated Concept - Human Bones'),
(326,	'Flash',	'web_uploads/Biology/Skeleton Tutorial New_ba70121fc6f50186b7ef15a5b94aad67.swf',	1,	2,	3,	91,	'2024-09-24 09:48:22',	'2024-09-24 09:48:22',	NULL,	'web_uploads/thumbnail/66f28ae6997dd-oie_KgcTOCeyBFKL.gif.gif',	'Animated Concept - Skelton Tutorial'),
(393,	'Flash',	'web_uploads/Biology/Green House Effect New_4bea728f2351327801d4a383b532cfe2.swf',	1,	2,	3,	94,	'2024-09-27 07:00:52',	'2024-09-27 07:00:52',	NULL,	'web_uploads/thumbnail/66f65824e9518-green house effect gif.gif.gif',	'Animated Concept - Green House Effect'),
(392,	'Flash',	'web_uploads/Biology/Global Warming New_f96433b827f1af9b511b0e12d4349217.swf',	1,	2,	3,	94,	'2024-09-27 06:42:12',	'2024-09-27 06:42:12',	NULL,	'web_uploads/thumbnail/66f653c491538-global warming gif.gif.gif',	'Animated Concept - Global Warming'),
(329,	'Flash',	'web_uploads/Biology/The Skeletal System_85a236ac3af72358549c4df6ec09be29.swf',	1,	2,	3,	91,	'2024-09-24 09:49:57',	'2024-09-24 09:49:57',	NULL,	'web_uploads/thumbnail/66f28b45e9094-oie_jdbFjztOfeTc.gif.gif',	'Animated Concept - The Skelton System'),
(391,	'Flash',	'web_uploads/Biology/Acid Rain New_60294b895c0fbf1291b0ba9adab44e3f.swf',	1,	2,	3,	94,	'2024-09-27 06:41:04',	'2024-09-27 06:41:04',	NULL,	'web_uploads/thumbnail/66f653805b308-acid rain gif.gif.gif',	'Animated Concept - Acid Drain'),
(331,	'Flash',	'web_uploads/Biology/movie_3ba8059e37ebf2fb61dae5eaf34fcbfe.swf',	1,	1,	1,	26,	'2024-09-24 09:50:54',	'2024-09-24 09:50:54',	NULL,	'web_uploads/thumbnail/66f28b7eccb80-oie_j9YrSaCJYU1h.gif.gif',	'tree'),
(332,	'Pdf',	'web_uploads/Physics/2nd Assessment Examination Schedule_57c8d6ac83f3f59e38b30b6e92c357ea.pdf',	2,	1,	4,	6,	'2024-09-24 09:51:16',	'2024-09-24 09:51:16',	NULL,	'web_uploads/thumbnail/66f28b949a083-pngwing.com (51).png.png',	'Final term'),
(390,	'Flash',	'web_uploads/Biology/Carbon Cycle 2 New_18b3897327a49bfb494e4962d1dc58ad.swf',	1,	2,	3,	94,	'2024-09-27 06:39:23',	'2024-09-27 06:39:23',	NULL,	'web_uploads/thumbnail/66f6531be20c4-carbon cycle gif.gif.gif',	'Animated Concept - Carbon Cycle'),
(334,	'Pdf',	'web_uploads/Biology/Attendance_1d2d6f56a109794675271baa011ca89c.pdf',	1,	4,	4,	20,	'2024-09-24 09:55:41',	'2024-09-24 09:55:41',	NULL,	'web_uploads/thumbnail/66f28c9d7e917-pngwing.com (54).png.png',	'Final term'),
(335,	'Pdf',	'web_uploads/Physics/class Xi_cf66a5e6aaebd8291b5bd5d9650713b7.pdf',	2,	4,	4,	7,	'2024-09-24 09:56:22',	'2024-09-24 09:56:22',	NULL,	'web_uploads/thumbnail/66f28cc6830f4-pngwing.com (32).png.png',	'Final term'),
(385,	'Flash',	'web_uploads/Biology/Animated Concept - Food Chain_fe12621d5da9f37a517e8a6840b824b1.swf',	1,	2,	3,	94,	'2024-09-26 10:57:06',	'2024-09-26 10:57:06',	NULL,	'web_uploads/thumbnail/66f53e02e365f-oie_0VesNuu1v5dI.gif.gif',	'Animated Concept - Food Chain'),
(337,	'Pdf',	'web_uploads/Mathematics/Microeconomics Short Questions_e72972e42212e00c0375bcd610fd978d.pdf',	3,	1,	1,	9,	'2024-09-24 10:00:29',	'2024-09-24 10:00:29',	NULL,	'web_uploads/thumbnail/66f28dbd0b7d2-pngwing.com (21).png.png',	'pdf file'),
(338,	'Pdf',	'web_uploads/Mathematics/Microeconomics Short Questions_f49504f226fbf1a70e9a9964d375c2fe.pdf',	3,	1,	4,	10,	'2024-09-24 10:01:02',	'2024-09-24 10:01:02',	NULL,	'web_uploads/thumbnail/66f28dde01358-pngwing.com (21).png.png',	'pdf file'),
(384,	'Flash',	'web_uploads/Biology/Animated Concept - Ecosystem _a32d4478e2c5f5d9cf66823004af9acc.swf',	1,	2,	3,	94,	'2024-09-26 10:55:59',	'2024-09-26 10:55:59',	NULL,	'web_uploads/thumbnail/66f53dbfe0c0b-Animated Concept - Ecosystem .jpg.jpg',	'Animated Concept - Interaction in Ecosystem'),
(340,	'Pdf',	'web_uploads/Mathematics/Microeconomics Short Questions_7f242be023b8c19e5eb9c0104ade2735.pdf',	3,	3,	1,	10,	'2024-09-24 10:01:52',	'2024-09-24 10:01:52',	NULL,	'web_uploads/thumbnail/66f28e101cea4-pngwing.com (21).png.png',	'pdf file'),
(341,	'Pdf',	'web_uploads/Physics/Microeconomics Short Questions_8222aa3865c23183dc0c9ba3d00173b4.pdf',	2,	1,	1,	40,	'2024-09-24 10:02:40',	'2024-09-24 10:02:40',	NULL,	'web_uploads/thumbnail/66f28e408cad3-pngwing.com (21).png.png',	'pdf file'),
(342,	'Video',	'web_uploads/Physics/Kinematics_c3b74d303c52c1ca0d8c75e7cdba510e.mp4',	2,	1,	3,	46,	'2024-09-28 11:18:59',	'2024-09-24 10:03:23',	NULL,	'web_uploads/thumbnail/66f28e6b3e848-1726836134610.jpg.jpg',	'PPT'),
(343,	'Pdf',	'web_uploads/Chemistry/Microeconomics Short Questions_42f7136147cbcfe3045fc0e0a3c12b84.pdf',	4,	3,	4,	37,	'2024-09-24 10:03:25',	'2024-09-24 10:03:25',	NULL,	'web_uploads/thumbnail/66f28e6d0004b-pngwing.com (21).png.png',	'pdf file'),
(344,	'Pdf',	'web_uploads/Physics/World Geography long_36dec825a6fc90c25b6343a8df7c1ecd.pdf',	2,	1,	1,	8,	'2024-09-24 10:03:52',	'2024-09-24 10:03:52',	NULL,	'web_uploads/thumbnail/66f28e8826d98-pngwing.com (21).png.png',	'pdf file'),
(345,	'Pdf',	'web_uploads/Physics/World Geography long_ce29c3ffb5950c14017f143f4c7dfef9.pdf',	2,	1,	1,	41,	'2024-09-24 10:04:10',	'2024-09-24 10:04:10',	NULL,	'web_uploads/thumbnail/66f28e9a9ff2a-pngwing.com (21).png.png',	'pdf file'),
(346,	'Pdf',	'web_uploads/Physics/World Geography long_e4c3245da57b55a21ec750cf0eebf58e.pdf',	2,	1,	4,	7,	'2024-09-24 10:17:37',	'2024-09-24 10:17:37',	NULL,	'web_uploads/thumbnail/66f291c1ec719-pngwing.com (21).png.png',	'pdf file'),
(347,	'Flash',	'web_uploads/Biology/The Skeletal System_77a4f88742559ba1d110486c430537bb.swf',	1,	2,	3,	91,	'2024-09-24 10:37:42',	'2024-09-24 10:37:42',	NULL,	'web_uploads/thumbnail/66f29676c21b2-oie_jdbFjztOfeTc.gif.gif',	'Animated Concept - The Skelton System'),
(348,	'Flash',	'web_uploads/Biology/Contraction of Skeletal Muscle New_f1326bd4a09220543f5aa2f51bbc6a69.swf',	1,	2,	3,	91,	'2024-09-24 10:38:51',	'2024-09-24 10:38:51',	NULL,	'web_uploads/thumbnail/66f296bbe9cf1-contr-4v3BRggTa8sm.gif.gif',	'Animated Concept - Contraction of Skelton Muscle'),
(349,	'Pdf',	'web_uploads/Physics/World Geography long_060712c4ba3e0c95d7f5d42251b2c541.pdf',	2,	4,	4,	41,	'2024-09-24 10:40:29',	'2024-09-24 10:40:29',	NULL,	'web_uploads/thumbnail/66f2971d02140-pngwing.com (21).png.png',	'pdf file'),
(350,	'Flash',	'web_uploads/Biology/Skeleton Object New_653b0f3fdf5dae62b3135f517d170f6f.swf',	1,	2,	3,	91,	'2024-09-24 10:40:30',	'2024-09-24 10:40:30',	NULL,	'web_uploads/thumbnail/66f2971e42377-Bones of Skeletal System.gif.gif',	'Animated Concept - About Bones'),
(351,	'Flash',	'web_uploads/Biology/Harmonal Communication New 0210_542bc9df3928595a1f26be106315120b.swf',	1,	2,	3,	91,	'2024-09-24 10:42:09',	'2024-09-24 10:42:09',	NULL,	'web_uploads/thumbnail/66f2978179012-harmonalT.gif.gif',	'Animated Concept - Harmonal Communication'),
(352,	'Flash',	'web_uploads/Biology/SUPPORT AND MOVEMENT_41615b17b4a6268d9472bcdbeba9dc25.swf',	1,	2,	3,	91,	'2024-09-24 10:43:15',	'2024-09-24 10:43:15',	NULL,	'web_uploads/thumbnail/66f297c3b821e-Power point.jpg.jpg',	'Power Point Presentation'),
(353,	'Flash',	'web_uploads/Biology/movie (1)_8fbb50d9f1d98fa285e19b4efaa9066b.swf',	1,	2,	3,	92,	'2024-09-24 10:44:49',	'2024-09-24 10:44:49',	NULL,	'web_uploads/thumbnail/66f2982101b40-Power point.jpg.jpg',	'Power Point Presentation'),
(389,	'Flash',	'web_uploads/Biology/What is an Ecosystem New_d71d210bc16eedf79d45291338eb0185.swf',	1,	2,	3,	94,	'2024-09-27 06:00:36',	'2024-09-27 06:00:36',	NULL,	'web_uploads/thumbnail/66f64a0411235-Ecosys.gif.gif',	'Animated Concept - Ecosystem'),
(388,	'Flash',	'web_uploads/Biology/Ecology_dc023acc36ad93403ee533ea74a3b55a.swf',	1,	2,	3,	94,	'2024-09-27 05:59:29',	'2024-09-27 05:59:29',	NULL,	'web_uploads/thumbnail/66f649c1d8779-Ecosystem - V.jpg.jpg',	'Animated Concept - Ecology Activity'),
(387,	'Flash',	'web_uploads/Biology/Food Pyramid_0bc035c4a8f153c5ec6888cd05b99c0d.swf',	1,	2,	3,	94,	'2024-09-27 05:58:17',	'2024-09-27 05:58:17',	NULL,	'web_uploads/thumbnail/66f64979cecbb-food pyramid gif.gif.gif',	'Animated Concept - Food Paramid'),
(386,	'Flash',	'web_uploads/Biology/Food Pyramid New_3b400aacf5f6008df2183081e8e65583.swf',	1,	2,	3,	94,	'2024-09-27 05:56:56',	'2024-09-27 05:56:56',	NULL,	'web_uploads/thumbnail/66f6492862283-food Pyramid - X.jpg.jpg',	'Animated Concept - Food Paramid'),
(360,	'Pdf',	'web_uploads/Chemistry/Microeconomics Short Questions_f1d7c692a53ebe7a278190a0475844f6.pdf',	4,	3,	4,	21,	'2024-09-24 11:19:56',	'2024-09-24 11:19:56',	NULL,	'web_uploads/thumbnail/66f2a05c4a504-pngwing.com (21).png.png',	'pdf file'),
(361,	'Flash',	'web_uploads/Biology/Animation - Flower _4a2eb482d4704af294db6cd138925a1a.swf',	1,	2,	3,	92,	'2024-09-24 11:54:57',	'2024-09-24 11:54:57',	NULL,	'web_uploads/thumbnail/66f2a891c5d0f-oie_BQUBxBVZQG7S.gif.gif',	'Animated Concept - Whoris Flower'),
(362,	'Flash',	'web_uploads/Biology/Animation - Pollination and Fertilization_b0980244daa5856f923d055c29aa1b00.swf',	1,	2,	3,	92,	'2024-09-24 11:56:11',	'2024-09-24 11:56:11',	NULL,	'web_uploads/thumbnail/66f2a8db58075-oie_QZL0guIYWFbB.gif.gif',	'Animated Concept - Pollination'),
(363,	'Flash',	'web_uploads/Biology/Animated Concept - Vegetative Propagation _32a544765ca9fb40a58d994721caf019.swf',	1,	2,	3,	92,	'2024-09-25 05:55:03',	'2024-09-25 05:55:03',	NULL,	'web_uploads/thumbnail/66f3a5b7c6a06-Seeds.gif.gif',	'Animated Concept - Vegetive Propagation'),
(364,	'Flash',	'web_uploads/Biology/Animated Concept - Budding_ba00810fced10e56ce29fd000bf79082.swf',	1,	2,	3,	92,	'2024-09-25 08:08:29',	'2024-09-25 08:08:29',	NULL,	'web_uploads/thumbnail/66f3c4fd97ea0-budding.gif.gif',	'Animated Concept - Budding'),
(365,	'Flash',	'web_uploads/Biology/Animated Concept - Binary Fission_d74b84a31b01e7b09a8f613b4b3648b5.swf',	1,	2,	3,	92,	'2024-09-25 08:09:44',	'2024-09-25 08:09:44',	NULL,	'web_uploads/thumbnail/66f3c54805562-binary.gif.gif',	'Animated Concept - Binary Fission'),
(366,	'Flash',	'web_uploads/Biology/Frog Blastula New_903ccec1334971707faa19dd8eb297e8.swf',	1,	2,	3,	92,	'2024-09-25 08:11:11',	'2024-09-25 08:11:11',	NULL,	'web_uploads/thumbnail/66f3c59fb5a59-Frog Blastula New.jpg.jpg',	'Animated Concept - Frog Blastua'),
(367,	'Flash',	'web_uploads/Biology/Factors Affect Seed_45954704800fac2643fb328c604dfa5c.swf',	1,	2,	3,	92,	'2024-09-25 08:13:25',	'2024-09-25 08:13:25',	NULL,	'web_uploads/thumbnail/66f3c6254447d-Factors Affect Seed germination.jpg.jpg',	'Animated Concept - Germination Factors'),
(368,	'Flash',	'web_uploads/Biology/Hydra Budding New_36636d9f8accb8a3cfe54e4f8f28d8c3.swf',	1,	2,	3,	92,	'2024-09-25 08:19:41',	'2024-09-25 08:19:41',	NULL,	'web_uploads/thumbnail/66f3c79d38338-Hydra Budding 2.jpg.jpg',	'Animated Concept - Hydra Budding'),
(369,	'Flash',	'web_uploads/Biology/Alternation of Generation New_4c02b925a30c742f9b25de81aacee19a.swf',	1,	2,	3,	92,	'2024-09-25 08:20:37',	'2024-09-25 08:20:37',	NULL,	'web_uploads/thumbnail/66f3c7d5e9f3b-Alternation of Generation New.jpg.jpg',	'Animated Concept - Alteration of Generation'),
(370,	'Flash',	'web_uploads/Biology/Reproduction_1b21886e0dc46ef2ca4889878342d030.swf',	1,	2,	3,	92,	'2024-09-25 08:21:57',	'2024-09-25 08:21:57',	NULL,	'web_uploads/thumbnail/66f3c825e12ea-Power point.jpg.jpg',	'Power Point Presentation'),
(371,	'Flash',	'web_uploads/Biology/Sporulation New_1b936de8775b689b4ecfb1d85ac224b4.swf',	1,	2,	3,	92,	'2024-09-25 08:49:17',	'2024-09-25 08:49:17',	NULL,	'web_uploads/thumbnail/66f3ce8d30c3d-Sporulation New.jpg.jpg',	'Animated Concept - Sporulation'),
(372,	'Flash',	'web_uploads/Biology/Monocot  Dicot Seeds New_ecb9f52e7bbba0c8d0c065e67d82ffca.swf',	1,	2,	3,	92,	'2024-09-25 08:50:38',	'2024-09-25 08:50:38',	NULL,	'web_uploads/thumbnail/66f3cede2320d-Monocot  Dicot Seeds New.jpg.jpg',	'Animated Concept - Monocot and Dicot Seeds'),
(373,	'Flash',	'web_uploads/Biology/Plant Reproduction New_31d2cfb170f19df29fff3a02c840072d.swf',	1,	2,	3,	92,	'2024-09-25 08:51:40',	'2024-09-25 08:51:40',	NULL,	'web_uploads/thumbnail/66f3cf1cc785d-repro-plant.gif.gif',	'Animated Concept - Reproduction in Plant'),
(374,	'Flash',	'web_uploads/Biology/Spermatogenesis New 0310_53d108b3cacc4c5040a482947e078be4.swf',	1,	2,	3,	92,	'2024-09-25 08:53:20',	'2024-09-25 08:53:20',	NULL,	'web_uploads/thumbnail/66f3cf8047305-Spermatogenesis New 0310.jpg.jpg',	'Animated Concept - Spermatogenesis'),
(375,	'Flash',	'web_uploads/Biology/movie_6e237dd218d383cfc38b4bbef4e92e22.swf',	1,	2,	3,	93,	'2024-09-25 08:54:45',	'2024-09-25 08:54:45',	NULL,	'web_uploads/thumbnail/66f3cfd5a2d69-Mendels Experiment.jpg.jpg',	'Power Point Presentation'),
(376,	'Flash',	'web_uploads/Biology/Animation - Mendles Law_03c23e040f9ae8da1d29394270ce9055.swf',	1,	2,	3,	93,	'2024-09-25 08:55:52',	'2024-09-25 08:55:52',	NULL,	'web_uploads/thumbnail/66f3d0188cefb-mendles-law.gif.gif',	'Animated Concept - Mendel\'s Law'),
(377,	'Flash',	'web_uploads/Biology/DNA Nitrogenous Base New_ef8561c53104de6756f78cd3fd12d013.swf',	1,	2,	3,	93,	'2024-09-25 08:57:04',	'2024-09-25 08:57:04',	NULL,	'web_uploads/thumbnail/66f3d060d07a7-DNA Nitrogenous Base New.jpg.jpg',	'Animated Concept - DNANitrogenous Base'),
(378,	'Flash',	'web_uploads/Biology/INHERITANCE_b5ae66a7f5901bf6ecbb394e5358177b.swf',	1,	2,	3,	93,	'2024-09-25 08:57:57',	'2024-09-25 08:57:57',	NULL,	'web_uploads/thumbnail/66f3d0958a9a7-Power Point V.jpg.jpg',	'Animated Concept'),
(379,	'Flash',	'web_uploads/Biology/DNA Structure New_14ab2eb7cfdebbf93688e8455b707976.swf',	1,	2,	3,	93,	'2024-09-25 08:58:57',	'2024-09-25 08:58:57',	NULL,	'web_uploads/thumbnail/66f3d0d11b7ee-oie_Ymr2dA4hkxAn.gif.gif',	'Animated Concept - DNA Structure'),
(380,	'Flash',	'web_uploads/Biology/Sex Determination New_b29fdc5a2d2d0e775116b1cf71000457.swf',	1,	2,	3,	93,	'2024-09-25 08:59:44',	'2024-09-25 08:59:44',	NULL,	'web_uploads/thumbnail/66f3d100e74e2-Sex Determination New.jpg.jpg',	'Animated Concept - Sex Determination'),
(381,	'Flash',	'web_uploads/Biology/Gene Code n Hereidity 0510_8a997d7ddf4acf1437823cefb72e1f26.swf',	1,	2,	3,	93,	'2024-09-25 09:33:38',	'2024-09-25 09:33:38',	NULL,	'web_uploads/thumbnail/66f3d8f22f59e-oie_0Knm65Gch6cI.gif.gif',	'Animated Concept - Gene Code'),
(382,	'Flash',	'web_uploads/Biology/Genetics New_f8e1ec4ffe906b02aef7f41230ce7c4c.swf',	1,	2,	3,	93,	'2024-09-25 09:36:09',	'2024-09-25 09:36:09',	NULL,	'web_uploads/thumbnail/66f3d98971337-oie_EhXXlcLpuVam.gif.gif',	'Animated Concept - Genetics'),
(383,	'Flash',	'web_uploads/Biology/Organelles_916ad1b80998a1584017e928bf09f6c5.swf',	1,	2,	3,	93,	'2024-09-25 09:56:26',	'2024-09-25 09:56:26',	NULL,	'web_uploads/thumbnail/66f3de4aeada1-oie_8Eu5u6DNMqwG.gif.gif',	'Animated Concept - Organelles'),
(396,	'Video',	'web_uploads/Physics/Dynamics_1c4efa0d1ee440b071f6710846847779.mp4',	2,	1,	3,	87,	'2024-09-27 11:51:36',	'2024-09-27 11:51:36',	NULL,	'web_uploads/thumbnail/66f69c4863129-1726836134610.jpg.jpg',	'PPT'),
(397,	'Video',	'web_uploads/Physics/Turning Effect of Forces_263ed6f309f5d8213484c3b4cd5219c0.mp4',	2,	1,	3,	40,	'2024-09-27 12:05:27',	'2024-09-27 12:05:27',	NULL,	'web_uploads/thumbnail/66f69f86f0ca8-1726836134610.jpg.jpg',	'PPT'),
(398,	'Flash',	'web_uploads/Biology/MAN AND HIS EVNIROMNMENT_88d82384f35e2b7a7607350cf79b7639.swf',	1,	2,	3,	94,	'2024-09-27 13:17:01',	'2024-09-27 13:17:01',	NULL,	'web_uploads/thumbnail/66f6b04db9d81-Man and his.jpg.jpg',	'Power Point Presentation'),
(399,	'Flash',	'web_uploads/Biology/movie_0eb635c9b63116f8712ce0e698466daa.swf',	1,	2,	3,	95,	'2024-09-27 13:18:42',	'2024-09-27 13:18:42',	NULL,	'web_uploads/thumbnail/66f6b0b20a74a-ppt.png.png',	'Power Point Presentation'),
(400,	'Flash',	'web_uploads/Biology/Transgenic Plants_676dfc04ee26bee4dfd4eaa23daa66e1.swf',	1,	2,	3,	95,	'2024-09-27 13:19:47',	'2024-09-27 13:19:47',	NULL,	'web_uploads/thumbnail/66f6b0f3c8553-transgenic plants gif.gif.gif',	'Animated Concept - Transgenic Plant'),
(401,	'Flash',	'web_uploads/Biology/Cloning New 1010_e28154aa6b57176f3db1642f7a0fafd6.swf',	1,	2,	3,	95,	'2024-09-27 13:27:49',	'2024-09-27 13:27:49',	NULL,	'web_uploads/thumbnail/66f6b2d54c463-cloning gif.gif.gif',	'Animated Concept - Cloning'),
(402,	'Flash',	'web_uploads/Biology/Fermentation New_768e133e4b9e9ec64c2855ea3f5dbd77.swf',	1,	2,	3,	95,	'2024-09-27 13:31:11',	'2024-09-27 13:31:11',	NULL,	'web_uploads/thumbnail/66f6b39f840a3-fermentaation gif.gif.gif',	'Animated Concept - Fermentation'),
(403,	'Flash',	'web_uploads/Biology/Genetic Enginering New_f62e6e6e8717227585c06ebb72869665.swf',	1,	2,	3,	95,	'2024-09-27 13:31:57',	'2024-09-27 13:31:57',	NULL,	'web_uploads/thumbnail/66f6b3cd543ed-genetic engeneering igf.gif.gif',	'Animated Concept - Generic Engineering'),
(404,	'Flash',	'web_uploads/Biology/Biotec_ad1a39fa909563c26bd0556df3f278f6.swf',	1,	2,	3,	95,	'2024-09-27 13:49:21',	'2024-09-27 13:49:21',	NULL,	'web_uploads/thumbnail/66f6b7e1dc12e-Power point.jpg.jpg',	'Power Point Presentation'),
(405,	'Flash',	'web_uploads/Biology/Pharmacology_ecf882f7a96263f0bf74c0dbe613d4b7.swf',	1,	2,	3,	96,	'2024-09-27 13:58:13',	'2024-09-27 13:58:13',	NULL,	'web_uploads/thumbnail/66f6b9f5ba660-Power point.jpg.jpg',	'Power Point Presentation'),
(406,	'Flash',	'web_uploads/Biology/movie (1)_742dfdb5a014c5964b596d335af641ba.swf',	1,	2,	3,	96,	'2024-09-27 14:01:00',	'2024-09-27 14:01:00',	NULL,	'web_uploads/thumbnail/66f6ba9c30107-Power Point III.jpg.jpg',	'Power Point Presentation'),
(407,	'Flash',	'web_uploads/Chemistry/Animation - Equilibrium_346c7aab227af95f51c16bff9521cf68.swf',	4,	2,	3,	98,	'2024-09-27 14:05:21',	'2024-09-27 14:05:21',	NULL,	'web_uploads/thumbnail/66f6bba16511f-oie_rounded_corners.gif.gif',	'Animated Concept'),
(408,	'Flash',	'web_uploads/Chemistry/PPT - Chemical Equilibrium_e92baf709e02c149d22309e3ca2a6a67.swf',	4,	2,	3,	98,	'2024-09-28 11:42:14',	'2024-09-28 11:42:14',	NULL,	'web_uploads/thumbnail/66f7eb967decf-ppt.gif.gif',	'Power Point Presentation'),
(409,	'Flash',	'web_uploads/Chemistry/PPT - Equilibrium_67eb97843179d9d943a749a0b6e9e710.swf',	4,	2,	3,	98,	'2024-09-28 11:47:26',	'2024-09-28 11:47:26',	NULL,	'web_uploads/thumbnail/66f7ecce5c98b-ppt2.gif.gif',	'Power Point Presentation'),
(410,	'Flash',	'web_uploads/Chemistry/movie_124429fde24d4e2cb32d723780dd9233.swf',	4,	2,	3,	98,	'2024-09-28 11:53:28',	'2024-09-28 11:53:28',	NULL,	'web_uploads/thumbnail/66f7ee38339b5-Power Point V.jpg.jpg',	'Power Point Presentation'),
(411,	'Flash',	'web_uploads/Chemistry/Animation - Acid Dissolve in Water_b1e11ea03835b48d56afb4f625cec27d.swf',	4,	2,	3,	97,	'2024-09-28 12:02:30',	'2024-09-28 12:02:30',	NULL,	'web_uploads/thumbnail/66f7f0565f29f-base turns red.gif.gif',	'Animated Concept'),
(412,	'Flash',	'web_uploads/Chemistry/Animation # 2 - Acid Dissolve in Water _ea65ccd30b7a86bb4f5ab09a927f1e4c.swf',	4,	2,	3,	97,	'2024-09-28 12:03:39',	'2024-09-28 12:03:39',	NULL,	'web_uploads/thumbnail/66f7f09b27e47-Animation # 2 - Acid Dissolve in Water .jpg.jpg',	'Animated Concept'),
(413,	'Flash',	'web_uploads/Chemistry/movie_64041b564fbf39594470bede13e2da8e.swf',	4,	2,	3,	97,	'2024-09-28 12:05:23',	'2024-09-28 12:05:23',	NULL,	'web_uploads/thumbnail/66f7f103a5c86-Power point.jpg.jpg',	'Power Point Presentation'),
(414,	'Flash',	'web_uploads/Chemistry/Animation - Free Molecules_59e8e134ae8b28ee4430bebe18e48d0d.swf',	4,	2,	3,	99,	'2024-09-28 12:07:13',	'2024-09-28 12:07:13',	NULL,	'web_uploads/thumbnail/66f7f171df995-oie_UDGphMB2W5p0.gif.gif',	'Animated Concept'),
(415,	'Flash',	'web_uploads/Chemistry/PPT - Alkanes_50900f0929b70e26137dda5fdefebf76.swf',	4,	2,	3,	99,	'2024-09-28 12:08:27',	'2024-09-28 12:08:27',	NULL,	'web_uploads/thumbnail/66f7f1bb0889e-oie_oie_animation (1).gif.gif',	'Power Point Presentation'),
(416,	'Flash',	'web_uploads/Chemistry/movie_9780a29796069aa109d3776e26f29ddb.swf',	4,	2,	3,	99,	'2024-09-28 12:09:20',	'2024-09-28 12:09:20',	NULL,	'web_uploads/thumbnail/66f7f1f00b979-Power point.jpg.jpg',	'Power Point Presentation'),
(417,	'Flash',	'web_uploads/Chemistry/movie (1)_f68a89bdb7cfe3bb4ff974ee4c0d4673.swf',	4,	2,	3,	100,	'2024-09-28 12:11:10',	'2024-09-28 12:11:10',	NULL,	'web_uploads/thumbnail/66f7f25e01f4b-Power Point III.jpg.jpg',	'Power Point Presentation'),
(418,	'Flash',	'web_uploads/Chemistry/Nucleic Acids_98b57f2003175db090fdf46816bf02f2.swf',	4,	2,	3,	101,	'2024-09-28 12:13:22',	'2024-09-28 12:13:22',	NULL,	'web_uploads/thumbnail/66f7f2e269d34-oie_wluxZ7xy3mMV.gif.gif',	'Power Point Presentation'),
(419,	'Flash',	'web_uploads/Chemistry/movie_4b0f89e94dc393e95854b6b116b0a19d.swf',	4,	2,	3,	101,	'2024-09-28 12:19:15',	'2024-09-28 12:19:15',	NULL,	'web_uploads/thumbnail/66f7f443c3913-Power point.jpg.jpg',	'Power Point Presentation'),
(420,	'Flash',	'web_uploads/Chemistry/Animation - Composition of Air_94e819bd34d17f1dbbec837083122a63.swf',	4,	2,	3,	102,	'2024-09-28 12:21:39',	'2024-09-28 12:21:39',	NULL,	'web_uploads/thumbnail/66f7f4d3d9a7b-oie_rounded_corners (13).gif.gif',	'Animated Concept - Composition of Air'),
(421,	'Flash',	'web_uploads/Chemistry/Animation - Air Pollutants_69234995639d962a74a8a9cc7e33bed9.swf',	4,	2,	3,	102,	'2024-09-28 12:23:49',	'2024-09-28 12:23:49',	NULL,	'web_uploads/thumbnail/66f7f55530ebc-oie_nhqoscrhdi0h.gif.gif',	'Animated Concept - Air Polluants'),
(422,	'Flash',	'web_uploads/Chemistry/movie_5ac14fe1a12dc58e66720cc4fbd236bf.swf',	4,	2,	3,	102,	'2024-09-28 12:35:37',	'2024-09-28 12:35:37',	NULL,	'web_uploads/thumbnail/66f7f819ecedc-Power Point III.jpg.jpg',	'Power Point Presentation'),
(423,	'Flash',	'web_uploads/Chemistry/Animation - Waste Water Treatment_c632ba2a5e249057f6808882cf05da49.swf',	4,	2,	3,	103,	'2024-09-28 12:42:09',	'2024-09-28 12:42:09',	NULL,	'web_uploads/thumbnail/66f7f9a14376c-oie_wsbH5muQMW4i.gif.gif',	'Animated Concept - Waste Water Treatment'),
(424,	'Flash',	'web_uploads/Chemistry/movie_d87802a4430d8dd95b73d8f97019f704.swf',	4,	2,	3,	103,	'2024-09-28 12:43:15',	'2024-09-28 12:43:15',	NULL,	'web_uploads/thumbnail/66f7f9e30fe53-Power point.jpg.jpg',	'Power Point Presentation'),
(425,	'Flash',	'web_uploads/Chemistry/Animation - Extraction of Aluminium_037ee967a94f81dbcb3848bf9a502e82.swf',	4,	2,	3,	104,	'2024-09-28 12:44:43',	'2024-09-28 12:44:43',	NULL,	'web_uploads/thumbnail/66f7fa3b7a44e-Animation - Extraction of Aluminium.jpg.jpg',	'Animated Concept - Extraction of Aluminium'),
(426,	'Flash',	'web_uploads/Chemistry/Ammonia Solvay Process _e2e47f7992af7ed3f78ba85165348325.swf',	4,	2,	3,	104,	'2024-09-28 12:45:58',	'2024-09-28 12:45:58',	NULL,	'web_uploads/thumbnail/66f7fa8644799-Ammonia .gif.gif',	'Animated Concept - Amonia'),
(427,	'Flash',	'web_uploads/Chemistry/Urea Manufacture_e58c5b7c2abc0e37927d3ffe34edd17d.swf',	4,	2,	3,	104,	'2024-09-28 12:53:08',	'2024-09-28 12:53:08',	NULL,	'web_uploads/thumbnail/66f7fc33e7030-Urea Prod.gif.gif',	'Animated Concept - Urea Production'),
(428,	'Flash',	'web_uploads/Chemistry/Animation - Extraction of Copper_722da1d4eb2006c1686e61c85495980f.swf',	4,	2,	3,	104,	'2024-09-28 13:01:33',	'2024-09-28 13:01:33',	NULL,	'web_uploads/thumbnail/66f7fe2de69b6-Animation - Extraction of Copper.jpg.jpg',	'Animated Concept - Extraction of Copper'),
(429,	'Flash',	'web_uploads/Chemistry/movie_d0232db60d531a55cf75b884341a1b4b.swf',	4,	2,	3,	104,	'2024-09-28 13:17:56',	'2024-09-28 13:17:56',	NULL,	'web_uploads/thumbnail/66f80204c9a0e-Power Point V.jpg.jpg',	'Power Point Presentation'),
(430,	'Flash',	'web_uploads/Mathematics/movie (1)_be5a0ac094505d9fee0cc92535f5b5bc.swf',	3,	2,	3,	50,	'2024-09-28 13:47:37',	'2024-09-28 13:47:37',	NULL,	'web_uploads/thumbnail/66f808f938c6b-Power point.jpg.jpg',	'Power Point Presentation'),
(431,	'Flash',	'web_uploads/Mathematics/movie_cec101a84843cec2147e995617b13bbb.swf',	3,	2,	3,	51,	'2024-09-28 13:48:45',	'2024-09-28 13:48:45',	NULL,	'web_uploads/thumbnail/66f8093d3b1bd-Power Point III.jpg.jpg',	'Power Point Presentation'),
(432,	'Flash',	'web_uploads/Mathematics/movie (1)_f8d558c3b1a2149493a2890166b39ae8.swf',	3,	2,	3,	52,	'2024-09-28 13:55:56',	'2024-09-28 13:55:56',	NULL,	'web_uploads/thumbnail/66f80aec400e3-Power point.jpg.jpg',	'Power Point Presentation'),
(433,	'Flash',	'web_uploads/Mathematics/movie_de7957c8d94689c88ccf41005e3010c3.swf',	3,	2,	3,	53,	'2024-09-28 13:56:49',	'2024-09-28 13:56:49',	NULL,	'web_uploads/thumbnail/66f80b21657a7-Power Point III.jpg.jpg',	'Power Point Presentation'),
(434,	'Flash',	'web_uploads/Mathematics/movie (1)_f0c0b94986f38530cd042bac54f3df2a.swf',	3,	2,	3,	54,	'2024-09-28 13:57:40',	'2024-09-28 13:57:40',	NULL,	'web_uploads/thumbnail/66f80b540bf6f-Venn dIAG.gif.gif',	'Power Point Presentation'),
(435,	'Flash',	'web_uploads/Mathematics/movie_ba2814f438cfe4bcdfa3f88fdcd40c7a.swf',	3,	2,	3,	55,	'2024-09-28 13:58:34',	'2024-09-28 13:58:34',	NULL,	'web_uploads/thumbnail/66f80b8a31cbe-Power Point III.jpg.jpg',	'Power Point Presentation'),
(436,	'Flash',	'web_uploads/Mathematics/Animation - Mode_322b63ff8c188ac042590fea6a972aa3.swf',	3,	2,	3,	55,	'2024-09-28 13:59:30',	'2024-09-28 13:59:30',	NULL,	'web_uploads/thumbnail/66f80bc225514-Animation - Mode.jpg.jpg',	'Animated Concept - Mode'),
(437,	'Flash',	'web_uploads/Mathematics/Animation - Mean_1dcd71d79190695b37d093c9fe51f81a.swf',	3,	2,	3,	55,	'2024-09-28 14:00:22',	'2024-09-28 14:00:22',	NULL,	'web_uploads/thumbnail/66f80bf6cc565-Animation - Mean.jpg.jpg',	'Animated Concept - Mean'),
(438,	'Flash',	'web_uploads/Mathematics/Animation - Median_74e9dd8fbf5b5cf60cf3bcc89958df01.swf',	3,	2,	3,	55,	'2024-09-28 14:01:22',	'2024-09-28 14:01:22',	NULL,	'web_uploads/thumbnail/66f80c322ea31-Animation - Median.jpg.jpg',	'Animated Concept - Median'),
(439,	'Flash',	'web_uploads/Mathematics/movie (1)_eb65d4379b7e29b965c11d61acd7e2ca.swf',	3,	2,	3,	56,	'2024-09-28 14:02:33',	'2024-09-28 14:02:33',	NULL,	'web_uploads/thumbnail/66f80c79514d1-Power Point III (1).jpg.jpg',	'Power Point Presentation'),
(440,	'Flash',	'web_uploads/Mathematics/chord_ae7fadc557c90a25b0671c9a74380d81.swf',	3,	2,	3,	58,	'2024-09-28 14:04:45',	'2024-09-28 14:04:45',	NULL,	'web_uploads/thumbnail/66f80cfdc395b-chord.jpg.jpg',	'Power Point Presentation'),
(441,	'Flash',	'web_uploads/Mathematics/movie_1a99be494639599b76b9b370160bd0a5.swf',	3,	2,	3,	35,	'2024-09-28 14:05:56',	'2024-09-28 14:05:56',	NULL,	'web_uploads/thumbnail/66f80d443a86c-Power Point III.jpg.jpg',	'Power Point Presentation'),
(442,	'Flash',	'web_uploads/Physics/Circular_b889287f9b5ae9472be3827bc81ed084.swf',	2,	2,	3,	47,	'2024-09-28 14:10:09',	'2024-09-28 14:10:09',	NULL,	'web_uploads/thumbnail/66f80e4166b7d-SHM.jpg.jpg',	'Animated Concept'),
(443,	'Flash',	'web_uploads/Physics/movie_7c0b5374a73ae4752988203d90f127fc.swf',	2,	2,	3,	47,	'2024-09-30 07:00:42',	'2024-09-30 07:00:42',	NULL,	'web_uploads/thumbnail/66fa4c9a42d8d-download.png.png',	'Power Point Presentation'),
(444,	'Flash',	'web_uploads/Physics/Simple20Motion[1]_f30f2ee96e2bdbcfa3643a21117bf81d.swf',	2,	2,	3,	47,	'2024-09-30 07:03:20',	'2024-09-30 07:03:20',	NULL,	'web_uploads/thumbnail/66fa4d381d76d-SHM (1).jpg.jpg',	'Animated Concept - Simple Harmonic Motion'),
(445,	'Flash',	'web_uploads/Physics/Animation - Hookes Law_d7798ce263e9ec8896512e044cbdba39.swf',	2,	2,	3,	47,	'2024-09-30 07:15:32',	'2024-09-30 07:15:32',	NULL,	'web_uploads/thumbnail/66fa50141dfe7-oie_nwouN9FnNVON.gif.gif',	'Animated Concept - Hooke\'s Law'),
(446,	'Flash',	'web_uploads/Physics/Simple Pendulum_10005331a4b7b96462a0bdbd1de7b023.swf',	2,	2,	3,	47,	'2024-09-30 07:18:20',	'2024-09-30 07:18:20',	NULL,	'web_uploads/thumbnail/66fa50bcbcc78-pendulum gif.gif.gif',	'Animated Concept - Simple Pendulum'),
(447,	'Flash',	'web_uploads/Physics/Simple Pendulum_Variation in K.E  P.E_6ac07f460fad723173c3ebb9cd2cfe4e.swf',	2,	2,	3,	47,	'2024-09-30 07:19:36',	'2024-09-30 07:19:36',	NULL,	'web_uploads/thumbnail/66fa51082145e-K.E  P.E.jpg.jpg',	'Animated Concept - KE PE'),
(448,	'Flash',	'web_uploads/Physics/Animation - Hookes Law_displacement Variation with Load_ee9aed86df0b9096bfdd15a3fa6e98a5.swf',	2,	2,	3,	47,	'2024-09-30 07:20:52',	'2024-09-30 07:20:52',	NULL,	'web_uploads/thumbnail/66fa5154bf30b-oie_daHcEiAEVeUs.gif.gif',	'Animated Concept - Displacement Variation in Elastic Spring'),
(449,	'Flash',	'web_uploads/Physics/Damping _ Simple Harmonic Motion_0b832f631b0a40dd82530172df34fbdb.swf',	2,	2,	3,	47,	'2024-09-30 07:21:59',	'2024-09-30 07:21:59',	NULL,	'web_uploads/thumbnail/66fa519775dd9-Damping.jpg.jpg',	'Animated Concept'),
(450,	'Flash',	'web_uploads/Physics/Simple Pendulum _ Forces acting on Simple Pendulum_77efbe4437d7ac09abeb03a1666c6b7c.swf',	2,	2,	3,	47,	'2024-09-30 07:53:51',	'2024-09-30 07:53:51',	NULL,	'web_uploads/thumbnail/66fa590f5b044-Animation - Forces acting on Simple Pendulum.jpg.jpg',	'Animated Concept - Forces acting on Simple Pendulum'),
(451,	'Flash',	'web_uploads/Physics/Animation - Concept of Refraction in Waves_15273bbd2b3e2bce16ff996ec55b1b05.swf',	2,	2,	3,	47,	'2024-09-30 07:55:11',	'2024-09-30 07:55:11',	NULL,	'web_uploads/thumbnail/66fa595f8a391-waves 1.jpg.jpg',	'Animated Concept - Concept of Referaction in Waves'),
(452,	'Flash',	'web_uploads/Physics/Waves New 2_deaeda8d0336de34826b9aa68e94b989.swf',	2,	2,	3,	47,	'2024-09-30 07:56:32',	'2024-09-30 07:56:32',	NULL,	'web_uploads/thumbnail/66fa59b038c8f-Waves new.jpg.jpg',	'Animated Concept'),
(453,	'Flash',	'web_uploads/Physics/Amplitude of a wave _95dd7aab973251fabeb1f3782a57fc5c.swf',	2,	2,	3,	47,	'2024-09-30 07:57:12',	'2024-09-30 07:57:12',	NULL,	'web_uploads/thumbnail/66fa59d84d4f6-Amplitude.jpg.jpg',	'Animated Concept'),
(454,	'Flash',	'web_uploads/Physics/Wave Length of a Wave_b72ce08e090ecf9608d9af08aa88ffe9.swf',	2,	2,	3,	47,	'2024-09-30 07:58:58',	'2024-09-30 07:58:58',	NULL,	'web_uploads/thumbnail/66fa5a42a8bff-wave-concept.gif.gif',	'Animated Concept'),
(455,	'Flash',	'web_uploads/Physics/Animation - Particles in Longitudinal Waves_26b5f6b83ec2db98f653ad8c38f3c3cb.swf',	2,	2,	3,	47,	'2024-09-30 08:11:26',	'2024-09-30 08:11:26',	NULL,	'web_uploads/thumbnail/66fa5d2eef29e-Longitudinal Waves.jpg.jpg',	'Animated Concept'),
(456,	'Flash',	'web_uploads/Physics/Animation - Production of Transverse waves by Spring_6fb0f2ce11a9b505c2ac2d6f0883b414.jpg',	2,	2,	3,	47,	'2024-09-30 08:12:21',	'2024-09-30 08:12:21',	NULL,	'web_uploads/thumbnail/66fa5d65cc347-Animation - Production of Transverse waves by Spring.jpg.jpg',	'Animated Concept'),
(457,	'Flash',	'web_uploads/Physics/Animation - Transverse Wave_ed74b49bde7a602e6ad715c21ad16d3a.swf',	2,	2,	3,	47,	'2024-09-30 08:13:10',	'2024-09-30 08:13:10',	NULL,	'web_uploads/thumbnail/66fa5d96e1832-Animation - Transverse Wave.jpg.jpg',	'Animated Concept'),
(458,	'Flash',	'web_uploads/Physics/ripple_1d7fac2837f43925b81b22ab38072bbf.swf',	2,	2,	3,	47,	'2024-09-30 08:13:59',	'2024-09-30 08:13:59',	NULL,	'web_uploads/thumbnail/66fa5dc7c3f37-Ripple Tank.jpg.jpg',	'Animated Concept'),
(459,	'Flash',	'web_uploads/Physics/Animation - Particles in Longitudinal Waves_bc1bf5a2166a3bc77d0118af9c2a572f.swf',	2,	2,	3,	47,	'2024-09-30 08:15:05',	'2024-09-30 08:15:05',	NULL,	'web_uploads/thumbnail/66fa5e09471ae-Longitudinal Waves - 1.jpg.jpg',	'Animated Concept'),
(460,	'Flash',	'web_uploads/Physics/movie (1)_fe3e1f5a4732295b1a4e81e4ab265010.swf',	2,	2,	3,	6,	'2024-09-30 09:19:43',	'2024-09-30 09:19:43',	NULL,	'web_uploads/thumbnail/66fa6d2fe981d-sound).gif.gif',	'Power Point Presentation'),
(461,	'Flash',	'web_uploads/Physics/Animation - Sound Waves_73d7d58f20cdf5dde4c1995022020f8c.swf',	2,	2,	3,	6,	'2024-09-30 09:28:44',	'2024-09-30 09:28:44',	NULL,	'web_uploads/thumbnail/66fa6f4c937bf-Animation - Sound Waves.jpg.jpg',	'Animated Concept - Sound Waves'),
(462,	'Flash',	'web_uploads/Physics/s1_f58c39abd54d9b6cc1ceba89194bbed8.swf',	2,	2,	3,	6,	'2024-09-30 09:29:37',	'2024-09-30 09:29:37',	NULL,	'web_uploads/thumbnail/66fa6f80f2372-oie_mubZcOCDNn0O.gif.gif',	'Animated Concept'),
(463,	'Flash',	'web_uploads/Physics/Sound and Medium_538ae622234fbb3dccb65526219f619b.swf',	2,	2,	3,	6,	'2024-09-30 09:30:23',	'2024-09-30 09:30:23',	NULL,	'web_uploads/thumbnail/66fa6faf68128-sound 3.jpg.jpg',	'Animated Concept'),
(464,	'Flash',	'web_uploads/Physics/Animation - Waves _ Longituninal Waves formation_f3f80732788e1da0f3557ec0256b1d3c.jpg',	2,	2,	3,	6,	'2024-09-30 09:31:54',	'2024-09-30 09:31:54',	NULL,	'web_uploads/thumbnail/66fa700a5d522-Animation - Waves _ Longituninal Waves formation.jpg.jpg',	'Animated Concept'),
(465,	'Flash',	'web_uploads/Physics/Animation - Production of Longitudinal waves Concept_c4a0a79448f1ad8d3b9578fc7c497d60.swf',	2,	2,	3,	6,	'2024-09-30 09:43:35',	'2024-09-30 09:43:35',	NULL,	'web_uploads/thumbnail/66fa72c75d21c-oie_nQQdeDJgRxN4.gif.gif',	'Animated Concept'),
(466,	'Flash',	'web_uploads/Physics/Animation - Loudness_f048850c7f21a8c348039208ee62e889.swf',	2,	2,	3,	6,	'2024-09-30 09:44:41',	'2024-09-30 09:44:41',	NULL,	'web_uploads/thumbnail/66fa730977fb2-oie_UFTztZzqRYfN.gif.gif',	'Animated Concept'),
(467,	'Flash',	'web_uploads/Physics/Sound_9ea7a7d63278d1167d4ee345998e9795.swf',	2,	2,	3,	6,	'2024-09-30 09:45:40',	'2024-09-30 09:45:40',	NULL,	'web_uploads/thumbnail/66fa734460e68-Sound A.jpg.jpg',	'Animated Concept'),
(468,	'Flash',	'web_uploads/Physics/Sound waves_b9197f23b3f04e319b5adbf1200a927e.swf',	2,	2,	3,	6,	'2024-09-30 09:48:14',	'2024-09-30 09:48:14',	NULL,	'web_uploads/thumbnail/66fa73de6486f-concept.gif.gif',	'Animated Concept'),
(469,	'Flash',	'web_uploads/Physics/movie_d6ec3f8672dcd445afa29b38ce938e89.swf',	2,	2,	3,	49,	'2024-09-30 09:54:37',	'2024-09-30 09:54:37',	NULL,	'web_uploads/thumbnail/66fa755d24d38-Speed of light in Different Mediums.gif.gif',	'Power Point Presentation'),
(470,	'Flash',	'web_uploads/Physics/Reflection of light_576a72069de34163d0b72b64a67a72ac.swf',	2,	2,	3,	49,	'2024-09-30 09:55:24',	'2024-09-30 09:55:24',	NULL,	'web_uploads/thumbnail/66fa758c16f11-Ref of Light.gif.gif',	'Animated Concept'),
(471,	'Flash',	'web_uploads/Physics/Animation - Laws of Reflection_441e48ec5ea7282f5a994cfb441fad2b.swf',	2,	2,	3,	49,	'2024-09-30 10:01:28',	'2024-09-30 10:01:28',	NULL,	'web_uploads/thumbnail/66fa76f89713b-oie_dVhC3L59Kv8s.gif.gif',	'Animated Concept'),
(472,	'Flash',	'web_uploads/Physics/Animation - Reflection of Light Waves_49006b1ddad39bddfd28f317aeec9183.swf',	2,	2,	3,	49,	'2024-09-30 10:02:21',	'2024-09-30 10:02:21',	NULL,	'web_uploads/thumbnail/66fa772d9477f-Snells Law.gif.gif',	'Animated Concept'),
(473,	'Flash',	'web_uploads/Physics/Animation - Total Internal Reflection Glass to Air_877afbc39933c540bccbabf210e4656b.swf',	2,	2,	3,	49,	'2024-09-30 10:03:36',	'2024-09-30 10:03:36',	NULL,	'web_uploads/thumbnail/66fa7778ab546-Total internal Ref.gif.gif',	'Animated Concept'),
(474,	'Flash',	'web_uploads/Physics/Reflection of light_e79842ae53dd3fd481b97b3024d5595e.swf',	2,	2,	3,	49,	'2024-09-30 10:04:26',	'2024-09-30 10:04:26',	NULL,	'web_uploads/thumbnail/66fa77aa51881-Working of Optical fiber.gif.gif',	'Animated Concept'),
(475,	'Flash',	'web_uploads/Physics/Animation - Refraction of Light_183ad9f6c84fe9a8b61b961e9593aa45.swf',	2,	2,	3,	49,	'2024-09-30 10:10:51',	'2024-09-30 10:10:51',	NULL,	'web_uploads/thumbnail/66fa792b66e65-Working of Optical fiber.gif.gif',	'Animated Concept'),
(476,	'Flash',	'web_uploads/Physics/Animation - Lense_9bd3a5c29d4c6625501c4e86523c5a67.swf',	2,	2,	3,	49,	'2024-09-30 10:12:21',	'2024-09-30 10:12:21',	NULL,	'web_uploads/thumbnail/66fa79856ebcb-Dispersion of light.gif.gif',	'Animated Concept'),
(477,	'Flash',	'web_uploads/Physics/Animation - Image Formation_ec9ce3297a2376f722707c134dbc150a.swf',	2,	2,	3,	49,	'2024-09-30 10:15:17',	'2024-09-30 10:15:17',	NULL,	'web_uploads/thumbnail/66fa7a354c03c-oie_1293733nBiNVRwF.gif.gif',	'Animated Concept-Image formed by convex lens'),
(478,	'Flash',	'web_uploads/Physics/Animation - Images Formed by Concave Mirror_b18b1c1eda5710f2c16dd4c434cdaea1.swf',	2,	2,	3,	49,	'2024-09-30 10:16:20',	'2024-09-30 10:16:20',	NULL,	'web_uploads/thumbnail/66fa7a748492b-Concave Mirror.gif.gif',	'Animated Concept'),
(479,	'Flash',	'web_uploads/Physics/Simple Microscope_26345d7c11f61ed07ea9d6905dd3a18a.swf',	2,	2,	3,	49,	'2024-09-30 10:42:36',	'2024-09-30 10:42:36',	NULL,	'web_uploads/thumbnail/66fa809c1d2fe-Simple Micro.gif.gif',	'Animated Concept'),
(480,	'Flash',	'web_uploads/Physics/Animation - Compound Microscope_d7ec6dbd93a2b1d32a5004f0c40ffa33.swf',	2,	2,	3,	49,	'2024-09-30 10:43:56',	'2024-09-30 10:43:56',	NULL,	'web_uploads/thumbnail/66fa80ec98065-Ray Compound.gif.gif',	'Animated Concept'),
(481,	'Flash',	'web_uploads/Physics/Total Internal Reflection_2f5ac0d915151d1d360e419bbc37f06f.swf',	2,	2,	3,	49,	'2024-09-30 10:51:04',	'2024-09-30 10:51:04',	NULL,	'web_uploads/thumbnail/66fa829875300-Fiber Optics.gif.gif',	'Animated Concept'),
(482,	'Flash',	'web_uploads/Physics/Visual Refractive Disorders of Human Eye_9d43add980330cd70046aca825379902.swf',	2,	2,	3,	49,	'2024-09-30 11:12:53',	'2024-09-30 11:12:53',	NULL,	'web_uploads/thumbnail/66fa87b5bcab2-eye disorder.gif.gif',	'Animated Concept'),
(483,	'Flash',	'web_uploads/Physics/Animated Concept - Defects of Human Eye  Their Removal_ce87c23ba2f4de2effc2600fb72dc302.swf',	2,	2,	3,	49,	'2024-09-30 11:13:32',	'2024-09-30 11:13:32',	NULL,	'web_uploads/thumbnail/66fa87dc82ead-Animated Concept - Defects of Human Eye  Their Removal.jpg.jpg',	'Animated Concept'),
(484,	'Flash',	'web_uploads/Physics/Concept of Real Depth  Aperent Depth_83b40ec11119660319e61931c8aacc09.swf',	2,	2,	3,	49,	'2024-09-30 11:14:23',	'2024-09-30 11:14:23',	NULL,	'web_uploads/thumbnail/66fa880fce09b-Concept of Real Depth  Aperent Depth.jpg.jpg',	'Animated Concept'),
(485,	'Flash',	'web_uploads/Physics/Image formed by Compound Microscope_834a4c46d3b55e782a80c3d032f94931.swf',	2,	2,	3,	49,	'2024-09-30 11:15:45',	'2024-09-30 11:15:45',	NULL,	'web_uploads/thumbnail/66fa886182122-parts of optical fibre gif.gif.gif',	'Animated Concept'),
(486,	'Flash',	'web_uploads/Physics/Static Electricity_154d0cf2c911eacb5e55a06ad35b3c21.swf',	2,	2,	3,	84,	'2024-09-30 11:23:09',	'2024-09-30 11:23:09',	NULL,	'web_uploads/thumbnail/66fa8a1d4fbcb-oie_jxOgim36QkzY.gif.gif',	'Animated Concept'),
(487,	'Flash',	'web_uploads/Physics/Animation - Variable Capacitor Working_651d8f6bddf89c46e0093d01b0abdc05.swf',	2,	2,	3,	84,	'2024-09-30 11:24:59',	'2024-09-30 11:24:59',	NULL,	'web_uploads/thumbnail/66fa8a8bd0d7d-oie_phMa74QkVM9Z.gif.gif',	'Animated Concept'),
(488,	'Flash',	'web_uploads/Physics/Potential Diff_d59f825d86e385e9f23220417d089d7a.swf',	2,	2,	3,	84,	'2024-09-30 11:42:19',	'2024-09-30 11:42:19',	NULL,	'web_uploads/thumbnail/66fa8e9b2f879-Air Capacitor.gif.gif',	'Animated Concept'),
(489,	'Flash',	'web_uploads/Physics/Coulombs Law_25ea7d6c78058a88a6adaa2a3b3f8749.swf',	2,	2,	3,	84,	'2024-09-30 11:43:24',	'2024-09-30 11:43:24',	NULL,	'web_uploads/thumbnail/66fa8edc3705e-Production of E -Charge.gif.gif',	'Animated Concept'),
(490,	'Flash',	'web_uploads/Physics/movie (1)_6f977c50d0498192b976433fa1167039.swf',	2,	2,	3,	84,	'2024-09-30 11:44:07',	'2024-09-30 11:44:07',	NULL,	'web_uploads/thumbnail/66fa8f07837d4-Electrostatic Induction (2).gif.gif',	'Power Point Presentation'),
(491,	'Flash',	'web_uploads/Physics/Coulombs Law New_b37d10efd50beb4caf8a94bd5300e542.swf',	2,	2,	3,	84,	'2024-09-30 11:45:02',	'2024-09-30 11:45:02',	NULL,	'web_uploads/thumbnail/66fa8f3ee5f37-Concept of e field.gif.gif',	'Animated Concept'),
(492,	'Flash',	'web_uploads/Physics/Animation - Concept of Electric Field_8d457e12b1f72912f93234771899eab0.swf',	2,	2,	3,	85,	'2024-09-30 11:49:31',	'2024-09-30 11:49:31',	NULL,	'web_uploads/thumbnail/66fa904badc66-oie_f5m33sPU8FBs.gif.gif',	'Animated Concept'),
(493,	'Flash',	'web_uploads/Physics/Animation - Battery_079fca9a3c5f262a529d165638114fc3.swf',	2,	2,	3,	85,	'2024-09-30 11:53:51',	'2024-09-30 11:53:51',	NULL,	'web_uploads/thumbnail/66fa914f0408f-Current Measurement.gif.gif',	'Animated Concept'),
(494,	'Flash',	'web_uploads/Physics/Animation - Electricity Circuit_553c7fcb5319e60c96f294518c01937d.swf',	2,	2,	3,	85,	'2024-09-30 12:08:14',	'2024-09-30 12:08:14',	NULL,	'web_uploads/thumbnail/66fa94ae1698b-oie_T87GRIMHXtmO.gif.gif',	'Animated Concept'),
(495,	'Flash',	'web_uploads/Physics/Animation - Insulators and Conductors_21e0d145dd2627a6f6ca07aaa9feb009.swf',	2,	2,	3,	85,	'2024-09-30 13:03:20',	'2024-09-30 13:03:20',	NULL,	'web_uploads/thumbnail/66faa198e1380-oie_nw8lFUgCe3J3.gif.gif',	'Animated Concept'),
(496,	'Flash',	'web_uploads/Physics/Animation - Parts of Circuit_4a5ba0a8a6fe44ce8953d2d54e9db810.swf',	2,	2,	3,	85,	'2024-09-30 13:17:22',	'2024-09-30 13:17:22',	NULL,	'web_uploads/thumbnail/66faa4e23a25c-oie_hfBtkDgWsV0U.gif.gif',	'Animated Concept'),
(497,	'Flash',	'web_uploads/66faa60e2310a-Parallel Circuits.swf.swf',	2,	2,	3,	85,	'2024-09-30 13:22:22',	'2024-09-30 13:18:16',	NULL,	'web_uploads/thumbnail/66faa60e236ab-Parallel.gif.gif',	'Animated Concept'),
(498,	'Flash',	'web_uploads/66faa5d93f3f2-Animation - Series Circuit.swf.swf',	2,	2,	3,	85,	'2024-09-30 13:21:29',	'2024-09-30 13:19:13',	NULL,	'web_uploads/thumbnail/66faa5d93f864-Series.gif.gif',	'Animated Concept'),
(499,	'Flash',	'web_uploads/Physics/Animation - Components of Circuit_71237f0f7a12c590b1293e092df848dc.swf',	2,	2,	3,	85,	'2024-09-30 13:23:23',	'2024-09-30 13:23:23',	NULL,	'web_uploads/thumbnail/66faa64b357e3-Current flow.gif.gif',	'Animated Concept'),
(500,	'Flash',	'web_uploads/Physics/Animation - Electric Circuits ( Series  Parallel Combination)_772e52505a10647a6e3b9886c13508a2.swf',	2,	2,	3,	85,	'2024-09-30 13:26:54',	'2024-09-30 13:26:54',	NULL,	'web_uploads/thumbnail/66faa71e1862f-Series combination.gif.gif',	'Animated Concept'),
(501,	'Flash',	'web_uploads/Physics/Animation - Thermonic Emission_ff3a51e350e61777563a8d443b623335.swf',	2,	2,	3,	105,	'2024-09-30 14:15:40',	'2024-09-30 14:15:40',	NULL,	'web_uploads/thumbnail/66fab28c2b079-Cathode Ray.gif.gif',	'Animated Concept'),
(502,	'Flash',	'web_uploads/Physics/movie_3d0156b22c18a02ba78fca4aec631d98.swf',	2,	2,	3,	105,	'2024-09-30 14:16:32',	'2024-09-30 14:16:32',	NULL,	'web_uploads/thumbnail/66fab2c080d38-OR Gate.gif.gif',	'Power Point Presentation'),
(503,	'Flash',	'web_uploads/Physics/movie (1)_2f5796b2d0fa1f2fdf8d9dfd03881a9a.swf',	2,	2,	3,	106,	'2024-09-30 14:19:23',	'2024-09-30 14:19:23',	NULL,	'web_uploads/thumbnail/66fab36b33232-Power point.jpg.jpg',	'Power Point Presentation'),
(504,	'Flash',	'web_uploads/Physics/Nuclear Fission_979679fc7d3aaa88b8f180efb1bbdfee.swf',	2,	2,	3,	107,	'2024-09-30 14:21:56',	'2024-09-30 14:21:56',	NULL,	'web_uploads/thumbnail/66fab404e0c3b-oie_K9T8Xv0W2ULm.gif.gif',	'Animated Concept'),
(505,	'Flash',	'web_uploads/Physics/Radioactive Radiations_36e8dfc53bd6670be43dec6fe50eb79c.swf',	2,	2,	3,	107,	'2024-09-30 14:23:00',	'2024-09-30 14:23:00',	NULL,	'web_uploads/thumbnail/66fab444ea177-Radio.jpg.jpg',	'Animated Concept'),
(506,	'Flash',	'web_uploads/Physics/Radio Active _radiations_68c8ffa95aa8316435aa69ebaf4e8b24.swf',	2,	2,	3,	107,	'2024-09-30 14:25:54',	'2024-09-30 14:25:54',	NULL,	'web_uploads/thumbnail/66fab4f23193c-Radioactive rays.jpg.jpg',	'Animated Concept'),
(507,	'Flash',	'web_uploads/Physics/Animation - Nuclear Fission_e0d045080aa19af045ccd09d215689a4.swf',	2,	2,	3,	107,	'2024-09-30 14:26:48',	'2024-09-30 14:26:48',	NULL,	'web_uploads/thumbnail/66fab5281a2e2-fission reaction.jpg.jpg',	'Animated Concept'),
(508,	'Flash',	'web_uploads/Physics/Animation - Nuclear Fussion_b58e55348c906c09156437768bca493d.swf',	2,	2,	3,	107,	'2024-09-30 14:28:12',	'2024-09-30 14:27:42',	NULL,	'web_uploads/thumbnail/66fab55eeb10a-oie_V5upJhhKUpZ4.gif.gif',	'Animated Concept'),
(509,	'Flash',	'web_uploads/Physics/Radioacivity_Effect of Magnetic field on Radiations_23e4845cc8bd82669322bfe6264d8672.swf',	2,	2,	3,	107,	'2024-09-30 14:29:12',	'2024-09-30 14:29:12',	NULL,	'web_uploads/thumbnail/66fab5b888132-oie_LkBvEaBnYkIR.gif.gif',	'Animated Concept'),
(510,	'Flash',	'web_uploads/Physics/movie_5862f870d5371f58ddb5131e86a0b0fc.swf',	2,	2,	3,	107,	'2024-09-30 14:29:54',	'2024-09-30 14:29:54',	NULL,	'web_uploads/thumbnail/66fab5e265d0a-Power Point III.jpg.jpg',	'Power Point Presentation'),
(511,	'Flash',	'web_uploads/Physics/Animation - Faraday Current Magnetic Field_2141755cc9b00955aac0e4f473bf2614.swf',	2,	2,	3,	86,	'2024-09-30 14:32:06',	'2024-09-30 14:32:06',	NULL,	'web_uploads/thumbnail/66fab6667feb6-Current  Magnetic Field.gif.gif',	'Animated Concept'),
(512,	'Flash',	'web_uploads/Physics/Animation - Induction Coil_ffaa03e3fb8ff367e58db961ce180cb3.swf',	2,	2,	3,	86,	'2024-09-30 14:35:20',	'2024-09-30 14:35:20',	NULL,	'web_uploads/thumbnail/66fab7283fc8f-oie_YlLAxL5TcnIQ.gif.gif',	'Animated Concept'),
(513,	'Flash',	'web_uploads/Physics/Animation - A.C. Generator_0c9e4f84286e6da4e7e853fce2f6bfb1.swf',	2,	2,	3,	86,	'2024-09-30 14:36:07',	'2024-09-30 14:36:07',	NULL,	'web_uploads/thumbnail/66fab757e4294-oie_erGC44bvuyMn.gif.gif',	'Animated Concept'),
(514,	'Flash',	'web_uploads/Physics/Animation - D.C. Motor_8460671d7edf1ef402520cfe25345056.swf',	2,	2,	3,	86,	'2024-09-30 14:36:48',	'2024-09-30 14:36:48',	NULL,	'web_uploads/thumbnail/66fab77ff4043-oie_WN8DMqWSSm2l.gif.gif',	'Animated Concept'),
(515,	'Flash',	'web_uploads/Physics/Electromagnetic  Induction_0e7de1dad5fe5558b694aab3dedd923b.swf',	2,	2,	3,	86,	'2024-09-30 14:37:45',	'2024-09-30 14:37:45',	NULL,	'web_uploads/thumbnail/66fab7b8f3321-Electro.jpg.jpg',	'Animated Concept'),
(516,	'Flash',	'web_uploads/Physics/D-C-motor_fcd8f288dbe9422a27f600f69dc4c069.swf',	2,	2,	3,	86,	'2024-09-30 14:38:34',	'2024-09-30 14:38:34',	NULL,	'web_uploads/thumbnail/66fab7eac7de2-D.C Motor.jpg.jpg',	'Animated Concept'),
(517,	'Flash',	'web_uploads/Biology/movie_77b2267dd6ddcb9dfe1392be5872ac07.swf',	1,	1,	3,	24,	'2024-10-01 11:17:40',	'2024-10-01 11:17:40',	NULL,	'web_uploads/thumbnail/66fbda5496ebe-Power point.jpg.jpg',	'Power Point Presentation'),
(518,	'Flash',	'web_uploads/Biology/Animation - Animal Cell_198471c9ccff8e13482f9222e4de56c1.swf',	1,	1,	3,	24,	'2024-10-01 11:35:10',	'2024-10-01 11:35:10',	NULL,	'web_uploads/thumbnail/66fbde6e468e2-animal cells.gif.gif',	'Animated Concept - Animal Cell Overview'),
(519,	'Flash',	'web_uploads/Biology/Animation - Eukaryoutic  Prokaryoutic Cell_b176d8fddf050546f746c852ff57d185.swf',	1,	1,	3,	24,	'2024-10-01 11:36:26',	'2024-10-01 11:36:26',	NULL,	'web_uploads/thumbnail/66fbdeba92e8b-hAjupg.gif.gif',	'Animated Concept - Cell'),
(520,	'Flash',	'web_uploads/Biology/Prokaryotic  Cell_Structure_943bf929028d1cc0cca9d4b9e5f82da9.swf',	1,	1,	3,	24,	'2024-10-01 12:30:10',	'2024-10-01 12:30:10',	NULL,	'web_uploads/thumbnail/66fbeb52dabb9-cell structure gif.gif.gif',	'Animated Concept - Cell Structure'),
(521,	'Flash',	'web_uploads/Biology/Diffusion And Osmosis New_a5b3efbd40111ca8f271cb1609dd82cc.swf',	1,	1,	3,	24,	'2024-10-01 12:40:46',	'2024-10-01 12:40:46',	NULL,	'web_uploads/thumbnail/66fbedce773b3-Diffusion and osmosis .gif.gif',	'Animated Concept - Diffusion & Osmosis'),
(522,	'Flash',	'web_uploads/Biology/Plasma Membrane_55a30b88515928405704a7d1dc7b3cd4.swf',	1,	1,	3,	24,	'2024-10-01 12:41:33',	'2024-10-01 12:41:33',	NULL,	'web_uploads/thumbnail/66fbedfd45f6f-plasma membrane.gif.gif',	'Animated Concept - Plasma Membrane'),
(523,	'Flash',	'web_uploads/Biology/movie_cf516a58554dc7fa58de49da06c39a7d.swf',	1,	1,	3,	25,	'2024-10-01 13:09:56',	'2024-10-01 13:09:56',	NULL,	'web_uploads/thumbnail/66fbf4a4a1632-Power point.jpg.jpg',	'Power Point Presentation'),
(524,	'Flash',	'web_uploads/Biology/Animation - Cell Division_7d2321b19942191d454e955241b25a0b.swf',	1,	1,	3,	25,	'2024-10-01 13:11:10',	'2024-10-01 13:11:10',	NULL,	'web_uploads/thumbnail/66fbf4ee4fe21-cell-division.gif.gif',	'Animated Concept - Cell Division'),
(525,	'Flash',	'web_uploads/Biology/Animation - Necrosis_459ef519ab3103ce61db7992c0856445.swf',	1,	1,	3,	25,	'2024-10-01 13:12:17',	'2024-10-01 13:12:17',	NULL,	'web_uploads/thumbnail/66fbf531d3887-Necrosis gif.gif.gif',	'Animated Concept'),
(526,	'Flash',	'web_uploads/Biology/Animation - Apoptosis_2cc70a3ab56ebf61c7e147b59bc1a538.swf',	1,	1,	3,	25,	'2024-10-01 13:20:06',	'2024-10-01 13:20:06',	NULL,	'web_uploads/thumbnail/66fbf706a6178-Apoptosisgif.gif.gif',	'Animated Concept - Apoptosis'),
(527,	'Flash',	'web_uploads/Biology/Virus Action_f8953f6ffba3ef22c79cdcc2a027c2a5.swf',	1,	1,	3,	25,	'2024-10-01 13:21:07',	'2024-10-01 13:21:07',	NULL,	'web_uploads/thumbnail/66fbf743204f3-Virus Action.gif.gif',	'Animated Concept - Virus Action'),
(528,	'Flash',	'web_uploads/Biology/Cell CYCLE_c7013ca329205ad0bfb6090168037931.swf',	1,	1,	3,	25,	'2024-10-01 13:22:01',	'2024-10-01 13:22:01',	NULL,	'web_uploads/thumbnail/66fbf7792ed72-Power Point III.jpg.jpg',	'Power Point Presentation'),
(529,	'Flash',	'web_uploads/Biology/movie_aad10280e156f4ed26027298ae1a6b44.swf',	1,	1,	3,	26,	'2024-10-01 13:25:23',	'2024-10-01 13:25:23',	NULL,	'web_uploads/thumbnail/66fbf84390943-enzyme substract gif.gif.gif',	'Power Point Presentation'),
(530,	'Flash',	'web_uploads/Biology/Animation - All about Enzyme_07a369ebb8beb67c0300814265a14d16.swf',	1,	1,	3,	26,	'2024-10-01 13:26:47',	'2024-10-01 13:26:47',	NULL,	'web_uploads/thumbnail/66fbf89763da5-About Enzymes gif.gif.gif',	'Animated Concept - About Enzymes'),
(531,	'Flash',	'web_uploads/Biology/Enzyme Inhibition Final_9c77d5a15707b70e1d60726d54fe15d9.swf',	1,	1,	3,	26,	'2024-10-01 13:34:15',	'2024-10-01 13:34:15',	NULL,	'web_uploads/thumbnail/66fbfa575b3c9-enzyhme inhibition gif.gif.gif',	'Animated Concept-Enzyme Inhibition'),
(532,	'Flash',	'web_uploads/Biology/Annimation- Induce Fit Model and Inhibitors_8d223383f1f6b7d323ff17cbe45920fc.png',	1,	1,	3,	26,	'2024-10-01 13:35:05',	'2024-10-01 13:35:05',	NULL,	'web_uploads/thumbnail/66fbfa8964826-Annimation- Induce Fit Model and Inhibitors.png.png',	'Animated Concept'),
(533,	'Flash',	'web_uploads/Biology/Annimation - Lock and Key Theory_5a8bcfdc5c85f78894eff3563cbbdbd9.swf',	1,	1,	3,	26,	'2024-10-01 13:36:17',	'2024-10-01 13:36:17',	NULL,	'web_uploads/thumbnail/66fbfad1777a7-888.png.png',	'Animated Concept-Micro Enzyme Substrate'),
(534,	'Flash',	'web_uploads/Biology/Enzymes_c19694bc277036df6194ab95f71649fb.swf',	1,	1,	3,	26,	'2024-10-01 13:37:32',	'2024-10-01 13:37:32',	NULL,	'web_uploads/thumbnail/66fbfb1c1c09e-Power Point V.jpg.jpg',	'Power Point Presentation'),
(535,	'Flash',	'web_uploads/Biology/movie_58bc1499851935f190c4a5e348d37140.swf',	1,	1,	3,	28,	'2024-10-01 13:39:28',	'2024-10-01 13:39:28',	NULL,	'web_uploads/thumbnail/66fbfb9036843-passive transport gif 1.gif.gif',	'Power Point Presentation'),
(536,	'Flash',	'web_uploads/Biology/ELECTRON TRANSPORT CHAIN New_3d6e3088402c9ea07543579850f45a98.swf',	1,	1,	3,	28,	'2024-10-01 13:41:15',	'2024-10-01 13:41:15',	NULL,	'web_uploads/thumbnail/66fbfbfb1c5de-ATP sNTH.gif.gif',	'Animated Concept-ATP Synthesis'),
(537,	'Flash',	'web_uploads/Biology/Animation - Photosynthesis_e7d65d85da4551a10da50e0208aaf0aa.swf',	1,	1,	3,	28,	'2024-10-01 13:42:11',	'2024-10-01 13:42:11',	NULL,	'web_uploads/thumbnail/66fbfc331c780-Photosynthesis.gif.gif',	'Animated Concept - Photosynthesis'),
(538,	'Flash',	'web_uploads/Biology/Animation - Electron Transport Chain_c54d42a27111184e475565e3fac4b1b0.swf',	1,	1,	3,	28,	'2024-10-01 13:45:45',	'2024-10-01 13:45:45',	NULL,	'web_uploads/thumbnail/66fbfd09b5cc4-- Electron Transport Chain.gif.gif',	'Animated Concept - Electron Transport Chain'),
(539,	'Flash',	'web_uploads/Biology/Animation - Plant Nutrition_eb92c9dea5e4fb88127bb33f9a8f0000.swf',	1,	1,	3,	30,	'2024-10-01 14:03:55',	'2024-10-01 14:03:55',	NULL,	'web_uploads/thumbnail/66fc014b841a3-Plant Nutritiongif.gif.gif',	'Animated Concept - Plant Nutrition'),
(540,	'Flash',	'web_uploads/Biology/Animated Concept - Digestive System_4d99ca3702dd52f672f69f859f8a3044.swf',	1,	1,	3,	30,	'2024-10-01 14:04:56',	'2024-10-01 14:04:56',	NULL,	'web_uploads/thumbnail/66fc0188b5a4f-Organs of Digestive System.jpg.jpg',	'Animated Concept - Digestive System'),
(541,	'Flash',	'web_uploads/Biology/Quiz - Digestion_af6314d53cb5f5f79b3d8fbaeb2fb24f.swf',	1,	1,	3,	30,	'2024-10-01 14:08:56',	'2024-10-01 14:08:56',	NULL,	'web_uploads/thumbnail/66fc0278d5b77-bODY.gif.gif',	'Quiz'),
(542,	'Flash',	'web_uploads/Biology/Digestive New_a9000ba2a7ed26ef14d3bc530ad25126.swf',	1,	1,	3,	30,	'2024-10-01 14:13:23',	'2024-10-01 14:13:23',	NULL,	'web_uploads/thumbnail/66fc0383d528a-Description of Digestive System.gif.gif',	'Animated Concept - Description of Digestive System'),
(543,	'Flash',	'web_uploads/Biology/Human Digestive system_4ad689f2fe199e5f97fdfb791a797af7.swf',	1,	1,	3,	30,	'2024-10-01 14:14:20',	'2024-10-01 14:14:20',	NULL,	'web_uploads/thumbnail/66fc03bc9f6cf-Power point.jpg.jpg',	'Power Point Presentation'),
(544,	'Flash',	'web_uploads/Biology/Villi New_241c2578b0dc077c47cc5b696e004b9f.swf',	1,	1,	3,	30,	'2024-10-01 14:15:06',	'2024-10-01 14:15:06',	NULL,	'web_uploads/thumbnail/66fc03ea050fa-villi.gif.gif',	'Animated Concept - Villi'),
(545,	'Flash',	'web_uploads/Biology/Digestive System New_bd9fb4854e4d682321d325e85366f6ed.swf',	1,	1,	3,	30,	'2024-10-01 14:19:03',	'2024-10-01 14:19:03',	NULL,	'web_uploads/thumbnail/66fc04d7bff82-human disgestive system gif.gif.gif',	'Animated Concept - Human Digestive System'),
(546,	'Flash',	'web_uploads/Biology/Animation - Active  Passive Transport_1d8cb12a4630aff3650cfd63cc9d00b3.swf',	1,	1,	3,	31,	'2024-10-01 14:24:57',	'2024-10-01 14:24:57',	NULL,	'web_uploads/thumbnail/66fc0639914c1-Passive Transport gif.gif.gif',	'Animated Concept - Passive Transport'),
(547,	'Flash',	'web_uploads/Biology/Animation - Immune System_8cc0d72cee135f5d541cecb2da01307f.swf',	1,	1,	3,	31,	'2024-10-01 14:38:51',	'2024-10-01 14:38:51',	NULL,	'web_uploads/thumbnail/66fc097b7135c-immune response gif.gif.gif',	'Animated Concept - The Immune Response'),
(548,	'Flash',	'web_uploads/Biology/Animation - The Structure of Heart_2ed588d409455058868e4a1a82e8cd49.swf',	1,	1,	3,	31,	'2024-10-01 14:44:52',	'2024-10-01 14:44:52',	NULL,	'web_uploads/thumbnail/66fc0ae45324f-Heart Function-gif-6.gif.gif',	'Animated Concept - Heart Function'),
(549,	'Flash',	'web_uploads/Biology/Human Heart_61a1ba0d812d17f4b2235116f01b05c1.swf',	1,	1,	3,	31,	'2024-10-01 14:48:40',	'2024-10-01 14:48:40',	NULL,	'web_uploads/thumbnail/66fc0bc82d04b-Human Heart.jpg.jpg',	'Animated Concept - Working of Human Heart'),
(551,	'Flash',	'web_uploads/Biology/Heart Anatomy New Part 2_99b16e9300c9f82962281cfbbfd0e22b.swf',	1,	1,	3,	31,	'2024-10-02 05:34:53',	'2024-10-02 05:34:53',	NULL,	'web_uploads/thumbnail/66fcdb7ce56e1-parts of human heart guif.gif.gif',	'Animated Concept - Heart Anatomy'),
(552,	'Flash',	'web_uploads/Biology/Heart Beat New_0e00cd679b78705a9633a5f182d8a70f.swf',	1,	1,	3,	31,	'2024-10-02 05:36:11',	'2024-10-02 05:36:11',	NULL,	'web_uploads/thumbnail/66fcdbcb436ea-Heart Function-gif-6.gif.gif',	'Animated Concept - Heart Beat'),
(553,	'Flash',	'web_uploads/Biology/Double Circulation2_9ae0c7cfa0e57587a9f0118b2c1eb2b2.swf',	1,	1,	3,	31,	'2024-10-02 05:44:10',	'2024-10-02 05:44:10',	NULL,	'web_uploads/thumbnail/66fcddaa57cc0-unnamed.gif.gif',	'Animated Concept - Double Circulation'),
(554,	'Flash',	'web_uploads/Biology/Blood Vessels New_106996616f852e40f8f2415e1e53e820.swf',	1,	1,	3,	31,	'2024-10-02 05:45:19',	'2024-10-02 05:45:19',	NULL,	'web_uploads/thumbnail/66fcddefd5439-Blood Vessels.gif.gif',	'Animated Concept - Blood Vessels'),
(555,	'Flash',	'web_uploads/Biology/Blood Group New_fc9786d4f5c563faf7b2259cc989a600.swf',	1,	1,	3,	31,	'2024-10-02 06:13:20',	'2024-10-02 06:13:20',	NULL,	'web_uploads/thumbnail/66fce480a0e55-BLOOD grp.gif.gif',	'Animated Concept - Blood Group'),
(556,	'Flash',	'web_uploads/Biology/Transport_9acc0e753fdb2892493a410adf6374aa.swf',	1,	1,	3,	31,	'2024-10-02 06:15:08',	'2024-10-02 06:15:08',	NULL,	'web_uploads/thumbnail/66fce4ec61732-Power Point III.jpg.jpg',	'Power Point Presentation'),
(557,	'Flash',	'web_uploads/Biology/Types of Blood Cell New_c52e58ff9c1adfca1539ebf897cc352e.swf',	1,	1,	3,	31,	'2024-10-02 06:16:04',	'2024-10-02 06:16:04',	NULL,	'web_uploads/thumbnail/66fce5249dc02-Blood circulation gif.gif.gif',	'Animated Concept - Types of Blood Cell'),
(558,	'Flash',	'web_uploads/Biology/heart valves_c95641232eb7553c4fb4b9107b2127ad.swf',	1,	1,	3,	31,	'2024-10-02 06:29:46',	'2024-10-02 06:29:46',	NULL,	'web_uploads/thumbnail/66fce85a6d952-INT heart.gif.gif',	'Animated Concept - Valves of Heart'),
(559,	'Flash',	'web_uploads/Biology/Human Hear t Circulation_b2219ee1cf4eb681012bb851855ca201.swf',	1,	1,	3,	31,	'2024-10-02 06:34:30',	'2024-10-02 06:34:30',	NULL,	'web_uploads/thumbnail/66fce976d2a47-Blood CIRCULATION.gif.gif',	'Animated Concept - Circulation of Blood'),
(560,	'Flash',	'web_uploads/Biology/Parts of heart_b0de7dfdd565e681a09c75fe04511791.swf',	1,	1,	3,	31,	'2024-10-02 06:35:52',	'2024-10-02 06:35:52',	NULL,	'web_uploads/thumbnail/66fce9c8e10f0-My Video.gif.gif',	'Animated Concept - Parts of Hearts'),
(561,	'Flash',	'web_uploads/Biology/Transpiration New_f9d2e11fe45b2681d424887a32e10f3f.swf',	1,	1,	3,	31,	'2024-10-02 06:36:59',	'2024-10-02 06:36:59',	NULL,	'web_uploads/thumbnail/66fcea0b68feb-transpiration.gif.gif',	'Animated Concept - Transpiration'),
(562,	'Flash',	'web_uploads/Biology/Animation - Phloem Loading_270015433c449e0886b1124164c51f33.swf',	1,	1,	3,	31,	'2024-10-02 06:38:44',	'2024-10-02 06:38:44',	NULL,	'web_uploads/thumbnail/66fcea7495f64-phloem gif.gif.gif',	'Animated Concept'),
(563,	'Flash',	'web_uploads/Biology/Transpiration in Detail_f19965591a8c677a73ee5ab94eb86be2.swf',	1,	1,	3,	31,	'2024-10-02 07:13:24',	'2024-10-02 07:13:24',	NULL,	'web_uploads/thumbnail/66fcf29424c4b-Transpiration (1).gif.gif',	'Animated Concept - Process of Transpiration'),
(564,	'Flash',	'web_uploads/Biology/transpiration  Internal Structure_a024d15c49909f52fb57ad7af1e3ba18.swf',	1,	1,	3,	31,	'2024-10-02 07:14:40',	'2024-10-02 07:14:40',	NULL,	'web_uploads/thumbnail/66fcf2e0b257f-transpiration  Internal Structure.jpg.jpg',	'Animated Concept - Transpiration Inner View'),
(565,	'Flash',	'web_uploads/Biology/TranspirationByRoots_14928758643ecc48905e25758f7a0f64.swf',	1,	1,	3,	31,	'2024-10-02 07:16:08',	'2024-10-02 07:16:08',	NULL,	'web_uploads/thumbnail/66fcf3383c1d0-TranspirationByRoots.jpg.jpg',	'Animated Concept - Transpiration by Root'),
(566,	'Flash',	'web_uploads/Biology/Transport in Plants_f5aa0b37d388f654396dcd70bac76580.swf',	1,	1,	3,	31,	'2024-10-02 07:18:46',	'2024-10-02 07:18:46',	NULL,	'web_uploads/thumbnail/66fcf3d67e998-Transportation in Plants.gif.gif',	'Animated Concept - Transport in Plants'),
(567,	'Flash',	'web_uploads/Biology/Secondary Growth Tissue New_572059fcdff51c7c34e148ce2222ae33.swf',	1,	1,	3,	31,	'2024-10-02 07:22:43',	'2024-10-02 07:22:43',	NULL,	'web_uploads/thumbnail/66fcf4c373bd8-secondary growth tissues gif.gif.gif',	'Animated Concept - Secondary Growth Tissue'),
(568,	'Flash',	'web_uploads/Biology/Stomata opening New_a63677cf0a402a22bbd699aec65051aa.swf',	1,	1,	3,	31,	'2024-10-02 07:26:59',	'2024-10-02 07:26:59',	NULL,	'web_uploads/thumbnail/66fcf5c33aaf2-Stomata opening New.jpg.jpg',	'Animated Concept - Stomata Opening & Closing'),
(569,	'Flash',	'web_uploads/Biology/Stomata_efa886b68182c8759eba6cf82bb361f1.swf',	1,	1,	3,	31,	'2024-10-02 07:35:43',	'2024-10-02 07:35:43',	NULL,	'web_uploads/thumbnail/66fcf7cf46416-stomata gif.gif.gif',	'Animated Concept - Stomata'),
(570,	'Flash',	'web_uploads/Biology/The Pressure Flow Modle_cb3fc10213e03459a2618dcf4d2b6280.swf',	1,	1,	3,	31,	'2024-10-02 07:36:45',	'2024-10-02 07:36:45',	NULL,	'web_uploads/thumbnail/66fcf80d20ebd-The Pressure flow Model.jpg.jpg',	'Animated Concept - The Pressure Flow Model'),
(571,	'Video',	'web_uploads/Physics/Gravitation_d8782406fa6841f19a33a33342b2a5fa.mp4',	2,	1,	3,	41,	'2024-10-03 11:28:48',	'2024-10-03 11:28:48',	NULL,	'web_uploads/thumbnail/66fe7ff0da852-1726836134610.jpg.jpg',	'PPT'),
(572,	'Ppt',	'web_uploads/Physics/Physical Quantities and Measurement_06c2a00d89f0d2c848ffb06b8c3dbe5e.pptx',	2,	1,	1,	7,	'2024-10-04 11:55:08',	'2024-10-04 11:55:08',	NULL,	'web_uploads/thumbnail/66ffd79cde5b5-1726836134610.jpg.jpg',	'PPT'),
(573,	'Flash',	'web_uploads/Biology/movie_3ba8059e37ebf2fb61dae5eaf34fcbfe.swf',	1,	1,	3,	26,	'2024-10-14 10:59:57',	'2024-10-14 10:59:57',	NULL,	'web_uploads/thumbnail/66f28b7eccb80-oie_j9YrSaCJYU1h.gif.gif',	'tree'),
(574,	'Pdf',	'web_uploads/Biology/Work Sheet 2(MCQS) without answers Bio  09 Chapter 1 introduction to biology_c63b08c4cc4c9accbeac3b40eec999fd.pdf',	1,	1,	1,	18,	'2024-10-15 10:37:55',	'2024-10-15 10:37:55',	NULL,	'web_uploads/thumbnail/670e460338d01-worksheet.gif.gif',	'MCQ\'s Worksheet'),
(578,	'Pdf',	'web_uploads/Biology/Work Sheet 2(MCQS) without answers Bio  09 Chapter 1 introduction to biology_c63b08c4cc4c9accbeac3b40eec999fd.pdf',	1,	1,	2,	18,	'2024-10-15 10:56:50',	'2024-10-15 10:56:50',	NULL,	'web_uploads/thumbnail/670e460338d01-worksheet.gif.gif',	'MCQ\'s Worksheet');

DROP TABLE IF EXISTS `tcourse`;
CREATE TABLE `tcourse` (
  `id` int(11) NOT NULL AUTO_INCREMENT,
  `course_name` varchar(255) NOT NULL,
  `updated_at` timestamp NOT NULL DEFAULT current_timestamp() ON UPDATE current_timestamp(),
  `created_at` timestamp NOT NULL DEFAULT current_timestamp(),
  `thumbnail` varchar(500) DEFAULT NULL,
  PRIMARY KEY (`id`)
) ENGINE=MyISAM DEFAULT CHARSET=latin1 COLLATE=latin1_swedish_ci;

INSERT INTO `tcourse` (`id`, `course_name`, `updated_at`, `created_at`, `thumbnail`) VALUES
(1,	'Biology',	'2024-05-28 13:19:21',	'2024-01-30 17:15:34',	'6655a199ebc94.jpg'),
(2,	'Physics',	'2024-05-28 13:19:39',	'2024-01-30 17:15:39',	'6655a1ab4a79c.jpg'),
(3,	'Mathematics',	'2024-05-28 13:19:52',	'2024-01-30 17:15:44',	'6655a1b85cb41.jpg'),
(4,	'Chemistry',	'2024-05-28 13:20:05',	'2024-01-30 17:16:03',	'6655a1c5da8d0.jpg');

DROP TABLE IF EXISTS `teachers`;
CREATE TABLE `teachers` (
  `id` bigint(20) NOT NULL AUTO_INCREMENT,
  `name` varchar(255) NOT NULL,
  `password` varchar(255) NOT NULL,
  `school_id` bigint(20) NOT NULL,
  `updated_at` timestamp NOT NULL DEFAULT current_timestamp() ON UPDATE current_timestamp(),
  `created_at` timestamp NOT NULL DEFAULT current_timestamp(),
  PRIMARY KEY (`id`),
  UNIQUE KEY `name` (`name`),
  KEY `teachers_school_id_school_id` (`school_id`)
) ENGINE=InnoDB DEFAULT CHARSET=latin1 COLLATE=latin1_swedish_ci;

INSERT INTO `teachers` (`id`, `name`, `password`, `school_id`, `updated_at`, `created_at`) VALUES
(16,	'saima',	'$2y$12$.N99V8qGrzGLdA4lGXfeheZGld8t57VeUlHzkburuvq.TL.y8eAO2',	5,	'2024-01-15 16:53:15',	'2024-01-15 16:53:15'),
(23,	'ali',	'$2y$12$xce/s352FSWq2dYnL5ym3uMXM3BZqsxg13XYAiW1vTJC8EwxcAL9m',	7,	'2024-05-09 13:40:59',	'2024-05-09 13:40:59'),
(24,	'tec_saima',	'$2y$12$yv.7kWIDm3bZAjjw1eao/eZarhAS5sZdvGco/PvLR4gM0CaUGXWS2',	8,	'2024-07-27 11:10:20',	'2024-07-27 11:10:20'),
(25,	'tec_saimataj',	'$2y$12$tlxfhAAjng.SHQqFywWLeesIlYC1fnPSF4ZayuRhEu50ZF3fDmv0i',	8,	'2024-07-27 11:11:29',	'2024-07-27 11:11:29'),
(26,	'tec_nimra',	'$2y$12$L0JOILIMmhtyNicsdDKwjO/3gEPrumGazK6N0Gz6rjIsd5oHHx8Hq',	8,	'2024-07-27 11:12:08',	'2024-07-27 11:12:08'),
(27,	'tec_iqra',	'$2y$12$1uU370v1I7Vf.UbTnLacSeTCZ.uXPtS9xqYG8mR6b5bHC3fCIYJB.',	8,	'2024-07-27 11:12:35',	'2024-07-27 11:12:35'),
(28,	'tec_maria',	'$2y$12$sQ2wWETJpZuwYeTb87Ka8.esf5lOEJuK5ZfW3HDXxOPlqYTKo8QyO',	8,	'2024-07-27 11:13:05',	'2024-07-27 11:13:05'),
(29,	'tec_sumreen',	'$2y$12$3/vK6k3JPckxqs1Cs69Xf.xP9UVNY3PZwndPFt9W/WEmzZXy3pAJW',	8,	'2024-07-27 11:13:41',	'2024-07-27 11:13:41'),
(30,	'tec_sumiya',	'$2y$12$hhY5VXwMOkhk4Vd5HYbDnuEUJheRwXrMK9XReX54lNpi94pFurQ/S',	8,	'2024-07-27 11:14:01',	'2024-07-27 11:14:01'),
(31,	'tec_hammna',	'$2y$12$3nIy0qD3Sn/FhAmtcUVFEuUk3NmUmL0idoNLeFvWlQr694sXDSvyy',	8,	'2024-07-27 11:14:29',	'2024-07-27 11:14:29'),
(32,	'tec_laiba',	'$2y$12$wkYRi0.b8gQ/M.ZdemCrkuI768yGI9dyjBjd6jbhmh4Bkbu8Ce3.6',	8,	'2024-07-27 11:14:55',	'2024-07-27 11:14:55'),
(33,	'tec_ahsan',	'$2y$12$y7.TQeH5krqXPynj9gHICOKPUTCpkCEFTVJvCgzU2vAeXtN/uyuca',	8,	'2024-07-27 11:15:18',	'2024-07-27 11:15:18'),
(34,	'tec_umair',	'$2y$12$PLimnBlAC2MwRHGH2UL34eY2ZLVQKOHQgZYgNZzoQC5o0SC0IbfAG',	8,	'2024-07-27 11:16:30',	'2024-07-27 11:16:30'),
(35,	'tec_dawood',	'$2y$12$vR7VFVO/HuOzdNnMmh86luNOMW7N39AMMG2fzDl0ysogEXleB8oyi',	8,	'2024-07-27 11:16:53',	'2024-07-27 11:16:53'),
(36,	'tec_aliza',	'$2y$12$Q.knk8k/ktOJTcEwfD5w3uELcl2gdqerk.SuNbT0zMVmF1P2QLy8.',	8,	'2024-07-27 11:17:20',	'2024-07-27 11:17:20'),
(37,	'tec_saimafawad',	'$2y$12$KiIRGdlm0STeQt4N5456E./Hpgola3n2EHGcke/U5Tnyll44dLRP.',	8,	'2024-08-13 06:51:41',	'2024-08-13 06:51:41'),
(38,	'tec_shazia',	'$2y$12$mdRXOuoQfz062TwD9kUsKuKoLn4F.OL2n79f7a4s.VzVZvAvanA8i',	8,	'2024-08-13 06:51:55',	'2024-08-13 06:51:55'),
(41,	'aqsamalkani',	'$2y$12$NOqB5XQKGYRLIVISJ83oMuCzqtCjUJ2RswvT6/Yp1RPCNn66UkoDS',	9,	'2024-09-21 05:43:03',	'2024-09-21 05:43:03'),
(42,	'saminakhan',	'$2y$12$De5qbdZDRCJkBWmGEiwtB.QJoBka3jqTwHnJn/ADylpd9GFpUra0a',	9,	'2024-09-21 06:11:54',	'2024-09-21 06:11:54'),
(43,	'nidamalik',	'$2y$12$DgklqE/vImnfT/Tn.ZBSKeO2TEk5P0E0QLHf19SItVKblxMbybP/m',	9,	'2024-09-21 06:12:24',	'2024-09-21 06:12:24'),
(44,	'nahal',	'$2y$12$5K3rEe3NSjK7eYvV.8FxMumkCKc.cF49eDyAS4MP8SNJXWywY7cQu',	9,	'2024-09-21 06:12:44',	'2024-09-21 06:12:44'),
(45,	'humajameel',	'$2y$12$1K5TeGJH5dI2D3UBLtSW1.oMCDCqrmH/2lzJtgeuWitK2Hk90tMWu',	9,	'2024-09-21 06:13:06',	'2024-09-21 06:13:06'),
(46,	'maheerakhan',	'$2y$12$CN3IeC5d6u1LIatSN4jJieMOcXp5kA/dN5wFPVIEBdWOt1frpf1bS',	9,	'2024-09-21 06:13:31',	'2024-09-21 06:13:31'),
(47,	'alizamohsin',	'$2y$12$HhtHNEHY12OAbD/tq7066.lZi81hrqLWHBoQPKyjk/HB1nFcbhzAi',	9,	'2024-09-21 06:14:34',	'2024-09-21 06:14:34'),
(48,	'mehwishrafi',	'$2y$12$9pbc1n3ajV2xQfmjv.7ZA.EDN22WcvUq.7X5vjNCF0sz8Barb1Sn2',	9,	'2024-09-21 06:14:57',	'2024-09-21 06:14:57'),
(49,	'mahamsaleem',	'$2y$12$Ju.F6M9Zp8h2QUgR39mye..2RwK7Psavmv3E3U6pTqmvNJgs1hozq',	9,	'2024-09-21 06:15:21',	'2024-09-21 06:15:21'),
(50,	'osamalakhani',	'$2y$12$96fpSHekzEDuBnz.ERkKSOlyYMZq./p4IwS9Iox5E7O.ZsV0vm/vi',	9,	'2024-09-21 06:15:40',	'2024-09-21 06:15:40'),
(51,	'hirahanif',	'$2y$12$8MJth4Y29aHqk2bHhjFq2uuqxj.alrsutSXmCnKILt2DyFqGJn76.',	9,	'2024-09-21 06:16:02',	'2024-09-21 06:16:02'),
(52,	'wardahaziz',	'$2y$12$fKqtb5gobo6UhPB2N2.d7elz4JqeJMjmrSCADsp8Myp646QyhTvMC',	9,	'2024-09-21 06:16:23',	'2024-09-21 06:16:23'),
(53,	'seemaadnan',	'$2y$12$Mec4JLtQXYaYfi7pq/zRnuGTcO7va4bri66/Y4k8DdpY.ZwQ5H3E2',	9,	'2024-09-21 06:16:44',	'2024-09-21 06:16:44'),
(54,	'MISS KAINAT',	'$2y$12$f9zdR2iOtruTmjnooeu2iO6ErQy06.q6Xu4YeMZ6EGV5F/1m5UtPy',	8,	'2024-10-04 10:29:07',	'2024-10-04 10:29:07'),
(55,	'sana',	'$2y$12$UJfzW8wNZi697bPLNAwwfONsM4UnF/1OewthsWC9Q8nlmtHMmqILy',	10,	'2024-10-04 10:39:13',	'2024-10-04 10:39:13'),
(56,	'zara',	'$2y$12$OBA9lqpnArg1TKijNKrCAuPAr/vbjrM2xjHa88Tk6bZDA/a8pvQMO',	10,	'2024-10-04 10:39:26',	'2024-10-04 10:39:26'),
(57,	'hina',	'$2y$12$NJyzLGOIJqo1S6JRzPHPL.q8tA7XHlN4ip/1W58HlL6YBH9mlOBaS',	10,	'2024-10-04 10:39:48',	'2024-10-04 10:39:48'),
(58,	'Test',	'$2y$12$oGrPfCk.TsKK75Mwgg2ciuh5jY49Yx7PHOUxFcaJUHnJ1ArsGVH2.',	8,	'2024-10-16 11:13:52',	'2024-10-16 11:13:52');

DROP TABLE IF EXISTS `teacher_classes`;
CREATE TABLE `teacher_classes` (
  `id` bigint(20) NOT NULL AUTO_INCREMENT,
  `teacher_id` bigint(20) NOT NULL,
  `school_id` bigint(20) NOT NULL,
  `class_id` bigint(20) NOT NULL,
  `updated_at` timestamp NOT NULL DEFAULT current_timestamp() ON UPDATE current_timestamp(),
  `created_at` timestamp NOT NULL DEFAULT current_timestamp(),
  `course_id` bigint(20) DEFAULT NULL,
  PRIMARY KEY (`id`)
) ENGINE=InnoDB DEFAULT CHARSET=latin1 COLLATE=latin1_swedish_ci;

INSERT INTO `teacher_classes` (`id`, `teacher_id`, `school_id`, `class_id`, `updated_at`, `created_at`, `course_id`) VALUES
(97,	16,	5,	18,	'2024-01-15 17:00:34',	'2024-01-15 17:00:34',	18),
(98,	16,	5,	19,	'2024-01-15 17:00:38',	'2024-01-15 17:00:38',	18),
(99,	16,	5,	20,	'2024-01-15 17:00:42',	'2024-01-15 17:00:42',	18),
(100,	16,	5,	21,	'2024-01-15 17:00:53',	'2024-01-15 17:00:53',	18),
(112,	18,	6,	25,	'2024-03-19 09:49:43',	'2024-03-19 09:49:43',	21),
(113,	18,	6,	26,	'2024-03-19 09:49:47',	'2024-03-19 09:49:47',	21),
(114,	18,	6,	28,	'2024-03-19 09:49:51',	'2024-03-19 09:49:51',	21),
(115,	18,	6,	29,	'2024-03-19 09:49:57',	'2024-03-19 09:49:57',	21),
(116,	19,	6,	25,	'2024-03-19 09:52:57',	'2024-03-19 09:52:57',	22),
(117,	19,	6,	26,	'2024-03-19 09:53:01',	'2024-03-19 09:53:01',	22),
(118,	19,	6,	28,	'2024-03-19 09:53:04',	'2024-03-19 09:53:04',	22),
(119,	19,	6,	29,	'2024-03-19 09:53:09',	'2024-03-19 09:53:09',	22),
(121,	20,	6,	25,	'2024-03-19 09:54:08',	'2024-03-19 09:54:08',	24),
(122,	20,	6,	26,	'2024-03-19 09:54:11',	'2024-03-19 09:54:11',	24),
(123,	20,	6,	28,	'2024-03-19 09:54:14',	'2024-03-19 09:54:14',	24),
(124,	20,	6,	29,	'2024-03-19 09:54:17',	'2024-03-19 09:54:17',	24),
(125,	21,	6,	25,	'2024-03-19 09:55:35',	'2024-03-19 09:55:35',	23),
(126,	21,	6,	26,	'2024-03-19 09:55:39',	'2024-03-19 09:55:39',	23),
(127,	21,	6,	28,	'2024-03-19 09:55:43',	'2024-03-19 09:55:43',	23),
(128,	21,	6,	29,	'2024-03-19 09:55:46',	'2024-03-19 09:55:46',	23),
(135,	23,	7,	30,	'2024-05-09 13:44:06',	'2024-05-09 13:44:06',	27),
(141,	24,	8,	36,	'2024-08-12 08:39:46',	'2024-08-12 08:39:46',	34),
(142,	24,	8,	37,	'2024-08-12 08:39:50',	'2024-08-12 08:39:50',	34),
(143,	24,	8,	38,	'2024-08-12 08:39:53',	'2024-08-12 08:39:53',	34),
(144,	24,	8,	39,	'2024-08-12 08:39:56',	'2024-08-12 08:39:56',	34),
(145,	25,	8,	31,	'2024-08-13 06:21:06',	'2024-08-13 06:21:06',	31),
(146,	25,	8,	31,	'2024-08-13 06:21:06',	'2024-08-13 06:21:06',	32),
(147,	25,	8,	31,	'2024-08-13 06:21:06',	'2024-08-13 06:21:06',	33),
(148,	25,	8,	31,	'2024-08-13 06:21:06',	'2024-08-13 06:21:06',	35),
(149,	25,	8,	31,	'2024-08-13 06:21:06',	'2024-08-13 06:21:06',	36),
(150,	25,	8,	31,	'2024-08-13 06:21:06',	'2024-08-13 06:21:06',	38),
(151,	25,	8,	31,	'2024-08-13 06:21:06',	'2024-08-13 06:21:06',	39),
(152,	26,	8,	31,	'2024-08-13 06:21:22',	'2024-08-13 06:21:22',	31),
(153,	26,	8,	31,	'2024-08-13 06:21:22',	'2024-08-13 06:21:22',	32),
(154,	26,	8,	31,	'2024-08-13 06:21:22',	'2024-08-13 06:21:22',	33),
(155,	26,	8,	31,	'2024-08-13 06:21:22',	'2024-08-13 06:21:22',	35),
(156,	26,	8,	31,	'2024-08-13 06:21:22',	'2024-08-13 06:21:22',	36),
(157,	26,	8,	31,	'2024-08-13 06:21:22',	'2024-08-13 06:21:22',	38),
(158,	26,	8,	31,	'2024-08-13 06:21:22',	'2024-08-13 06:21:22',	39),
(159,	27,	8,	35,	'2024-08-13 06:34:41',	'2024-08-13 06:34:41',	35),
(160,	27,	8,	35,	'2024-08-13 06:34:41',	'2024-08-13 06:34:41',	36),
(161,	27,	8,	36,	'2024-08-13 06:35:02',	'2024-08-13 06:35:02',	32),
(163,	27,	8,	36,	'2024-08-13 06:35:02',	'2024-08-13 06:35:02',	36),
(164,	28,	8,	37,	'2024-08-13 06:35:40',	'2024-08-13 06:35:40',	36),
(165,	28,	8,	38,	'2024-08-13 06:35:46',	'2024-08-13 06:35:46',	36),
(166,	28,	8,	39,	'2024-08-13 06:35:52',	'2024-08-13 06:35:52',	36),
(167,	28,	8,	40,	'2024-08-13 06:35:59',	'2024-08-13 06:35:59',	36),
(169,	28,	8,	41,	'2024-08-13 06:36:09',	'2024-08-13 06:36:09',	36),
(170,	28,	8,	42,	'2024-08-13 06:36:22',	'2024-08-13 06:36:22',	36),
(171,	28,	8,	43,	'2024-08-13 06:36:30',	'2024-08-13 06:36:30',	36),
(172,	29,	8,	40,	'2024-08-13 06:36:48',	'2024-08-13 06:36:48',	31),
(173,	29,	8,	41,	'2024-08-13 06:36:52',	'2024-08-13 06:36:52',	31),
(174,	29,	8,	42,	'2024-08-13 06:36:56',	'2024-08-13 06:36:56',	31),
(175,	29,	8,	43,	'2024-08-13 06:36:59',	'2024-08-13 06:36:59',	31),
(176,	29,	8,	44,	'2024-08-13 06:37:03',	'2024-08-13 06:37:03',	31),
(177,	30,	8,	38,	'2024-08-13 06:37:59',	'2024-08-13 06:37:59',	40),
(178,	29,	8,	44,	'2024-08-13 06:46:47',	'2024-08-13 06:46:47',	44),
(179,	30,	8,	38,	'2024-08-13 06:47:09',	'2024-08-13 06:47:09',	43),
(180,	30,	8,	39,	'2024-08-13 06:47:35',	'2024-08-13 06:47:35',	40),
(181,	30,	8,	40,	'2024-08-13 06:47:37',	'2024-08-13 06:47:37',	40),
(182,	30,	8,	41,	'2024-08-13 06:47:40',	'2024-08-13 06:47:40',	40),
(183,	30,	8,	42,	'2024-08-13 06:47:43',	'2024-08-13 06:47:43',	40),
(184,	31,	8,	36,	'2024-08-13 06:48:08',	'2024-08-13 06:48:08',	42),
(185,	31,	8,	37,	'2024-08-13 06:48:11',	'2024-08-13 06:48:11',	42),
(186,	31,	8,	38,	'2024-08-13 06:48:14',	'2024-08-13 06:48:14',	42),
(187,	31,	8,	39,	'2024-08-13 06:48:17',	'2024-08-13 06:48:17',	42),
(188,	31,	8,	40,	'2024-08-13 06:48:20',	'2024-08-13 06:48:20',	42),
(189,	31,	8,	41,	'2024-08-13 06:48:23',	'2024-08-13 06:48:23',	42),
(190,	31,	8,	42,	'2024-08-13 06:48:27',	'2024-08-13 06:48:27',	42),
(192,	32,	8,	36,	'2024-08-13 06:48:52',	'2024-08-13 06:48:52',	31),
(193,	32,	8,	37,	'2024-08-13 06:49:00',	'2024-08-13 06:49:00',	31),
(194,	32,	8,	37,	'2024-08-13 06:49:00',	'2024-08-13 06:49:00',	35),
(195,	32,	8,	38,	'2024-08-13 06:49:06',	'2024-08-13 06:49:06',	31),
(196,	32,	8,	39,	'2024-08-13 06:49:11',	'2024-08-13 06:49:11',	31),
(197,	34,	8,	42,	'2024-08-13 06:49:50',	'2024-08-13 06:49:50',	33),
(198,	34,	8,	41,	'2024-08-13 06:49:53',	'2024-08-13 06:49:53',	33),
(199,	34,	8,	43,	'2024-08-13 06:49:57',	'2024-08-13 06:49:57',	33),
(200,	34,	8,	44,	'2024-08-13 06:50:00',	'2024-08-13 06:50:00',	33),
(201,	36,	8,	37,	'2024-08-13 06:50:47',	'2024-08-13 06:50:47',	41),
(202,	36,	8,	38,	'2024-08-13 06:50:51',	'2024-08-13 06:50:51',	41),
(203,	36,	8,	39,	'2024-08-13 06:50:54',	'2024-08-13 06:50:54',	41),
(204,	36,	8,	40,	'2024-08-13 06:50:57',	'2024-08-13 06:50:57',	41),
(205,	36,	8,	41,	'2024-08-13 06:51:00',	'2024-08-13 06:51:00',	41),
(206,	36,	8,	42,	'2024-08-13 06:51:03',	'2024-08-13 06:51:03',	41),
(207,	35,	8,	44,	'2024-08-13 06:51:23',	'2024-08-13 06:51:23',	41),
(208,	38,	8,	37,	'2024-08-13 06:52:15',	'2024-08-13 06:52:15',	32),
(209,	38,	8,	38,	'2024-08-13 06:52:18',	'2024-08-13 06:52:18',	32),
(210,	38,	8,	39,	'2024-08-13 06:52:22',	'2024-08-13 06:52:22',	32),
(211,	38,	8,	40,	'2024-08-13 06:52:27',	'2024-08-13 06:52:27',	32),
(212,	38,	8,	41,	'2024-08-13 06:52:30',	'2024-08-13 06:52:30',	32),
(213,	38,	8,	42,	'2024-08-13 06:52:33',	'2024-08-13 06:52:33',	32),
(214,	38,	8,	43,	'2024-08-13 06:52:35',	'2024-08-13 06:52:35',	32),
(215,	37,	8,	35,	'2024-08-13 06:53:56',	'2024-08-13 06:53:56',	33),
(216,	37,	8,	36,	'2024-08-13 06:53:59',	'2024-08-13 06:53:59',	33),
(217,	37,	8,	37,	'2024-08-13 06:54:04',	'2024-08-13 06:54:04',	33),
(218,	37,	8,	38,	'2024-08-13 06:54:07',	'2024-08-13 06:54:07',	33),
(219,	37,	8,	39,	'2024-08-13 06:54:10',	'2024-08-13 06:54:10',	33),
(220,	37,	8,	40,	'2024-08-13 06:54:12',	'2024-08-13 06:54:12',	33),
(221,	39,	9,	45,	'2024-09-19 10:03:24',	'2024-09-19 10:03:24',	45),
(222,	39,	9,	45,	'2024-09-19 10:03:24',	'2024-09-19 10:03:24',	46),
(223,	39,	9,	45,	'2024-09-19 10:03:24',	'2024-09-19 10:03:24',	47),
(224,	39,	9,	45,	'2024-09-19 10:03:24',	'2024-09-19 10:03:24',	48),
(225,	39,	9,	45,	'2024-09-19 10:03:24',	'2024-09-19 10:03:24',	51),
(228,	40,	9,	47,	'2024-09-19 10:04:57',	'2024-09-19 10:04:57',	47),
(229,	40,	9,	47,	'2024-09-19 10:04:57',	'2024-09-19 10:04:57',	48),
(230,	40,	9,	47,	'2024-09-19 10:04:57',	'2024-09-19 10:04:57',	51),
(244,	41,	9,	49,	'2024-09-24 05:39:11',	'2024-09-24 05:39:11',	45),
(245,	41,	9,	49,	'2024-09-24 05:39:11',	'2024-09-24 05:39:11',	46),
(246,	41,	9,	49,	'2024-09-24 05:39:11',	'2024-09-24 05:39:11',	53),
(247,	41,	9,	49,	'2024-09-24 05:39:11',	'2024-09-24 05:39:11',	54),
(248,	42,	9,	50,	'2024-09-24 05:39:38',	'2024-09-24 05:39:38',	45),
(249,	42,	9,	50,	'2024-09-24 05:39:38',	'2024-09-24 05:39:38',	46),
(250,	42,	9,	50,	'2024-09-24 05:39:38',	'2024-09-24 05:39:38',	53),
(251,	42,	9,	50,	'2024-09-24 05:39:38',	'2024-09-24 05:39:38',	54),
(252,	43,	9,	51,	'2024-09-24 05:40:15',	'2024-09-24 05:40:15',	45),
(253,	43,	9,	51,	'2024-09-24 05:40:15',	'2024-09-24 05:40:15',	46),
(254,	43,	9,	51,	'2024-09-24 05:40:15',	'2024-09-24 05:40:15',	53),
(255,	43,	9,	51,	'2024-09-24 05:40:15',	'2024-09-24 05:40:15',	54),
(256,	44,	9,	52,	'2024-09-24 05:57:48',	'2024-09-24 05:57:48',	45),
(257,	44,	9,	52,	'2024-09-24 05:57:48',	'2024-09-24 05:57:48',	46),
(258,	44,	9,	52,	'2024-09-24 05:57:48',	'2024-09-24 05:57:48',	49),
(259,	44,	9,	52,	'2024-09-24 05:57:48',	'2024-09-24 05:57:48',	51),
(260,	44,	9,	52,	'2024-09-24 05:57:48',	'2024-09-24 05:57:48',	52),
(261,	44,	9,	52,	'2024-09-24 05:57:48',	'2024-09-24 05:57:48',	55),
(262,	44,	9,	57,	'2024-09-24 06:53:46',	'2024-09-24 06:53:46',	45),
(263,	44,	9,	57,	'2024-09-24 06:53:46',	'2024-09-24 06:53:46',	46),
(264,	44,	9,	57,	'2024-09-24 06:53:46',	'2024-09-24 06:53:46',	49),
(265,	44,	9,	57,	'2024-09-24 06:53:46',	'2024-09-24 06:53:46',	51),
(266,	44,	9,	57,	'2024-09-24 06:53:46',	'2024-09-24 06:53:46',	52),
(267,	44,	9,	57,	'2024-09-24 06:53:46',	'2024-09-24 06:53:46',	55),
(268,	45,	9,	58,	'2024-09-24 06:54:18',	'2024-09-24 06:54:18',	45),
(269,	45,	9,	58,	'2024-09-24 06:54:18',	'2024-09-24 06:54:18',	46),
(270,	45,	9,	58,	'2024-09-24 06:54:18',	'2024-09-24 06:54:18',	49),
(271,	45,	9,	58,	'2024-09-24 06:54:18',	'2024-09-24 06:54:18',	51),
(272,	45,	9,	58,	'2024-09-24 06:54:18',	'2024-09-24 06:54:18',	52),
(273,	45,	9,	58,	'2024-09-24 06:54:18',	'2024-09-24 06:54:18',	55),
(274,	46,	9,	59,	'2024-09-24 06:55:06',	'2024-09-24 06:55:06',	45),
(275,	46,	9,	59,	'2024-09-24 06:55:06',	'2024-09-24 06:55:06',	46),
(276,	46,	9,	59,	'2024-09-24 06:55:06',	'2024-09-24 06:55:06',	49),
(277,	46,	9,	59,	'2024-09-24 06:55:06',	'2024-09-24 06:55:06',	52),
(278,	46,	9,	59,	'2024-09-24 06:55:06',	'2024-09-24 06:55:06',	55),
(279,	47,	9,	49,	'2024-09-24 06:55:42',	'2024-09-24 06:55:42',	47),
(280,	47,	9,	50,	'2024-09-24 06:55:48',	'2024-09-24 06:55:48',	47),
(281,	47,	9,	51,	'2024-09-24 06:55:53',	'2024-09-24 06:55:53',	47),
(282,	48,	9,	59,	'2024-09-24 06:56:16',	'2024-09-24 06:56:16',	47),
(283,	48,	9,	60,	'2024-09-24 06:56:23',	'2024-09-24 06:56:23',	47),
(284,	48,	9,	61,	'2024-09-24 06:56:27',	'2024-09-24 06:56:27',	47),
(285,	48,	9,	62,	'2024-09-24 06:56:31',	'2024-09-24 06:56:31',	47),
(286,	49,	9,	49,	'2024-09-24 06:57:25',	'2024-09-24 06:57:25',	56),
(287,	49,	9,	50,	'2024-09-24 06:57:28',	'2024-09-24 06:57:28',	56),
(288,	49,	9,	51,	'2024-09-24 06:57:31',	'2024-09-24 06:57:31',	56),
(289,	49,	9,	57,	'2024-09-24 06:57:34',	'2024-09-24 06:57:34',	56),
(290,	49,	9,	58,	'2024-09-24 06:57:37',	'2024-09-24 06:57:37',	56),
(291,	49,	9,	59,	'2024-09-24 06:57:40',	'2024-09-24 06:57:40',	56),
(292,	49,	9,	60,	'2024-09-24 06:57:45',	'2024-09-24 06:57:45',	56),
(293,	49,	9,	61,	'2024-09-24 06:57:48',	'2024-09-24 06:57:48',	56),
(294,	49,	9,	62,	'2024-09-24 06:57:54',	'2024-09-24 06:57:54',	56),
(295,	50,	9,	60,	'2024-09-24 06:58:23',	'2024-09-24 06:58:23',	46),
(296,	50,	9,	61,	'2024-09-24 06:58:26',	'2024-09-24 06:58:26',	46),
(297,	50,	9,	62,	'2024-09-24 06:58:29',	'2024-09-24 06:58:29',	46),
(298,	51,	9,	50,	'2024-09-24 06:59:40',	'2024-09-24 06:59:40',	57),
(300,	52,	9,	60,	'2024-09-24 07:00:14',	'2024-09-24 07:00:14',	45),
(301,	52,	9,	60,	'2024-09-24 07:00:14',	'2024-09-24 07:00:14',	52),
(302,	52,	9,	61,	'2024-09-24 07:00:28',	'2024-09-24 07:00:28',	45),
(303,	52,	9,	61,	'2024-09-24 07:00:28',	'2024-09-24 07:00:28',	52),
(304,	52,	9,	62,	'2024-09-24 07:00:32',	'2024-09-24 07:00:32',	45),
(305,	52,	9,	62,	'2024-09-24 07:00:32',	'2024-09-24 07:00:32',	52),
(306,	53,	9,	60,	'2024-09-24 07:01:11',	'2024-09-24 07:01:11',	49),
(307,	53,	9,	60,	'2024-09-24 07:01:11',	'2024-09-24 07:01:11',	51),
(308,	53,	9,	60,	'2024-09-24 07:01:11',	'2024-09-24 07:01:11',	55),
(309,	53,	9,	61,	'2024-09-24 07:01:21',	'2024-09-24 07:01:21',	49),
(310,	53,	9,	61,	'2024-09-24 07:01:21',	'2024-09-24 07:01:21',	51),
(311,	53,	9,	61,	'2024-09-24 07:01:21',	'2024-09-24 07:01:21',	55),
(312,	53,	9,	62,	'2024-09-24 07:01:42',	'2024-09-24 07:01:42',	49),
(313,	53,	9,	62,	'2024-09-24 07:01:42',	'2024-09-24 07:01:42',	55),
(314,	32,	8,	35,	'2024-10-01 06:47:34',	'2024-10-01 06:47:34',	31),
(315,	55,	10,	67,	'2024-10-04 10:41:30',	'2024-10-04 10:41:30',	58),
(316,	55,	10,	68,	'2024-10-04 10:41:37',	'2024-10-04 10:41:37',	58),
(317,	55,	10,	69,	'2024-10-04 10:41:40',	'2024-10-04 10:41:40',	58),
(318,	55,	10,	70,	'2024-10-04 10:41:43',	'2024-10-04 10:41:43',	58),
(319,	56,	10,	67,	'2024-10-04 10:41:57',	'2024-10-04 10:41:57',	59),
(320,	56,	10,	68,	'2024-10-04 10:42:00',	'2024-10-04 10:42:00',	59),
(321,	56,	10,	69,	'2024-10-04 10:42:03',	'2024-10-04 10:42:03',	59),
(322,	56,	10,	70,	'2024-10-04 10:42:06',	'2024-10-04 10:42:06',	59),
(323,	57,	10,	67,	'2024-10-04 10:42:20',	'2024-10-04 10:42:20',	60),
(324,	57,	10,	68,	'2024-10-04 10:42:23',	'2024-10-04 10:42:23',	60),
(325,	57,	10,	69,	'2024-10-04 10:42:26',	'2024-10-04 10:42:26',	60),
(326,	57,	10,	70,	'2024-10-04 10:42:29',	'2024-10-04 10:42:29',	60),
(328,	58,	8,	35,	'2024-10-16 12:30:06',	'2024-10-16 12:30:06',	31);

DROP TABLE IF EXISTS `teacher_content`;
CREATE TABLE `teacher_content` (
  `id` bigint(20) NOT NULL AUTO_INCREMENT,
  `school_id` bigint(20) NOT NULL,
  `class_id` bigint(20) NOT NULL,
  `teacher_id` bigint(20) NOT NULL,
  `course_id` bigint(20) NOT NULL,
  `content_type` varchar(255) DEFAULT NULL,
  `content_link` varchar(500) DEFAULT NULL,
  `updated_at` timestamp NOT NULL DEFAULT current_timestamp() ON UPDATE current_timestamp(),
  `created_at` timestamp NOT NULL DEFAULT current_timestamp(),
  `thumbnail` varchar(500) DEFAULT NULL,
  PRIMARY KEY (`id`)
) ENGINE=MyISAM DEFAULT CHARSET=latin1 COLLATE=latin1_swedish_ci;

INSERT INTO `teacher_content` (`id`, `school_id`, `class_id`, `teacher_id`, `course_id`, `content_type`, `content_link`, `updated_at`, `created_at`, `thumbnail`) VALUES
(2,	1,	1,	3,	0,	'Flash',	'web_uploads/school_teacher_content/6628c317a44c2-Numbers Classification.swf.swf',	'2024-04-24 12:30:15',	'2024-04-24 12:30:15',	'web_uploads/school_teacher_content/thumbnail/6628c317a56e4-Untitled design (8).gif.gif'),
(5,	8,	37,	36,	0,	'Web',	'web_uploads/school_teacher_content/66fb8cb9e5cc1-download (18).png.png',	'2024-10-01 05:46:34',	'2024-10-01 05:46:34',	'web_uploads/school_teacher_content/thumbnail/66fb8cb9e5ed0-untitle.jpg - Copy (2).gif.gif'),
(12,	8,	31,	26,	0,	'Web',	'web_uploads/school_teacher_content/66fb9a2be1340-gif.gif.gif',	'2024-10-01 06:43:55',	'2024-10-01 06:43:55',	'web_uploads/school_teacher_content/thumbnail/66fb9a2be213b-30906.jpg.jpg'),
(10,	8,	35,	24,	0,	'Web',	'web_uploads/school_teacher_content/66fb947a4d84b-gif.gif.gif',	'2024-10-01 06:19:38',	'2024-10-01 06:19:38',	'web_uploads/school_teacher_content/thumbnail/66fb947a4e698-30906.jpg.jpg'),
(11,	8,	36,	24,	0,	'Pdf',	'web_uploads/school_teacher_content/66fb9947169bd-word.pdf.pdf',	'2024-10-01 06:40:07',	'2024-10-01 06:40:07',	'web_uploads/school_teacher_content/thumbnail/66fb994716e18-30906.jpg.jpg'),
(8,	8,	31,	25,	0,	'Web',	'web_uploads/school_teacher_content/66fb8ebc92243-gif.gif.gif',	'2024-10-01 05:55:08',	'2024-10-01 05:55:08',	'web_uploads/school_teacher_content/thumbnail/66fb8ebc92eaf-gif.gif.gif'),
(9,	8,	31,	25,	0,	'Pdf',	'web_uploads/school_teacher_content/66fb8ef414fd5-word.pdf.pdf',	'2024-10-01 05:56:04',	'2024-10-01 05:56:04',	'web_uploads/school_teacher_content/thumbnail/66fb8ef415404-30906.jpg.jpg'),
(13,	8,	35,	27,	0,	'Web',	'web_uploads/school_teacher_content/66fb9cee6a511-gif.gif.gif',	'2024-10-01 06:55:42',	'2024-10-01 06:55:42',	'web_uploads/school_teacher_content/thumbnail/66fb9cee6b2dc-30906.jpg.jpg'),
(14,	8,	42,	28,	0,	'Web',	'web_uploads/school_teacher_content/66fcc1c875359-gif.gif.gif',	'2024-10-02 03:45:12',	'2024-10-02 03:45:12',	'web_uploads/school_teacher_content/thumbnail/66fcc1c876128-30906.jpg.jpg'),
(15,	10,	68,	56,	0,	'Web',	'web_uploads/school_teacher_content/66ffc7e725e22-picture.jpg.jpg',	'2024-10-04 10:48:07',	'2024-10-04 10:48:07',	'web_uploads/school_teacher_content/thumbnail/66ffc7e72602f-out.png.png'),
(16,	10,	67,	57,	0,	'Pdf',	'web_uploads/school_teacher_content/66ffc8bfdb3a9-Book1.pdf.pdf',	'2024-10-04 10:51:43',	'2024-10-04 10:51:43',	'web_uploads/school_teacher_content/thumbnail/66ffc8bfdb6df-out.png.png'),
(17,	10,	68,	56,	0,	'Pdf',	'web_uploads/school_teacher_content/66ffc92a39100-DEMO.pdf.pdf',	'2024-10-04 10:53:30',	'2024-10-04 10:53:30',	'web_uploads/school_teacher_content/thumbnail/66ffc92a39367-out.png.png'),
(18,	10,	70,	56,	0,	'Pdf',	'web_uploads/school_teacher_content/66ffcddca2a49-DEMO.pdf.pdf',	'2024-10-04 11:13:32',	'2024-10-04 11:13:32',	'web_uploads/school_teacher_content/thumbnail/66ffcddca2c55-picture.jpg.jpg'),
(19,	10,	69,	56,	0,	'Pdf',	'web_uploads/school_teacher_content/66ffcff8200a9-DEMO.pdf.pdf',	'2024-10-04 11:22:32',	'2024-10-04 11:22:32',	'web_uploads/school_teacher_content/thumbnail/66ffcff820289-picture.jpg.jpg'),
(20,	10,	69,	56,	0,	'Web',	'web_uploads/school_teacher_content/66ffd0f09d6d4-CG_Heart.gif.gif',	'2024-10-04 11:26:40',	'2024-10-04 11:26:40',	'web_uploads/school_teacher_content/thumbnail/66ffd0f09ec90-out.png.png');

DROP TABLE IF EXISTS `teacher_content_permission`;
CREATE TABLE `teacher_content_permission` (
  `id` bigint(20) NOT NULL AUTO_INCREMENT,
  `teacher_id` bigint(20) NOT NULL,
  `board_id` bigint(20) NOT NULL,
  `class_id` bigint(20) NOT NULL,
  `course_id` bigint(20) NOT NULL,
  `updated_at` timestamp NOT NULL DEFAULT current_timestamp() ON UPDATE current_timestamp(),
  `created_at` timestamp NOT NULL DEFAULT current_timestamp(),
  PRIMARY KEY (`id`)
) ENGINE=MyISAM DEFAULT CHARSET=latin1 COLLATE=latin1_swedish_ci;

INSERT INTO `teacher_content_permission` (`id`, `teacher_id`, `board_id`, `class_id`, `course_id`, `updated_at`, `created_at`) VALUES
(17,	2,	1,	1,	3,	'2024-03-25 08:56:11',	'2024-03-25 08:56:11'),
(18,	2,	1,	1,	2,	'2024-03-25 08:56:41',	'2024-03-25 08:56:41'),
(19,	2,	1,	2,	2,	'2024-03-25 08:56:42',	'2024-03-25 08:56:42'),
(20,	2,	1,	3,	2,	'2024-03-25 08:56:43',	'2024-03-25 08:56:43'),
(21,	2,	1,	4,	2,	'2024-03-25 08:56:44',	'2024-03-25 08:56:44'),
(22,	23,	2,	1,	2,	'2024-05-09 13:42:21',	'2024-05-09 13:42:21');

DROP TABLE IF EXISTS `teacher_courses`;
CREATE TABLE `teacher_courses` (
  `id` bigint(20) NOT NULL AUTO_INCREMENT,
  `teacher_id` bigint(20) NOT NULL,
  `course_id` bigint(20) NOT NULL,
  `added_on` timestamp NOT NULL DEFAULT current_timestamp(),
  `updated_at` timestamp NOT NULL DEFAULT current_timestamp() ON UPDATE current_timestamp(),
  `created_at` timestamp NOT NULL DEFAULT current_timestamp(),
  PRIMARY KEY (`id`),
  KEY `teacher_courses_teacher_id_teachers_id` (`teacher_id`),
  KEY `teacher_courses_course_id_course_id` (`course_id`)
) ENGINE=InnoDB DEFAULT CHARSET=latin1 COLLATE=latin1_swedish_ci;


DROP TABLE IF EXISTS `term`;
CREATE TABLE `term` (
  `id` bigint(20) NOT NULL AUTO_INCREMENT,
  `title` varchar(255) NOT NULL,
  `total` int(11) NOT NULL,
  `updated_at` timestamp NOT NULL DEFAULT current_timestamp() ON UPDATE current_timestamp(),
  `created_at` timestamp NOT NULL DEFAULT current_timestamp(),
  `school_id` bigint(20) DEFAULT NULL,
  `class_id` bigint(20) DEFAULT NULL,
  `course_id` bigint(20) DEFAULT NULL,
  PRIMARY KEY (`id`),
  KEY `school_id` (`school_id`),
  CONSTRAINT `term_ibfk_1` FOREIGN KEY (`school_id`) REFERENCES `school` (`id`)
) ENGINE=InnoDB DEFAULT CHARSET=utf8mb4 COLLATE=utf8mb4_general_ci;

INSERT INTO `term` (`id`, `title`, `total`, `updated_at`, `created_at`, `school_id`, `class_id`, `course_id`) VALUES
(7,	'Assesment1',	25,	'2024-10-23 10:42:32',	'2024-10-23 10:42:32',	8,	35,	31),
(8,	'Mid',	50,	'2024-10-23 10:43:02',	'2024-10-23 10:43:02',	8,	35,	31);

DROP TABLE IF EXISTS `tlive_sessions`;
CREATE TABLE `tlive_sessions` (
  `id` int(11) NOT NULL AUTO_INCREMENT,
  `live_title` varchar(255) NOT NULL,
  `live_link` varchar(255) NOT NULL,
  `live_thumbnail` varchar(255) NOT NULL,
  `live_subtitle` varchar(255) NOT NULL,
  `updated_at` timestamp NOT NULL DEFAULT current_timestamp() ON UPDATE current_timestamp(),
  `created_at` timestamp NOT NULL DEFAULT current_timestamp(),
  `course_id` int(11) DEFAULT NULL,
  `board_id` int(11) DEFAULT NULL,
  PRIMARY KEY (`id`)
) ENGINE=MyISAM DEFAULT CHARSET=latin1 COLLATE=latin1_swedish_ci;

INSERT INTO `tlive_sessions` (`id`, `live_title`, `live_link`, `live_thumbnail`, `live_subtitle`, `updated_at`, `created_at`, `course_id`, `board_id`) VALUES
(5,	'Tec Online Session FCPSACS 07 August 2024 Garde IX (Sec A)',	'https://teconline.adobeconnect.com/rx42s14jabeg/',	'web_uploads/ecoaching/thumbnails/66b9c5b496094-bio.jpg.jpg',	'biology',	'2024-08-12 08:20:04',	'2024-08-12 08:20:04',	1,	1);

DROP TABLE IF EXISTS `trecorded_lectures`;
CREATE TABLE `trecorded_lectures` (
  `id` int(11) NOT NULL AUTO_INCREMENT,
  `rec_title` varchar(255) NOT NULL,
  `rec_link` varchar(500) DEFAULT NULL,
  `rec_thumbnail` varchar(255) NOT NULL,
  `rec_subtitle` varchar(255) NOT NULL,
  `updated_at` timestamp NOT NULL DEFAULT current_timestamp() ON UPDATE current_timestamp(),
  `created_at` timestamp NOT NULL DEFAULT current_timestamp(),
  PRIMARY KEY (`id`)
) ENGINE=MyISAM DEFAULT CHARSET=latin1 COLLATE=latin1_swedish_ci;

INSERT INTO `trecorded_lectures` (`id`, `rec_title`, `rec_link`, `rec_thumbnail`, `rec_subtitle`, `updated_at`, `created_at`) VALUES
(1,	'Introduction To Animal Cell',	'https://videos.tecdigital.live/biology/ix/Introduction%20to%20Animal%20Cell%20-%20Teaching%20Resource.html',	'recorded_Lecture/1706617893.jpg',	'Biology',	'2024-02-01 04:52:35',	'2024-01-30 17:31:33'),
(2,	'Cell cycle',	'https://videos.tecdigital.live/biology/ix/cardic-cycle.html',	'recorded_Lecture/1706618100.jpg',	'Biology',	'2024-02-01 04:53:08',	'2024-01-30 17:35:00'),
(3,	'Measurements',	'https://videos.tecdigital.live/physics/ix/measurement.html',	'recorded_Lecture/1706623865.jpg',	'Physics',	'2024-01-30 15:12:45',	'2024-01-30 19:11:05');

DROP TABLE IF EXISTS `ttime_table`;
CREATE TABLE `ttime_table` (
  `id` int(11) NOT NULL AUTO_INCREMENT,
  `course_name` varchar(255) NOT NULL,
  `date` date NOT NULL,
  `time` time NOT NULL,
  `updated_at` timestamp NOT NULL DEFAULT current_timestamp() ON UPDATE current_timestamp(),
  `created_at` timestamp NOT NULL DEFAULT current_timestamp(),
  `tcourse_id` int(11) DEFAULT NULL,
  `tclass_id` int(11) DEFAULT NULL,
  `tboard_id` int(11) DEFAULT NULL,
  PRIMARY KEY (`id`),
  KEY `tcourse_id` (`tcourse_id`),
  KEY `tclass_id` (`tclass_id`),
  KEY `tboard_id` (`tboard_id`)
) ENGINE=MyISAM DEFAULT CHARSET=latin1 COLLATE=latin1_swedish_ci;

INSERT INTO `ttime_table` (`id`, `course_name`, `date`, `time`, `updated_at`, `created_at`, `tcourse_id`, `tclass_id`, `tboard_id`) VALUES
(1,	'Biology',	'2024-01-22',	'08:45:00',	'2024-01-30 17:38:27',	'2024-01-30 17:38:27',	1,	1,	1),
(2,	'Biology',	'2024-01-30',	'08:45:00',	'2024-01-30 17:39:59',	'2024-01-30 17:39:59',	1,	1,	1),
(3,	'Chemistry',	'2024-01-30',	'09:20:00',	'2024-01-30 17:40:40',	'2024-01-30 17:40:40',	4,	1,	1),
(4,	'Mathematics',	'2024-01-30',	'10:00:00',	'2024-01-30 17:41:08',	'2024-01-30 17:41:08',	3,	1,	1),
(5,	'Physics',	'2024-01-30',	'10:40:00',	'2024-01-30 17:41:46',	'2024-01-30 17:41:46',	2,	1,	1);

DROP TABLE IF EXISTS `ttopics`;
CREATE TABLE `ttopics` (
  `id` int(11) NOT NULL AUTO_INCREMENT,
  `topic_title` varchar(255) NOT NULL,
  `tcourse_id` int(11) DEFAULT NULL,
  `tclass_id` int(11) DEFAULT NULL,
  `tchapter_id` int(11) DEFAULT NULL,
  `updated_at` timestamp NOT NULL DEFAULT current_timestamp() ON UPDATE current_timestamp(),
  `created_at` timestamp NOT NULL DEFAULT current_timestamp(),
  PRIMARY KEY (`id`),
  KEY `tchapter_id` (`tchapter_id`),
  KEY `ttopics_tclass_id_classid` (`tclass_id`),
  KEY `ttopics_tchapter_id_tchapterid` (`tcourse_id`)
) ENGINE=MyISAM DEFAULT CHARSET=latin1 COLLATE=latin1_swedish_ci;

INSERT INTO `ttopics` (`id`, `topic_title`, `tcourse_id`, `tclass_id`, `tchapter_id`, `updated_at`, `created_at`) VALUES
(1,	'Introduction',	1,	1,	1,	'2024-02-23 18:41:30',	'2024-02-23 18:41:30'),
(2,	'MCQ\'s',	1,	1,	1,	'2024-03-19 09:47:11',	'2024-03-19 09:47:11'),
(3,	'Worksheet Exercise # 01',	1,	1,	1,	'2024-03-19 09:55:43',	'2024-03-19 09:55:43'),
(4,	'Work Sheet 2( Exercise #02)',	1,	1,	1,	'2024-03-19 10:01:51',	'2024-03-19 10:01:51'),
(5,	'Work Sheet ( Exercise # 03)',	1,	1,	1,	'2024-03-19 10:05:28',	'2024-03-19 10:05:28'),
(6,	'MCQ\'s',	1,	1,	4,	'2024-03-19 10:09:37',	'2024-03-19 10:09:37'),
(7,	'Worksheet(Excercise)',	1,	1,	4,	'2024-03-19 10:12:00',	'2024-03-19 10:12:00'),
(8,	'Worksheet(Excercise 2)',	1,	1,	1,	'2024-03-19 10:13:53',	'2024-03-19 10:13:53'),
(9,	'Content',	1,	1,	5,	'2024-03-19 10:19:48',	'2024-03-19 10:19:48'),
(10,	'3.1 Definition and Introduction to Biodiversity',	1,	1,	5,	'2024-03-19 10:31:47',	'2024-03-19 10:31:47'),
(11,	'3.2 Aims and Principles of Classification',	1,	1,	5,	'2024-03-19 10:32:41',	'2024-03-19 10:32:41'),
(12,	'3.3 History of Classification System',	-1,	1,	NULL,	'2024-03-19 10:35:47',	'2024-03-19 10:35:47'),
(13,	'3.3 History of Classification System 3.3.1 Two Kingdom Classification System 3.3.2 Three Kingdom Classification system 3.3.3 Five Classification  System',	1,	1,	5,	'2024-03-19 10:37:28',	'2024-03-19 10:37:28'),
(14,	'3.4 The Five Kingdoms',	1,	1,	5,	'2024-03-19 10:38:08',	'2024-03-19 10:38:08'),
(15,	'3.5 Binomial Nomenclature',	1,	1,	5,	'2024-03-19 10:39:00',	'2024-03-19 10:39:00'),
(16,	'3.6 Conversation of Biodiversity',	1,	1,	5,	'2024-03-19 10:39:45',	'2024-03-19 10:39:45'),
(17,	'types',	3,	1,	9,	'2024-03-25 09:37:36',	'2024-03-25 09:37:36'),
(18,	'ABCghhhhhhhhhhh fhhhhhhhhhhhhhhhg fgggggggggggggggggggggggggggggggggggggggggggg ghhhhhhhhhhhhhhhhhhhhhhhhhhhhhhhhhhhhhhhhhhhhhhhhhhhhhhhhhhhhhh ghhhhhhhhhhhh F = mV 121',	2,	1,	7,	'2024-05-09 13:26:54',	'2024-05-09 13:26:54');

-- 2024-11-03 08:29:06
